2026-06-01 17:25:48,679 [INFO] main: Starting Fisch Macro...
2026-06-01 17:25:49,317 [WARNING] main: Accessibility permissions not granted! The macro will not be able to simulate mouse clicks or listen for hotkeys.
2026-06-01 17:25:49,317 [INFO] main: Initializing configuration...
2026-06-01 17:25:49,317 [INFO] main: Initializing window tracker...
2026-06-01 17:25:49,317 [INFO] main: Initializing detector...
2026-06-01 17:25:49,317 [INFO] main: Initializing controller...
2026-06-01 17:25:49,317 [INFO] main: Setting up killswitch on key: f6
2026-06-01 17:25:49,341 [INFO] controller: Killswitch active: press 'f6' to stop the macro at any time.
2026-06-01 17:25:49,341 [INFO] main: Initializing macro engine...
2026-06-01 17:25:49,341 [INFO] main: Starting GUI...
2026-06-01 17:25:49,591 [WARNING] pynput.keyboard.Listener: This process is not trusted! Input event monitoring will not be possible until it is added to accessibility clients.
2026-06-01 17:26:10,705 [INFO] main: Starting Fisch Macro...
2026-06-01 17:26:10,762 [WARNING] main: Accessibility permissions not granted! The macro will not be able to simulate mouse clicks or listen for hotkeys.
2026-06-01 17:26:10,762 [INFO] main: Initializing configuration...
2026-06-01 17:26:10,762 [INFO] main: Initializing window tracker...
2026-06-01 17:26:10,762 [INFO] main: Initializing detector...
2026-06-01 17:26:10,762 [INFO] main: Initializing controller...
2026-06-01 17:26:10,762 [INFO] main: Setting up killswitch on key: f6
2026-06-01 17:26:10,779 [INFO] controller: Killswitch active: press 'f6' to stop the macro at any time.
2026-06-01 17:26:10,779 [INFO] main: Initializing macro engine...
2026-06-01 17:26:10,779 [INFO] main: Starting GUI...
2026-06-01 17:26:10,911 [WARNING] pynput.keyboard.Listener: This process is not trusted! Input event monitoring will not be possible until it is added to accessibility clients.
2026-06-01 17:31:18,085 [INFO] main: Cleaning up...
2026-06-01 17:31:18,086 [INFO] controller: Controller cleaned up.
2026-06-01 17:31:18,087 [INFO] main: Exiting.
2026-06-01 17:32:24,407 [INFO] main: Starting Fisch Macro...
2026-06-01 17:32:24,448 [WARNING] main: Accessibility permissions not granted! The macro will not be able to simulate mouse clicks or listen for hotkeys.
2026-06-01 17:32:24,448 [INFO] main: Initializing configuration...
2026-06-01 17:32:24,448 [INFO] main: Initializing window tracker...
2026-06-01 17:32:24,448 [INFO] main: Initializing detector...
2026-06-01 17:32:24,448 [INFO] main: Initializing controller...
2026-06-01 17:32:24,448 [INFO] main: Setting up killswitch on key: f6
2026-06-01 17:32:24,470 [INFO] controller: Killswitch active: press 'f6' to stop the macro at any time.
2026-06-01 17:32:24,470 [INFO] main: Initializing macro engine...
2026-06-01 17:32:24,470 [INFO] main: Starting GUI...
2026-06-01 17:32:24,645 [WARNING] pynput.keyboard.Listener: This process is not trusted! Input event monitoring will not be possible until it is added to accessibility clients.
2026-06-01 17:32:27,678 [INFO] src.window_tracker: Display scale factor (Quartz): 1.00
2026-06-01 17:32:27,679 [INFO] detector: Window info set — origin=(0, 33)  size=1512x884  scale=1.0
2026-06-01 17:32:27,680 [INFO] controller: Controller started.
2026-06-01 17:32:27,680 [INFO] macro: Macro engine started
2026-06-01 17:32:27,680 [INFO] macro: State: Idle → Casting
2026-06-01 17:32:27,780 [INFO] detector: Window info set — origin=(0, 33)  size=1512x884  scale=1.0
2026-06-01 17:32:28,281 [INFO] detector: Window info set — origin=(0, 33)  size=1512x884  scale=1.0
2026-06-01 17:32:28,784 [INFO] detector: Window info set — origin=(0, 33)  size=1512x884  scale=1.0
2026-06-01 17:32:29,286 [INFO] detector: Window info set — origin=(0, 33)  size=1512x884  scale=1.0
2026-06-01 17:32:29,787 [INFO] detector: Window info set — origin=(0, 33)  size=1512x884  scale=1.0
2026-06-01 17:32:30,289 [INFO] detector: Window info set — origin=(0, 33)  size=1512x884  scale=1.0
2026-06-01 17:32:30,686 [INFO] macro: State: Casting → Waiting for Bite
2026-06-01 17:32:30,793 [INFO] detector: Window info set — origin=(0, 33)  size=1512x884  scale=1.0
2026-06-01 17:32:31,294 [INFO] detector: Window info set — origin=(0, 33)  size=1512x884  scale=1.0
2026-06-01 17:32:31,796 [INFO] detector: Window info set — origin=(0, 33)  size=1512x884  scale=1.0
2026-06-01 17:32:32,297 [INFO] detector: Window info set — origin=(0, 33)  size=1512x884  scale=1.0
2026-06-01 17:32:32,800 [INFO] detector: Window info set — origin=(0, 33)  size=1512x884  scale=1.0
2026-06-01 17:32:33,301 [INFO] detector: Window info set — origin=(0, 33)  size=1512x884  scale=1.0
2026-06-01 17:32:33,916 [INFO] detector: Window info set — origin=(0, 33)  size=1512x884  scale=1.0
2026-06-01 17:32:34,418 [INFO] detector: Window info set — origin=(0, 33)  size=1512x884  scale=1.0
2026-06-01 17:32:34,920 [INFO] detector: Window info set — origin=(0, 33)  size=1512x884  scale=1.0
2026-06-01 17:32:35,422 [INFO] detector: Window info set — origin=(0, 33)  size=1512x884  scale=1.0
2026-06-01 17:32:35,922 [INFO] detector: Window info set — origin=(0, 33)  size=1512x884  scale=1.0
2026-06-01 17:32:36,424 [INFO] detector: Window info set — origin=(0, 33)  size=1512x884  scale=1.0
2026-06-01 17:32:36,927 [INFO] detector: Window info set — origin=(0, 33)  size=1512x884  scale=1.0
2026-06-01 17:32:37,429 [INFO] detector: Window info set — origin=(0, 33)  size=1512x884  scale=1.0
2026-06-01 17:32:37,931 [INFO] detector: Window info set — origin=(0, 33)  size=1512x884  scale=1.0
2026-06-01 17:32:38,433 [INFO] detector: Window info set — origin=(0, 33)  size=1512x884  scale=1.0
2026-06-01 17:32:38,939 [INFO] detector: Window info set — origin=(0, 33)  size=1512x884  scale=1.0
2026-06-01 17:32:39,441 [INFO] detector: Window info set — origin=(0, 33)  size=1512x884  scale=1.0
2026-06-01 17:32:39,943 [INFO] detector: Window info set — origin=(0, 33)  size=1512x884  scale=1.0
2026-06-01 17:32:40,444 [INFO] detector: Window info set — origin=(0, 33)  size=1512x884  scale=1.0
2026-06-01 17:32:40,952 [INFO] detector: Window info set — origin=(0, 33)  size=1512x884  scale=1.0
2026-06-01 17:32:41,459 [INFO] detector: Window info set — origin=(0, 33)  size=1512x884  scale=1.0
2026-06-01 17:32:41,961 [INFO] detector: Window info set — origin=(0, 33)  size=1512x884  scale=1.0
2026-06-01 17:32:42,462 [INFO] detector: Window info set — origin=(0, 33)  size=1512x884  scale=1.0
2026-06-01 17:32:42,967 [INFO] detector: Window info set — origin=(0, 33)  size=1512x884  scale=1.0
2026-06-01 17:32:43,467 [INFO] detector: Window info set — origin=(0, 33)  size=1512x884  scale=1.0
2026-06-01 17:32:43,968 [INFO] detector: Window info set — origin=(0, 33)  size=1512x884  scale=1.0
2026-06-01 17:32:44,469 [INFO] detector: Window info set — origin=(0, 33)  size=1512x884  scale=1.0
2026-06-01 17:32:44,625 [INFO] controller: Controller stopped.
2026-06-01 17:32:44,625 [INFO] macro: State: Waiting for Bite → Stopped
2026-06-01 17:32:47,626 [INFO] macro: Macro engine stopped
2026-06-01 17:32:47,644 [INFO] main: Cleaning up...
2026-06-01 17:32:47,644 [INFO] controller: Controller cleaned up.
2026-06-01 17:32:47,645 [INFO] main: Exiting.
2026-06-01 17:32:55,105 [INFO] main: Starting Fisch Macro...
2026-06-01 17:32:55,135 [WARNING] main: Accessibility permissions not granted! The macro will not be able to simulate mouse clicks or listen for hotkeys.
2026-06-01 17:32:55,135 [INFO] main: Initializing configuration...
2026-06-01 17:32:55,135 [INFO] main: Initializing window tracker...
2026-06-01 17:32:55,135 [INFO] main: Initializing detector...
2026-06-01 17:32:55,135 [INFO] main: Initializing controller...
2026-06-01 17:32:55,135 [INFO] main: Setting up killswitch on key: f6
2026-06-01 17:32:55,160 [INFO] controller: Killswitch active: press 'f6' to stop the macro at any time.
2026-06-01 17:32:55,160 [INFO] main: Initializing macro engine...
2026-06-01 17:32:55,160 [INFO] main: Starting GUI...
2026-06-01 17:32:55,280 [WARNING] pynput.keyboard.Listener: This process is not trusted! Input event monitoring will not be possible until it is added to accessibility clients.
2026-06-01 17:32:59,645 [INFO] src.window_tracker: Display scale factor (Quartz): 1.00
2026-06-01 17:32:59,645 [INFO] detector: Window info set — origin=(0, 33)  size=1512x884  scale=1.0
2026-06-01 17:32:59,647 [INFO] controller: Controller started.
2026-06-01 17:32:59,647 [INFO] macro: Macro engine started
2026-06-01 17:32:59,647 [INFO] macro: State: Idle → Casting
2026-06-01 17:32:59,909 [INFO] detector: Window info set — origin=(0, 33)  size=1512x884  scale=1.0
2026-06-01 17:33:00,411 [INFO] detector: Window info set — origin=(0, 33)  size=1512x884  scale=1.0
2026-06-01 17:33:00,913 [INFO] detector: Window info set — origin=(0, 33)  size=1512x884  scale=1.0
2026-06-01 17:33:01,416 [INFO] detector: Window info set — origin=(0, 33)  size=1512x884  scale=1.0
2026-06-01 17:33:01,918 [INFO] detector: Window info set — origin=(0, 33)  size=1512x884  scale=1.0
2026-06-01 17:33:02,419 [INFO] detector: Window info set — origin=(0, 33)  size=1512x884  scale=1.0
2026-06-01 17:33:02,653 [INFO] macro: State: Casting → Waiting for Bite
2026-06-01 17:33:02,921 [INFO] detector: Window info set — origin=(0, 33)  size=1512x884  scale=1.0
2026-06-01 17:33:03,351 [INFO] macro: State: Waiting for Bite → Shaking
2026-06-01 17:33:03,425 [INFO] detector: Window info set — origin=(0, 33)  size=1512x884  scale=1.0
2026-06-01 17:33:03,926 [INFO] detector: Window info set — origin=(0, 33)  size=1512x884  scale=1.0
2026-06-01 17:33:04,427 [INFO] detector: Window info set — origin=(0, 33)  size=1512x884  scale=1.0
2026-06-01 17:33:04,929 [INFO] detector: Window info set — origin=(0, 33)  size=1512x884  scale=1.0
2026-06-01 17:33:05,435 [INFO] detector: Window info set — origin=(0, 33)  size=1512x884  scale=1.0
2026-06-01 17:33:05,936 [INFO] detector: Window info set — origin=(0, 33)  size=1512x884  scale=1.0
2026-06-01 17:33:06,437 [INFO] detector: Window info set — origin=(0, 33)  size=1512x884  scale=1.0
2026-06-01 17:33:06,938 [INFO] detector: Window info set — origin=(0, 33)  size=1512x884  scale=1.0
2026-06-01 17:33:07,442 [INFO] detector: Window info set — origin=(0, 33)  size=1512x884  scale=1.0
2026-06-01 17:33:07,943 [INFO] detector: Window info set — origin=(0, 33)  size=1512x884  scale=1.0
2026-06-01 17:33:08,444 [INFO] detector: Window info set — origin=(0, 33)  size=1512x884  scale=1.0
2026-06-01 17:33:08,946 [INFO] detector: Window info set — origin=(0, 33)  size=1512x884  scale=1.0
2026-06-01 17:33:09,452 [INFO] detector: Window info set — origin=(0, 33)  size=1512x884  scale=1.0
2026-06-01 17:33:09,953 [INFO] detector: Window info set — origin=(0, 33)  size=1512x884  scale=1.0
2026-06-01 17:33:10,455 [INFO] detector: Window info set — origin=(0, 33)  size=1512x884  scale=1.0
2026-06-01 17:33:10,955 [INFO] detector: Window info set — origin=(0, 33)  size=1512x884  scale=1.0
2026-06-01 17:33:11,461 [INFO] detector: Window info set — origin=(0, 33)  size=1512x884  scale=1.0
2026-06-01 17:33:11,962 [INFO] detector: Window info set — origin=(0, 33)  size=1512x884  scale=1.0
2026-06-01 17:33:12,463 [INFO] detector: Window info set — origin=(0, 33)  size=1512x884  scale=1.0
2026-06-01 17:33:12,964 [INFO] detector: Window info set — origin=(0, 33)  size=1512x884  scale=1.0
2026-06-01 17:33:13,468 [INFO] detector: Window info set — origin=(0, 33)  size=1512x884  scale=1.0
2026-06-01 17:33:13,968 [INFO] detector: Window info set — origin=(0, 33)  size=1512x884  scale=1.0
2026-06-01 17:33:14,470 [INFO] detector: Window info set — origin=(0, 33)  size=1512x884  scale=1.0
2026-06-01 17:33:14,972 [INFO] detector: Window info set — origin=(0, 33)  size=1512x884  scale=1.0
2026-06-01 17:33:15,477 [INFO] detector: Window info set — origin=(0, 33)  size=1512x884  scale=1.0
2026-06-01 17:33:15,978 [INFO] detector: Window info set — origin=(0, 33)  size=1512x884  scale=1.0
2026-06-01 17:33:16,480 [INFO] detector: Window info set — origin=(0, 33)  size=1512x884  scale=1.0
2026-06-01 17:33:16,981 [INFO] detector: Window info set — origin=(0, 33)  size=1512x884  scale=1.0
2026-06-01 17:33:17,485 [INFO] detector: Window info set — origin=(0, 33)  size=1512x884  scale=1.0
2026-06-01 17:33:17,985 [INFO] detector: Window info set — origin=(0, 33)  size=1512x884  scale=1.0
2026-06-01 17:33:18,487 [INFO] detector: Window info set — origin=(0, 33)  size=1512x884  scale=1.0
2026-06-01 17:33:18,989 [INFO] detector: Window info set — origin=(0, 33)  size=1512x884  scale=1.0
2026-06-01 17:33:19,492 [INFO] detector: Window info set — origin=(0, 33)  size=1512x884  scale=1.0
2026-06-01 17:33:19,993 [INFO] detector: Window info set — origin=(0, 33)  size=1512x884  scale=1.0
2026-06-01 17:33:20,494 [INFO] detector: Window info set — origin=(0, 33)  size=1512x884  scale=1.0
2026-06-01 17:33:20,995 [INFO] detector: Window info set — origin=(0, 33)  size=1512x884  scale=1.0
2026-06-01 17:33:21,502 [INFO] detector: Window info set — origin=(0, 33)  size=1512x884  scale=1.0
2026-06-01 17:33:22,004 [INFO] detector: Window info set — origin=(0, 33)  size=1512x884  scale=1.0
2026-06-01 17:33:22,505 [INFO] detector: Window info set — origin=(0, 33)  size=1512x884  scale=1.0
2026-06-01 17:33:23,006 [INFO] detector: Window info set — origin=(0, 33)  size=1512x884  scale=1.0
2026-06-01 17:33:23,509 [INFO] detector: Window info set — origin=(0, 33)  size=1512x884  scale=1.0
2026-06-01 17:33:24,009 [INFO] detector: Window info set — origin=(0, 33)  size=1512x884  scale=1.0
2026-06-01 17:33:24,510 [INFO] detector: Window info set — origin=(0, 33)  size=1512x884  scale=1.0
2026-06-01 17:33:24,911 [INFO] controller: Controller stopped.
2026-06-01 17:33:24,911 [INFO] macro: State: Shaking → Stopped
2026-06-01 17:33:27,912 [INFO] macro: Macro engine stopped
2026-06-01 17:33:42,095 [INFO] detector: Window info set — origin=(0, 33)  size=1512x884  scale=1.0
2026-06-01 17:33:42,097 [INFO] controller: Controller started.
2026-06-01 17:33:42,097 [INFO] macro: Macro engine started
2026-06-01 17:33:42,097 [INFO] macro: State: Stopped → Casting
2026-06-01 17:33:42,485 [INFO] detector: Window info set — origin=(0, 33)  size=1512x884  scale=1.0
2026-06-01 17:33:42,987 [INFO] detector: Window info set — origin=(0, 33)  size=1512x884  scale=1.0
2026-06-01 17:33:43,488 [INFO] detector: Window info set — origin=(0, 33)  size=1512x884  scale=1.0
2026-06-01 17:33:43,993 [INFO] detector: Window info set — origin=(0, 33)  size=1512x884  scale=1.0
2026-06-01 17:33:44,495 [INFO] detector: Window info set — origin=(0, 33)  size=1512x884  scale=1.0
2026-06-01 17:33:44,997 [INFO] detector: Window info set — origin=(0, 33)  size=1512x884  scale=1.0
2026-06-01 17:33:45,064 [INFO] macro: State: Casting → Waiting for Bite
2026-06-01 17:33:45,498 [INFO] detector: Window info set — origin=(0, 33)  size=1512x884  scale=1.0
2026-06-01 17:33:46,001 [INFO] detector: Window info set — origin=(0, 33)  size=1512x884  scale=1.0
2026-06-01 17:33:46,502 [INFO] detector: Window info set — origin=(0, 33)  size=1512x884  scale=1.0
2026-06-01 17:33:47,004 [INFO] detector: Window info set — origin=(0, 33)  size=1512x884  scale=1.0
2026-06-01 17:33:47,505 [INFO] detector: Window info set — origin=(0, 33)  size=1512x884  scale=1.0
2026-06-01 17:33:48,008 [INFO] detector: Window info set — origin=(0, 33)  size=1512x884  scale=1.0
2026-06-01 17:33:48,509 [INFO] detector: Window info set — origin=(0, 33)  size=1512x884  scale=1.0
2026-06-01 17:33:49,010 [INFO] detector: Window info set — origin=(0, 33)  size=1512x884  scale=1.0
2026-06-01 17:33:49,512 [INFO] detector: Window info set — origin=(0, 33)  size=1512x884  scale=1.0
2026-06-01 17:33:50,018 [INFO] detector: Window info set — origin=(0, 33)  size=1512x884  scale=1.0
2026-06-01 17:33:50,519 [INFO] detector: Window info set — origin=(0, 33)  size=1512x884  scale=1.0
2026-06-01 17:33:51,020 [INFO] detector: Window info set — origin=(0, 33)  size=1512x884  scale=1.0
2026-06-01 17:33:51,522 [INFO] detector: Window info set — origin=(0, 33)  size=1512x884  scale=1.0
2026-06-01 17:33:52,027 [INFO] detector: Window info set — origin=(0, 33)  size=1512x884  scale=1.0
2026-06-01 17:33:52,529 [INFO] detector: Window info set — origin=(0, 33)  size=1512x884  scale=1.0
2026-06-01 17:33:53,031 [INFO] detector: Window info set — origin=(0, 33)  size=1512x884  scale=1.0
2026-06-01 17:33:53,532 [INFO] detector: Window info set — origin=(0, 33)  size=1512x884  scale=1.0
2026-06-01 17:33:54,035 [INFO] detector: Window info set — origin=(0, 33)  size=1512x884  scale=1.0
2026-06-01 17:33:54,537 [INFO] detector: Window info set — origin=(0, 33)  size=1512x884  scale=1.0
2026-06-01 17:33:55,038 [INFO] detector: Window info set — origin=(0, 33)  size=1512x884  scale=1.0
2026-06-01 17:33:55,539 [INFO] detector: Window info set — origin=(0, 33)  size=1512x884  scale=1.0
2026-06-01 17:33:56,043 [INFO] detector: Window info set — origin=(0, 33)  size=1512x884  scale=1.0
2026-06-01 17:33:56,545 [INFO] detector: Window info set — origin=(0, 33)  size=1512x884  scale=1.0
2026-06-01 17:33:57,047 [INFO] detector: Window info set — origin=(0, 33)  size=1512x884  scale=1.0
2026-06-01 17:33:57,548 [INFO] detector: Window info set — origin=(0, 33)  size=1512x884  scale=1.0
2026-06-01 17:33:58,052 [INFO] detector: Window info set — origin=(0, 33)  size=1512x884  scale=1.0
2026-06-01 17:33:58,554 [INFO] detector: Window info set — origin=(0, 33)  size=1512x884  scale=1.0
2026-06-01 17:33:59,055 [INFO] detector: Window info set — origin=(0, 33)  size=1512x884  scale=1.0
2026-06-01 17:33:59,396 [INFO] macro: State: Waiting for Bite → Shaking
2026-06-01 17:33:59,557 [INFO] detector: Window info set — origin=(0, 33)  size=1512x884  scale=1.0
2026-06-01 17:34:00,059 [INFO] detector: Window info set — origin=(0, 33)  size=1512x884  scale=1.0
2026-06-01 17:34:00,560 [INFO] detector: Window info set — origin=(0, 33)  size=1512x884  scale=1.0
2026-06-01 17:34:01,062 [INFO] detector: Window info set — origin=(0, 33)  size=1512x884  scale=1.0
2026-06-01 17:34:01,563 [INFO] detector: Window info set — origin=(0, 33)  size=1512x884  scale=1.0
2026-06-01 17:34:02,066 [INFO] detector: Window info set — origin=(0, 33)  size=1512x884  scale=1.0
2026-06-01 17:34:02,567 [INFO] detector: Window info set — origin=(0, 33)  size=1512x884  scale=1.0
2026-06-01 17:34:03,076 [INFO] detector: Window info set — origin=(0, 33)  size=1512x884  scale=1.0
2026-06-01 17:34:03,577 [INFO] detector: Window info set — origin=(0, 33)  size=1512x884  scale=1.0
2026-06-01 17:34:04,079 [INFO] detector: Window info set — origin=(0, 33)  size=1512x884  scale=1.0
2026-06-01 17:34:04,436 [INFO] controller: Controller stopped.
2026-06-01 17:34:04,436 [INFO] macro: State: Shaking → Stopped
2026-06-01 17:34:07,437 [INFO] macro: Macro engine stopped
2026-06-01 17:34:08,295 [INFO] detector: Window info set — origin=(0, 33)  size=1512x884  scale=1.0
2026-06-01 17:34:08,296 [INFO] controller: Controller started.
2026-06-01 17:34:08,297 [INFO] macro: Macro engine started
2026-06-01 17:34:08,297 [INFO] macro: State: Stopped → Casting
2026-06-01 17:34:08,459 [INFO] detector: Window info set — origin=(0, 33)  size=1512x884  scale=1.0
2026-06-01 17:34:08,960 [INFO] detector: Window info set — origin=(0, 33)  size=1512x884  scale=1.0
2026-06-01 17:34:09,463 [INFO] detector: Window info set — origin=(0, 33)  size=1512x884  scale=1.0
2026-06-01 17:34:09,964 [INFO] detector: Window info set — origin=(0, 33)  size=1512x884  scale=1.0
2026-06-01 17:34:10,465 [INFO] detector: Window info set — origin=(0, 33)  size=1512x884  scale=1.0
2026-06-01 17:34:10,966 [INFO] detector: Window info set — origin=(0, 33)  size=1512x884  scale=1.0
2026-06-01 17:34:11,307 [INFO] macro: State: Casting → Waiting for Bite
2026-06-01 17:34:11,469 [INFO] detector: Window info set — origin=(0, 33)  size=1512x884  scale=1.0
2026-06-01 17:34:11,970 [INFO] detector: Window info set — origin=(0, 33)  size=1512x884  scale=1.0
2026-06-01 17:34:12,472 [INFO] detector: Window info set — origin=(0, 33)  size=1512x884  scale=1.0
2026-06-01 17:34:12,973 [INFO] detector: Window info set — origin=(0, 33)  size=1512x884  scale=1.0
2026-06-01 17:34:13,476 [INFO] detector: Window info set — origin=(0, 33)  size=1512x884  scale=1.0
2026-06-01 17:34:13,977 [INFO] detector: Window info set — origin=(0, 33)  size=1512x884  scale=1.0
2026-06-01 17:34:14,479 [INFO] detector: Window info set — origin=(0, 33)  size=1512x884  scale=1.0
2026-06-01 17:34:14,980 [INFO] detector: Window info set — origin=(0, 33)  size=1512x884  scale=1.0
2026-06-01 17:34:15,483 [INFO] detector: Window info set — origin=(0, 33)  size=1512x884  scale=1.0
2026-06-01 17:34:15,984 [INFO] detector: Window info set — origin=(0, 33)  size=1512x884  scale=1.0
2026-06-01 17:34:16,485 [INFO] detector: Window info set — origin=(0, 33)  size=1512x884  scale=1.0
2026-06-01 17:34:16,987 [INFO] detector: Window info set — origin=(0, 33)  size=1512x884  scale=1.0
2026-06-01 17:34:17,493 [INFO] detector: Window info set — origin=(0, 33)  size=1512x884  scale=1.0
2026-06-01 17:34:17,995 [INFO] detector: Window info set — origin=(0, 33)  size=1512x884  scale=1.0
2026-06-01 17:34:18,497 [INFO] detector: Window info set — origin=(0, 33)  size=1512x884  scale=1.0
2026-06-01 17:34:18,998 [INFO] detector: Window info set — origin=(0, 33)  size=1512x884  scale=1.0
2026-06-01 17:34:19,501 [INFO] detector: Window info set — origin=(0, 33)  size=1512x884  scale=1.0
2026-06-01 17:34:20,003 [INFO] detector: Window info set — origin=(0, 33)  size=1512x884  scale=1.0
2026-06-01 17:34:20,505 [INFO] detector: Window info set — origin=(0, 33)  size=1512x884  scale=1.0
2026-06-01 17:34:21,005 [INFO] detector: Window info set — origin=(0, 33)  size=1512x884  scale=1.0
2026-06-01 17:34:21,509 [INFO] detector: Window info set — origin=(0, 33)  size=1512x884  scale=1.0
2026-06-01 17:34:22,010 [INFO] detector: Window info set — origin=(0, 33)  size=1512x884  scale=1.0
2026-06-01 17:34:22,512 [INFO] detector: Window info set — origin=(0, 33)  size=1512x884  scale=1.0
2026-06-01 17:34:23,013 [INFO] detector: Window info set — origin=(0, 33)  size=1512x884  scale=1.0
2026-06-01 17:34:23,516 [INFO] detector: Window info set — origin=(0, 33)  size=1512x884  scale=1.0
2026-06-01 17:34:24,016 [INFO] detector: Window info set — origin=(0, 33)  size=1512x884  scale=1.0
2026-06-01 17:34:24,517 [INFO] detector: Window info set — origin=(0, 33)  size=1512x884  scale=1.0
2026-06-01 17:34:24,956 [INFO] detector: Window info set — origin=(0, 33)  size=1512x884  scale=1.0
2026-06-01 17:34:25,005 [WARNING] calibrator: Could not identify fish or bar clusters
2026-06-01 17:34:26,903 [INFO] detector: Window info set — origin=(0, 33)  size=1512x884  scale=1.0
2026-06-01 17:34:27,404 [INFO] detector: Window info set — origin=(0, 33)  size=1512x884  scale=1.0
2026-06-01 17:34:27,905 [INFO] detector: Window info set — origin=(0, 33)  size=1512x884  scale=1.0
2026-06-01 17:34:28,405 [INFO] detector: Window info set — origin=(0, 33)  size=1512x884  scale=1.0
2026-06-01 17:34:28,909 [INFO] detector: Window info set — origin=(0, 33)  size=1512x884  scale=1.0
2026-06-01 17:34:29,410 [INFO] detector: Window info set — origin=(0, 33)  size=1512x884  scale=1.0
2026-06-01 17:34:29,911 [INFO] detector: Window info set — origin=(0, 33)  size=1512x884  scale=1.0
2026-06-01 17:34:30,412 [INFO] detector: Window info set — origin=(0, 33)  size=1512x884  scale=1.0
2026-06-01 17:34:30,914 [INFO] detector: Window info set — origin=(0, 33)  size=1512x884  scale=1.0
2026-06-01 17:34:31,211 [INFO] detector: Window info set — origin=(0, 33)  size=1512x884  scale=1.0
2026-06-01 17:34:31,244 [WARNING] calibrator: Could not identify fish or bar clusters
2026-06-01 17:34:32,259 [INFO] detector: Window info set — origin=(0, 33)  size=1512x884  scale=1.0
2026-06-01 17:34:32,760 [INFO] detector: Window info set — origin=(0, 33)  size=1512x884  scale=1.0
2026-06-01 17:34:32,853 [INFO] detector: Window info set — origin=(0, 33)  size=1512x884  scale=1.0
2026-06-01 17:34:32,894 [WARNING] calibrator: Fish cluster not found — skipping
2026-06-01 17:34:32,894 [INFO] calibrator: Bar HSV: [0, 0, 9] → [133, 153, 165]
2026-06-01 17:34:32,894 [WARNING] calibrator: Incomplete auto-detection (found only one cluster)
2026-06-01 17:34:33,861 [INFO] detector: Window info set — origin=(0, 33)  size=1512x884  scale=1.0
2026-06-01 17:34:34,361 [INFO] detector: Window info set — origin=(0, 33)  size=1512x884  scale=1.0
2026-06-01 17:34:34,863 [INFO] detector: Window info set — origin=(0, 33)  size=1512x884  scale=1.0
2026-06-01 17:34:35,364 [INFO] detector: Window info set — origin=(0, 33)  size=1512x884  scale=1.0
2026-06-01 17:34:35,869 [INFO] detector: Window info set — origin=(0, 33)  size=1512x884  scale=1.0
2026-06-01 17:34:36,370 [INFO] detector: Window info set — origin=(0, 33)  size=1512x884  scale=1.0
2026-06-01 17:34:36,872 [INFO] detector: Window info set — origin=(0, 33)  size=1512x884  scale=1.0
2026-06-01 17:34:37,374 [INFO] detector: Window info set — origin=(0, 33)  size=1512x884  scale=1.0
2026-06-01 17:34:37,876 [INFO] detector: Window info set — origin=(0, 33)  size=1512x884  scale=1.0
2026-06-01 17:34:38,377 [INFO] detector: Window info set — origin=(0, 33)  size=1512x884  scale=1.0
2026-06-01 17:34:38,878 [INFO] detector: Window info set — origin=(0, 33)  size=1512x884  scale=1.0
2026-06-01 17:34:39,379 [INFO] detector: Window info set — origin=(0, 33)  size=1512x884  scale=1.0
2026-06-01 17:34:39,884 [INFO] detector: Window info set — origin=(0, 33)  size=1512x884  scale=1.0
2026-06-01 17:34:40,385 [INFO] detector: Window info set — origin=(0, 33)  size=1512x884  scale=1.0
2026-06-01 17:34:40,885 [INFO] detector: Window info set — origin=(0, 33)  size=1512x884  scale=1.0
2026-06-01 17:34:41,386 [INFO] detector: Window info set — origin=(0, 33)  size=1512x884  scale=1.0
2026-06-01 17:34:41,887 [INFO] detector: Window info set — origin=(0, 33)  size=1512x884  scale=1.0
2026-06-01 17:34:42,388 [INFO] detector: Window info set — origin=(0, 33)  size=1512x884  scale=1.0
2026-06-01 17:34:42,889 [INFO] detector: Window info set — origin=(0, 33)  size=1512x884  scale=1.0
2026-06-01 17:34:43,390 [INFO] detector: Window info set — origin=(0, 33)  size=1512x884  scale=1.0
2026-06-01 17:34:43,891 [INFO] detector: Window info set — origin=(0, 33)  size=1512x884  scale=1.0
2026-06-01 17:34:44,392 [INFO] detector: Window info set — origin=(0, 33)  size=1512x884  scale=1.0
2026-06-01 17:34:44,893 [INFO] detector: Window info set — origin=(0, 33)  size=1512x884  scale=1.0
2026-06-01 17:34:45,395 [INFO] detector: Window info set — origin=(0, 33)  size=1512x884  scale=1.0
2026-06-01 17:34:45,897 [INFO] detector: Window info set — origin=(0, 33)  size=1512x884  scale=1.0
2026-06-01 17:34:46,399 [INFO] detector: Window info set — origin=(0, 33)  size=1512x884  scale=1.0
2026-06-01 17:34:46,901 [INFO] detector: Window info set — origin=(0, 33)  size=1512x884  scale=1.0
2026-06-01 17:34:47,402 [INFO] detector: Window info set — origin=(0, 33)  size=1512x884  scale=1.0
2026-06-01 17:34:47,904 [INFO] detector: Window info set — origin=(0, 33)  size=1512x884  scale=1.0
2026-06-01 17:34:48,405 [INFO] detector: Window info set — origin=(0, 33)  size=1512x884  scale=1.0
2026-06-01 17:34:48,907 [INFO] detector: Window info set — origin=(0, 33)  size=1512x884  scale=1.0
2026-06-01 17:34:49,409 [INFO] detector: Window info set — origin=(0, 33)  size=1512x884  scale=1.0
2026-06-01 17:34:49,912 [INFO] detector: Window info set — origin=(0, 33)  size=1512x884  scale=1.0
2026-06-01 17:34:50,413 [INFO] detector: Window info set — origin=(0, 33)  size=1512x884  scale=1.0
2026-06-01 17:34:50,915 [INFO] detector: Window info set — origin=(0, 33)  size=1512x884  scale=1.0
2026-06-01 17:34:51,415 [INFO] detector: Window info set — origin=(0, 33)  size=1512x884  scale=1.0
2026-06-01 17:34:51,919 [INFO] detector: Window info set — origin=(0, 33)  size=1512x884  scale=1.0
2026-06-01 17:34:52,421 [INFO] detector: Window info set — origin=(0, 33)  size=1512x884  scale=1.0
2026-06-01 17:34:52,922 [INFO] detector: Window info set — origin=(0, 33)  size=1512x884  scale=1.0
2026-06-01 17:34:53,424 [INFO] detector: Window info set — origin=(0, 33)  size=1512x884  scale=1.0
2026-06-01 17:34:53,926 [INFO] detector: Window info set — origin=(0, 33)  size=1512x884  scale=1.0
2026-06-01 17:34:54,428 [INFO] detector: Window info set — origin=(0, 33)  size=1512x884  scale=1.0
2026-06-01 17:34:54,929 [INFO] detector: Window info set — origin=(0, 33)  size=1512x884  scale=1.0
2026-06-01 17:34:55,430 [INFO] detector: Window info set — origin=(0, 33)  size=1512x884  scale=1.0
2026-06-01 17:34:55,934 [INFO] detector: Window info set — origin=(0, 33)  size=1512x884  scale=1.0
2026-06-01 17:34:56,435 [INFO] detector: Window info set — origin=(0, 33)  size=1512x884  scale=1.0
2026-06-01 17:34:56,936 [INFO] detector: Window info set — origin=(0, 33)  size=1512x884  scale=1.0
2026-06-01 17:34:57,437 [INFO] detector: Window info set — origin=(0, 33)  size=1512x884  scale=1.0
2026-06-01 17:34:57,942 [INFO] detector: Window info set — origin=(0, 33)  size=1512x884  scale=1.0
2026-06-01 17:34:58,443 [INFO] detector: Window info set — origin=(0, 33)  size=1512x884  scale=1.0
2026-06-01 17:34:58,945 [INFO] detector: Window info set — origin=(0, 33)  size=1512x884  scale=1.0
2026-06-01 17:34:59,446 [INFO] detector: Window info set — origin=(0, 33)  size=1512x884  scale=1.0
2026-06-01 17:34:59,951 [INFO] detector: Window info set — origin=(0, 33)  size=1512x884  scale=1.0
2026-06-01 17:35:00,453 [INFO] detector: Window info set — origin=(0, 33)  size=1512x884  scale=1.0
2026-06-01 17:35:00,955 [INFO] detector: Window info set — origin=(0, 33)  size=1512x884  scale=1.0
2026-06-01 17:35:01,457 [INFO] detector: Window info set — origin=(0, 33)  size=1512x884  scale=1.0
2026-06-01 17:35:01,959 [INFO] detector: Window info set — origin=(0, 33)  size=1512x884  scale=1.0
2026-06-01 17:35:02,460 [INFO] detector: Window info set — origin=(0, 33)  size=1512x884  scale=1.0
2026-06-01 17:35:02,961 [INFO] detector: Window info set — origin=(0, 33)  size=1512x884  scale=1.0
2026-06-01 17:35:03,463 [INFO] detector: Window info set — origin=(0, 33)  size=1512x884  scale=1.0
2026-06-01 17:35:03,966 [INFO] detector: Window info set — origin=(0, 33)  size=1512x884  scale=1.0
2026-06-01 17:35:04,467 [INFO] detector: Window info set — origin=(0, 33)  size=1512x884  scale=1.0
2026-06-01 17:35:04,968 [INFO] detector: Window info set — origin=(0, 33)  size=1512x884  scale=1.0
2026-06-01 17:35:05,469 [INFO] detector: Window info set — origin=(0, 33)  size=1512x884  scale=1.0
2026-06-01 17:35:05,972 [INFO] detector: Window info set — origin=(0, 33)  size=1512x884  scale=1.0
2026-06-01 17:35:06,474 [INFO] detector: Window info set — origin=(0, 33)  size=1512x884  scale=1.0
2026-06-01 17:35:06,975 [INFO] detector: Window info set — origin=(0, 33)  size=1512x884  scale=1.0
2026-06-01 17:35:07,477 [INFO] detector: Window info set — origin=(0, 33)  size=1512x884  scale=1.0
2026-06-01 17:35:07,980 [INFO] detector: Window info set — origin=(0, 33)  size=1512x884  scale=1.0
2026-06-01 17:35:08,480 [INFO] detector: Window info set — origin=(0, 33)  size=1512x884  scale=1.0
2026-06-01 17:35:08,981 [INFO] detector: Window info set — origin=(0, 33)  size=1512x884  scale=1.0
2026-06-01 17:35:09,482 [INFO] detector: Window info set — origin=(0, 33)  size=1512x884  scale=1.0
2026-06-01 17:35:09,985 [INFO] detector: Window info set — origin=(0, 33)  size=1512x884  scale=1.0
2026-06-01 17:35:10,487 [INFO] detector: Window info set — origin=(0, 33)  size=1512x884  scale=1.0
2026-06-01 17:35:10,988 [INFO] detector: Window info set — origin=(0, 33)  size=1512x884  scale=1.0
2026-06-01 17:35:11,489 [INFO] detector: Window info set — origin=(0, 33)  size=1512x884  scale=1.0
2026-06-01 17:35:11,993 [INFO] detector: Window info set — origin=(0, 33)  size=1512x884  scale=1.0
2026-06-01 17:35:12,495 [INFO] detector: Window info set — origin=(0, 33)  size=1512x884  scale=1.0
2026-06-01 17:35:12,996 [INFO] detector: Window info set — origin=(0, 33)  size=1512x884  scale=1.0
2026-06-01 17:35:13,497 [INFO] detector: Window info set — origin=(0, 33)  size=1512x884  scale=1.0
2026-06-01 17:35:14,000 [INFO] detector: Window info set — origin=(0, 33)  size=1512x884  scale=1.0
2026-06-01 17:35:14,501 [INFO] detector: Window info set — origin=(0, 33)  size=1512x884  scale=1.0
2026-06-01 17:35:15,003 [INFO] detector: Window info set — origin=(0, 33)  size=1512x884  scale=1.0
2026-06-01 17:35:15,504 [INFO] detector: Window info set — origin=(0, 33)  size=1512x884  scale=1.0
2026-06-01 17:35:16,008 [INFO] detector: Window info set — origin=(0, 33)  size=1512x884  scale=1.0
2026-06-01 17:35:16,509 [INFO] detector: Window info set — origin=(0, 33)  size=1512x884  scale=1.0
2026-06-01 17:35:17,011 [INFO] detector: Window info set — origin=(0, 33)  size=1512x884  scale=1.0
2026-06-01 17:35:17,513 [INFO] detector: Window info set — origin=(0, 33)  size=1512x884  scale=1.0
2026-06-01 17:35:18,017 [INFO] detector: Window info set — origin=(0, 33)  size=1512x884  scale=1.0
2026-06-01 17:35:18,518 [INFO] detector: Window info set — origin=(0, 33)  size=1512x884  scale=1.0
2026-06-01 17:35:19,020 [INFO] detector: Window info set — origin=(0, 33)  size=1512x884  scale=1.0
2026-06-01 17:35:19,522 [INFO] detector: Window info set — origin=(0, 33)  size=1512x884  scale=1.0
2026-06-01 17:35:20,026 [INFO] detector: Window info set — origin=(0, 33)  size=1512x884  scale=1.0
2026-06-01 17:35:20,527 [INFO] detector: Window info set — origin=(0, 33)  size=1512x884  scale=1.0
2026-06-01 17:35:21,029 [INFO] detector: Window info set — origin=(0, 33)  size=1512x884  scale=1.0
2026-06-01 17:35:21,530 [INFO] detector: Window info set — origin=(0, 33)  size=1512x884  scale=1.0
2026-06-01 17:35:22,033 [INFO] detector: Window info set — origin=(0, 33)  size=1512x884  scale=1.0
2026-06-01 17:35:22,535 [INFO] detector: Window info set — origin=(0, 33)  size=1512x884  scale=1.0
2026-06-01 17:35:23,036 [INFO] detector: Window info set — origin=(0, 33)  size=1512x884  scale=1.0
2026-06-01 17:35:23,538 [INFO] detector: Window info set — origin=(0, 33)  size=1512x884  scale=1.0
2026-06-01 17:35:24,043 [INFO] detector: Window info set — origin=(0, 33)  size=1512x884  scale=1.0
2026-06-01 17:35:24,545 [INFO] detector: Window info set — origin=(0, 33)  size=1512x884  scale=1.0
2026-06-01 17:35:25,046 [INFO] detector: Window info set — origin=(0, 33)  size=1512x884  scale=1.0
2026-06-01 17:35:25,547 [INFO] detector: Window info set — origin=(0, 33)  size=1512x884  scale=1.0
2026-06-01 17:35:26,050 [INFO] detector: Window info set — origin=(0, 33)  size=1512x884  scale=1.0
2026-06-01 17:35:26,551 [INFO] detector: Window info set — origin=(0, 33)  size=1512x884  scale=1.0
2026-06-01 17:35:27,052 [INFO] detector: Window info set — origin=(0, 33)  size=1512x884  scale=1.0
2026-06-01 17:35:27,554 [INFO] detector: Window info set — origin=(0, 33)  size=1512x884  scale=1.0
2026-06-01 17:35:28,058 [INFO] detector: Window info set — origin=(0, 33)  size=1512x884  scale=1.0
2026-06-01 17:35:28,560 [INFO] detector: Window info set — origin=(0, 33)  size=1512x884  scale=1.0
2026-06-01 17:35:29,061 [INFO] detector: Window info set — origin=(0, 33)  size=1512x884  scale=1.0
2026-06-01 17:35:29,562 [INFO] detector: Window info set — origin=(0, 33)  size=1512x884  scale=1.0
2026-06-01 17:35:30,067 [INFO] detector: Window info set — origin=(0, 33)  size=1512x884  scale=1.0
2026-06-01 17:35:30,568 [INFO] detector: Window info set — origin=(0, 33)  size=1512x884  scale=1.0
2026-06-01 17:35:31,069 [INFO] detector: Window info set — origin=(0, 33)  size=1512x884  scale=1.0
2026-06-01 17:35:31,570 [INFO] detector: Window info set — origin=(0, 33)  size=1512x884  scale=1.0
2026-06-01 17:35:32,072 [INFO] detector: Window info set — origin=(0, 33)  size=1512x884  scale=1.0
2026-06-01 17:35:32,573 [INFO] detector: Window info set — origin=(0, 33)  size=1512x884  scale=1.0
2026-06-01 17:35:33,074 [INFO] detector: Window info set — origin=(0, 33)  size=1512x884  scale=1.0
2026-06-01 17:35:33,575 [INFO] detector: Window info set — origin=(0, 33)  size=1512x884  scale=1.0
2026-06-01 17:35:34,077 [INFO] detector: Window info set — origin=(0, 33)  size=1512x884  scale=1.0
2026-06-01 17:35:34,579 [INFO] detector: Window info set — origin=(0, 33)  size=1512x884  scale=1.0
2026-06-01 17:35:35,080 [INFO] detector: Window info set — origin=(0, 33)  size=1512x884  scale=1.0
2026-06-01 17:35:35,581 [INFO] detector: Window info set — origin=(0, 33)  size=1512x884  scale=1.0
2026-06-01 17:35:36,083 [INFO] detector: Window info set — origin=(0, 33)  size=1512x884  scale=1.0
2026-06-01 17:35:36,584 [INFO] detector: Window info set — origin=(0, 33)  size=1512x884  scale=1.0
2026-06-01 17:35:37,086 [INFO] detector: Window info set — origin=(0, 33)  size=1512x884  scale=1.0
2026-06-01 17:35:37,587 [INFO] detector: Window info set — origin=(0, 33)  size=1512x884  scale=1.0
2026-06-01 17:35:38,092 [INFO] detector: Window info set — origin=(0, 33)  size=1512x884  scale=1.0
2026-06-01 17:35:38,593 [INFO] detector: Window info set — origin=(0, 33)  size=1512x884  scale=1.0
2026-06-01 17:35:39,094 [INFO] detector: Window info set — origin=(0, 33)  size=1512x884  scale=1.0
2026-06-01 17:35:39,595 [INFO] detector: Window info set — origin=(0, 33)  size=1512x884  scale=1.0
2026-06-01 17:35:40,100 [INFO] detector: Window info set — origin=(0, 33)  size=1512x884  scale=1.0
2026-06-01 17:35:40,601 [INFO] detector: Window info set — origin=(0, 33)  size=1512x884  scale=1.0
2026-06-01 17:35:41,103 [INFO] detector: Window info set — origin=(0, 33)  size=1512x884  scale=1.0
2026-06-01 17:35:41,604 [INFO] detector: Window info set — origin=(0, 33)  size=1512x884  scale=1.0
2026-06-01 17:35:42,105 [INFO] detector: Window info set — origin=(0, 33)  size=1512x884  scale=1.0
2026-06-01 17:35:42,609 [INFO] controller: Controller stopped.
2026-06-01 17:35:42,609 [INFO] macro: State: Waiting for Bite → Stopped
2026-06-01 17:35:45,609 [INFO] macro: Macro engine stopped
2026-06-01 17:35:45,626 [INFO] main: Cleaning up...
2026-06-01 17:35:45,626 [INFO] controller: Controller cleaned up.
2026-06-01 17:35:45,626 [INFO] main: Exiting.
2026-06-01 17:42:17,749 [INFO] main: Starting Fisch Macro...
2026-06-01 17:42:17,790 [WARNING] main: Accessibility permissions not granted! The macro will not be able to simulate mouse clicks or listen for hotkeys.
2026-06-01 17:42:17,790 [INFO] main: Initializing configuration...
2026-06-01 17:42:17,791 [INFO] main: Initializing window tracker...
2026-06-01 17:42:17,791 [INFO] main: Initializing detector...
2026-06-01 17:42:17,791 [INFO] main: Initializing controller...
2026-06-01 17:42:17,791 [INFO] main: Setting up killswitch on key: f6
2026-06-01 17:42:17,812 [INFO] controller: Killswitch active: press 'f6' to stop the macro at any time.
2026-06-01 17:42:17,812 [INFO] main: Initializing macro engine...
2026-06-01 17:42:17,812 [INFO] main: Starting GUI...
2026-06-01 17:42:17,950 [WARNING] pynput.keyboard.Listener: This process is not trusted! Input event monitoring will not be possible until it is added to accessibility clients.
2026-06-01 17:42:17,969 [ERROR] main: Failed to start macro: 'MacroGUI' object has no attribute '_rebind_killswitch'
Traceback (most recent call last):
  File "/Users/owenleung/Documents/Programs/fisch-macro/main.py", line 88, in main
    app = MacroGUI(macro_engine, config_manager, window_tracker)
  File "/Users/owenleung/Documents/Programs/fisch-macro/src/gui.py", line 102, in __init__
    self._build_settings_tab()
    ~~~~~~~~~~~~~~~~~~~~~~~~^^
  File "/Users/owenleung/Documents/Programs/fisch-macro/src/gui.py", line 429, in _build_settings_tab
    command=self._rebind_killswitch
            ^^^^^^^^^^^^^^^^^^^^^^^
AttributeError: 'MacroGUI' object has no attribute '_rebind_killswitch'
2026-06-01 17:42:17,970 [INFO] main: Cleaning up...
2026-06-01 17:42:17,970 [INFO] controller: Controller cleaned up.
2026-06-01 17:42:17,970 [INFO] main: Exiting.
2026-06-01 17:49:51,171 [INFO] main: Starting Fisch Macro...
2026-06-01 17:49:51,205 [WARNING] main: Accessibility permissions not granted! The macro will not be able to simulate mouse clicks or listen for hotkeys.
2026-06-01 17:49:51,205 [INFO] main: Initializing configuration...
2026-06-01 17:49:51,205 [INFO] main: Initializing window tracker...
2026-06-01 17:49:51,205 [INFO] main: Initializing detector...
2026-06-01 17:49:51,205 [INFO] main: Initializing controller...
2026-06-01 17:49:51,205 [INFO] main: Setting up killswitch on key: f6
2026-06-01 17:49:51,225 [INFO] controller: Killswitch active: press 'f6' to stop the macro at any time.
2026-06-01 17:49:51,225 [INFO] main: Initializing macro engine...
2026-06-01 17:49:51,225 [INFO] main: Starting GUI...
2026-06-01 17:49:51,372 [WARNING] pynput.keyboard.Listener: This process is not trusted! Input event monitoring will not be possible until it is added to accessibility clients.
2026-06-01 17:49:58,064 [INFO] src.window_tracker: Display scale factor (Quartz): 1.00
2026-06-01 17:49:58,064 [INFO] detector: Window info set — origin=(0, 33)  size=1512x884  scale=1.0
2026-06-01 17:49:58,065 [INFO] controller: Controller started.
2026-06-01 17:49:58,065 [INFO] macro: Macro engine started
2026-06-01 17:49:58,066 [INFO] macro: State: Idle → Casting
2026-06-01 17:49:58,426 [INFO] detector: Window info set — origin=(0, 33)  size=1512x884  scale=1.0
2026-06-01 17:49:58,927 [INFO] detector: Window info set — origin=(0, 33)  size=1512x884  scale=1.0
2026-06-01 17:49:59,429 [INFO] detector: Window info set — origin=(0, 33)  size=1512x884  scale=1.0
2026-06-01 17:49:59,931 [INFO] detector: Window info set — origin=(0, 33)  size=1512x884  scale=1.0
2026-06-01 17:50:00,432 [INFO] detector: Window info set — origin=(0, 33)  size=1512x884  scale=1.0
2026-06-01 17:50:00,934 [INFO] detector: Window info set — origin=(0, 33)  size=1512x884  scale=1.0
2026-06-01 17:50:01,053 [INFO] macro: State: Casting → Waiting for Bite
2026-06-01 17:50:01,189 [INFO] macro: State: Waiting for Bite → Shaking
2026-06-01 17:50:01,437 [INFO] detector: Window info set — origin=(0, 33)  size=1512x884  scale=1.0
2026-06-01 17:50:01,938 [INFO] detector: Window info set — origin=(0, 33)  size=1512x884  scale=1.0
2026-06-01 17:50:02,439 [INFO] detector: Window info set — origin=(0, 33)  size=1512x884  scale=1.0
2026-06-01 17:50:02,941 [INFO] detector: Window info set — origin=(0, 33)  size=1512x884  scale=1.0
2026-06-01 17:50:03,445 [INFO] detector: Window info set — origin=(0, 33)  size=1512x884  scale=1.0
2026-06-01 17:50:03,948 [INFO] detector: Window info set — origin=(0, 33)  size=1512x884  scale=1.0
2026-06-01 17:50:04,449 [INFO] detector: Window info set — origin=(0, 33)  size=1512x884  scale=1.0
2026-06-01 17:50:04,952 [INFO] detector: Window info set — origin=(0, 33)  size=1512x884  scale=1.0
2026-06-01 17:50:05,455 [INFO] detector: Window info set — origin=(0, 33)  size=1512x884  scale=1.0
2026-06-01 17:50:05,644 [INFO] macro: State: Shaking → Reeling
2026-06-01 17:50:05,956 [INFO] detector: Window info set — origin=(0, 33)  size=1512x884  scale=1.0
2026-06-01 17:50:06,458 [INFO] detector: Window info set — origin=(0, 33)  size=1512x884  scale=1.0
2026-06-01 17:50:06,960 [INFO] detector: Window info set — origin=(0, 33)  size=1512x884  scale=1.0
2026-06-01 17:50:07,462 [INFO] detector: Window info set — origin=(0, 33)  size=1512x884  scale=1.0
2026-06-01 17:50:07,964 [INFO] detector: Window info set — origin=(0, 33)  size=1512x884  scale=1.0
2026-06-01 17:50:08,466 [INFO] detector: Window info set — origin=(0, 33)  size=1512x884  scale=1.0
2026-06-01 17:50:08,967 [INFO] detector: Window info set — origin=(0, 33)  size=1512x884  scale=1.0
2026-06-01 17:50:09,470 [INFO] detector: Window info set — origin=(0, 33)  size=1512x884  scale=1.0
2026-06-01 17:50:09,971 [INFO] detector: Window info set — origin=(0, 33)  size=1512x884  scale=1.0
2026-06-01 17:50:10,473 [INFO] detector: Window info set — origin=(0, 33)  size=1512x884  scale=1.0
2026-06-01 17:50:10,975 [INFO] detector: Window info set — origin=(0, 33)  size=1512x884  scale=1.0
2026-06-01 17:50:11,479 [INFO] detector: Window info set — origin=(0, 33)  size=1512x884  scale=1.0
2026-06-01 17:50:11,981 [INFO] detector: Window info set — origin=(0, 33)  size=1512x884  scale=1.0
2026-06-01 17:50:12,482 [INFO] detector: Window info set — origin=(0, 33)  size=1512x884  scale=1.0
2026-06-01 17:50:12,597 [INFO] macro: State: Reeling → Catch Complete
2026-06-01 17:50:12,984 [INFO] detector: Window info set — origin=(0, 33)  size=1512x884  scale=1.0
2026-06-01 17:50:13,487 [INFO] detector: Window info set — origin=(0, 33)  size=1512x884  scale=1.0
2026-06-01 17:50:13,989 [INFO] detector: Window info set — origin=(0, 33)  size=1512x884  scale=1.0
2026-06-01 17:50:14,491 [INFO] detector: Window info set — origin=(0, 33)  size=1512x884  scale=1.0
2026-06-01 17:50:14,721 [INFO] macro: State: Catch Complete → Casting
2026-06-01 17:50:14,993 [INFO] detector: Window info set — origin=(0, 33)  size=1512x884  scale=1.0
2026-06-01 17:50:15,496 [INFO] detector: Window info set — origin=(0, 33)  size=1512x884  scale=1.0
2026-06-01 17:50:15,998 [INFO] detector: Window info set — origin=(0, 33)  size=1512x884  scale=1.0
2026-06-01 17:50:16,499 [INFO] detector: Window info set — origin=(0, 33)  size=1512x884  scale=1.0
2026-06-01 17:50:17,001 [INFO] detector: Window info set — origin=(0, 33)  size=1512x884  scale=1.0
2026-06-01 17:50:17,504 [INFO] detector: Window info set — origin=(0, 33)  size=1512x884  scale=1.0
2026-06-01 17:50:17,855 [INFO] macro: State: Casting → Waiting for Bite
2026-06-01 17:50:17,948 [INFO] macro: Minigame bar detected — fish on the line!
2026-06-01 17:50:17,948 [INFO] macro: State: Waiting for Bite → Reeling
2026-06-01 17:50:18,005 [INFO] detector: Window info set — origin=(0, 33)  size=1512x884  scale=1.0
2026-06-01 17:50:18,507 [INFO] detector: Window info set — origin=(0, 33)  size=1512x884  scale=1.0
2026-06-01 17:50:19,008 [INFO] detector: Window info set — origin=(0, 33)  size=1512x884  scale=1.0
2026-06-01 17:50:19,512 [INFO] detector: Window info set — origin=(0, 33)  size=1512x884  scale=1.0
2026-06-01 17:50:20,014 [INFO] detector: Window info set — origin=(0, 33)  size=1512x884  scale=1.0
2026-06-01 17:50:20,515 [INFO] detector: Window info set — origin=(0, 33)  size=1512x884  scale=1.0
2026-06-01 17:50:21,016 [INFO] detector: Window info set — origin=(0, 33)  size=1512x884  scale=1.0
2026-06-01 17:50:21,519 [INFO] detector: Window info set — origin=(0, 33)  size=1512x884  scale=1.0
2026-06-01 17:50:22,020 [INFO] detector: Window info set — origin=(0, 33)  size=1512x884  scale=1.0
2026-06-01 17:50:22,521 [INFO] detector: Window info set — origin=(0, 33)  size=1512x884  scale=1.0
2026-06-01 17:50:23,023 [INFO] detector: Window info set — origin=(0, 33)  size=1512x884  scale=1.0
2026-06-01 17:50:23,525 [INFO] detector: Window info set — origin=(0, 33)  size=1512x884  scale=1.0
2026-06-01 17:50:24,026 [INFO] detector: Window info set — origin=(0, 33)  size=1512x884  scale=1.0
2026-06-01 17:50:24,527 [INFO] detector: Window info set — origin=(0, 33)  size=1512x884  scale=1.0
2026-06-01 17:50:25,033 [INFO] detector: Window info set — origin=(0, 33)  size=1512x884  scale=1.0
2026-06-01 17:50:25,535 [INFO] detector: Window info set — origin=(0, 33)  size=1512x884  scale=1.0
2026-06-01 17:50:26,036 [INFO] detector: Window info set — origin=(0, 33)  size=1512x884  scale=1.0
2026-06-01 17:50:26,537 [INFO] detector: Window info set — origin=(0, 33)  size=1512x884  scale=1.0
2026-06-01 17:50:27,038 [INFO] detector: Window info set — origin=(0, 33)  size=1512x884  scale=1.0
2026-06-01 17:50:27,541 [INFO] detector: Window info set — origin=(0, 33)  size=1512x884  scale=1.0
2026-06-01 17:50:28,042 [INFO] detector: Window info set — origin=(0, 33)  size=1512x884  scale=1.0
2026-06-01 17:50:28,544 [INFO] detector: Window info set — origin=(0, 33)  size=1512x884  scale=1.0
2026-06-01 17:50:29,045 [INFO] detector: Window info set — origin=(0, 33)  size=1512x884  scale=1.0
2026-06-01 17:50:29,548 [INFO] detector: Window info set — origin=(0, 33)  size=1512x884  scale=1.0
2026-06-01 17:50:30,050 [INFO] detector: Window info set — origin=(0, 33)  size=1512x884  scale=1.0
2026-06-01 17:50:30,551 [INFO] detector: Window info set — origin=(0, 33)  size=1512x884  scale=1.0
2026-06-01 17:50:31,053 [INFO] detector: Window info set — origin=(0, 33)  size=1512x884  scale=1.0
2026-06-01 17:50:31,556 [INFO] detector: Window info set — origin=(0, 33)  size=1512x884  scale=1.0
2026-06-01 17:50:32,057 [INFO] detector: Window info set — origin=(0, 33)  size=1512x884  scale=1.0
2026-06-01 17:50:32,558 [INFO] detector: Window info set — origin=(0, 33)  size=1512x884  scale=1.0
2026-06-01 17:50:33,059 [INFO] detector: Window info set — origin=(0, 33)  size=1512x884  scale=1.0
2026-06-01 17:50:33,562 [INFO] detector: Window info set — origin=(0, 33)  size=1512x884  scale=1.0
2026-06-01 17:50:34,064 [INFO] detector: Window info set — origin=(0, 33)  size=1512x884  scale=1.0
2026-06-01 17:50:34,565 [INFO] detector: Window info set — origin=(0, 33)  size=1512x884  scale=1.0
2026-06-01 17:50:35,066 [INFO] detector: Window info set — origin=(0, 33)  size=1512x884  scale=1.0
2026-06-01 17:50:35,571 [INFO] detector: Window info set — origin=(0, 33)  size=1512x884  scale=1.0
2026-06-01 17:50:36,073 [INFO] detector: Window info set — origin=(0, 33)  size=1512x884  scale=1.0
2026-06-01 17:50:36,574 [INFO] detector: Window info set — origin=(0, 33)  size=1512x884  scale=1.0
2026-06-01 17:50:37,076 [INFO] detector: Window info set — origin=(0, 33)  size=1512x884  scale=1.0
2026-06-01 17:50:37,579 [INFO] detector: Window info set — origin=(0, 33)  size=1512x884  scale=1.0
2026-06-01 17:50:38,080 [INFO] detector: Window info set — origin=(0, 33)  size=1512x884  scale=1.0
2026-06-01 17:50:38,582 [INFO] detector: Window info set — origin=(0, 33)  size=1512x884  scale=1.0
2026-06-01 17:50:39,084 [INFO] detector: Window info set — origin=(0, 33)  size=1512x884  scale=1.0
2026-06-01 17:50:39,586 [INFO] detector: Window info set — origin=(0, 33)  size=1512x884  scale=1.0
2026-06-01 17:50:40,087 [INFO] detector: Window info set — origin=(0, 33)  size=1512x884  scale=1.0
2026-06-01 17:50:40,375 [INFO] controller: Controller stopped.
2026-06-01 17:50:40,376 [INFO] macro: State: Reeling → Stopped
2026-06-01 17:50:43,377 [INFO] macro: Macro engine stopped
2026-06-01 17:51:38,455 [INFO] detector: Window info set — origin=(0, 33)  size=1512x884  scale=1.0
2026-06-01 17:51:38,457 [INFO] controller: Controller started.
2026-06-01 17:51:38,457 [INFO] macro: Macro engine started
2026-06-01 17:51:38,484 [INFO] macro: State: Stopped → Casting
2026-06-01 17:51:38,586 [INFO] detector: Window info set — origin=(0, 33)  size=1512x884  scale=1.0
2026-06-01 17:51:38,660 [INFO] controller: Controller stopped.
2026-06-01 17:51:38,660 [INFO] macro: State: Casting → Stopped
2026-06-01 17:51:41,661 [INFO] macro: Macro engine stopped
2026-06-01 17:51:45,013 [INFO] detector: Window info set — origin=(0, 33)  size=1512x884  scale=1.0
2026-06-01 17:51:45,014 [INFO] controller: Controller started.
2026-06-01 17:51:45,014 [INFO] macro: Macro engine started
2026-06-01 17:51:45,014 [INFO] macro: State: Stopped → Casting
2026-06-01 17:51:45,186 [INFO] detector: Window info set — origin=(0, 33)  size=1512x884  scale=1.0
2026-06-01 17:51:45,226 [INFO] controller: Controller stopped.
2026-06-01 17:51:45,226 [INFO] macro: State: Casting → Stopped
2026-06-01 17:51:48,228 [INFO] macro: Macro engine stopped
2026-06-01 17:52:03,527 [INFO] detector: Window info set — origin=(0, 33)  size=1512x884  scale=1.0
2026-06-01 17:52:03,529 [INFO] controller: Controller started.
2026-06-01 17:52:03,529 [INFO] macro: Macro engine started
2026-06-01 17:52:03,529 [INFO] macro: State: Stopped → Casting
2026-06-01 17:52:03,764 [INFO] controller: Controller stopped.
2026-06-01 17:52:03,764 [INFO] macro: State: Casting → Stopped
2026-06-01 17:52:06,765 [INFO] macro: Macro engine stopped
2026-06-01 17:52:07,735 [INFO] detector: Window info set — origin=(0, 33)  size=1512x884  scale=1.0
2026-06-01 17:52:07,736 [INFO] controller: Controller started.
2026-06-01 17:52:07,736 [INFO] macro: Macro engine started
2026-06-01 17:52:07,737 [INFO] macro: State: Stopped → Casting
2026-06-01 17:52:07,781 [INFO] detector: Window info set — origin=(0, 33)  size=1512x884  scale=1.0
2026-06-01 17:52:07,829 [INFO] controller: Controller stopped.
2026-06-01 17:52:07,829 [INFO] macro: State: Casting → Stopped
2026-06-01 17:52:10,831 [INFO] macro: Macro engine stopped
2026-06-01 17:52:48,669 [CRITICAL] controller: KILLSWITCH ACTIVATED — macro stopped.
2026-06-01 17:52:51,269 [CRITICAL] controller: KILLSWITCH ACTIVATED — macro stopped.
2026-06-01 17:52:52,565 [INFO] main: Cleaning up...
2026-06-01 17:52:52,566 [INFO] controller: Controller cleaned up.
2026-06-01 17:52:52,566 [INFO] main: Exiting.
2026-06-01 17:54:13,360 [INFO] main: Starting Fisch Macro...
2026-06-01 17:54:13,389 [INFO] main: Initializing configuration...
2026-06-01 17:54:13,389 [INFO] main: Initializing window tracker...
2026-06-01 17:54:13,389 [INFO] main: Initializing detector...
2026-06-01 17:54:13,389 [INFO] main: Initializing controller...
2026-06-01 17:54:13,389 [INFO] main: Setting up killswitch on key: f6
2026-06-01 17:54:13,411 [INFO] controller: Killswitch active: press 'f6' to stop the macro at any time.
2026-06-01 17:54:13,411 [INFO] main: Initializing macro engine...
2026-06-01 17:54:13,412 [INFO] main: Starting GUI...
2026-06-01 17:54:19,580 [INFO] main: Cleaning up...
2026-06-01 17:54:19,580 [INFO] controller: Controller cleaned up.
2026-06-01 17:54:19,580 [INFO] main: Exiting.
2026-06-01 17:56:58,750 [INFO] main: Starting Fisch Macro...
2026-06-01 17:56:58,780 [INFO] main: Initializing configuration...
2026-06-01 17:56:58,781 [INFO] main: Initializing window tracker...
2026-06-01 17:56:58,781 [INFO] main: Initializing detector...
2026-06-01 17:56:58,781 [INFO] main: Initializing controller...
2026-06-01 17:56:58,781 [INFO] main: Setting up start/stop hotkey on key: f6
2026-06-01 17:56:58,803 [INFO] controller: Global hotkey active: press 'f6' to start/stop the macro.
2026-06-01 17:56:58,803 [INFO] main: Initializing macro engine...
2026-06-01 17:56:58,803 [INFO] main: Starting GUI...
2026-06-01 17:57:00,503 [INFO] src.window_tracker: Display scale factor (Quartz): 1.00
2026-06-01 17:57:00,503 [INFO] detector: Window info set — origin=(0, 33)  size=1512x884  scale=1.0
2026-06-01 17:57:00,504 [INFO] controller: Controller started.
2026-06-01 17:57:00,505 [INFO] macro: Macro engine started
2026-06-01 17:57:00,505 [INFO] macro: State: Idle → Casting
2026-06-01 17:57:00,659 [INFO] controller: Controller stopped.
2026-06-01 17:57:00,660 [INFO] macro: State: Casting → Stopped
2026-06-01 17:57:00,768 [INFO] macro: Macro loop ended (stop requested)
2026-06-01 17:57:03,661 [INFO] macro: Macro engine stopped
2026-06-01 17:57:09,702 [INFO] controller: Global hotkey pressed: f6
2026-06-01 17:57:09,704 [INFO] detector: Window info set — origin=(0, 33)  size=1512x884  scale=1.0
2026-06-01 17:57:09,707 [INFO] controller: Controller started.
2026-06-01 17:57:09,707 [INFO] macro: Macro engine started
2026-06-01 17:57:09,708 [INFO] macro: State: Stopped → Casting
2026-06-01 17:57:10,204 [INFO] detector: Window info set — origin=(0, 33)  size=1512x884  scale=1.0
2026-06-01 17:57:10,705 [INFO] detector: Window info set — origin=(0, 33)  size=1512x884  scale=1.0
2026-06-01 17:57:11,207 [INFO] detector: Window info set — origin=(0, 33)  size=1512x884  scale=1.0
2026-06-01 17:57:11,713 [INFO] detector: Window info set — origin=(0, 33)  size=1512x884  scale=1.0
2026-06-01 17:57:12,214 [INFO] detector: Window info set — origin=(0, 33)  size=1512x884  scale=1.0
2026-06-01 17:57:12,715 [INFO] detector: Window info set — origin=(0, 33)  size=1512x884  scale=1.0
2026-06-01 17:57:12,723 [INFO] macro: State: Casting → Waiting for Bite
2026-06-01 17:57:12,858 [INFO] macro: State: Waiting for Bite → Shaking
2026-06-01 17:57:13,217 [INFO] detector: Window info set — origin=(0, 33)  size=1512x884  scale=1.0
2026-06-01 17:57:13,720 [INFO] detector: Window info set — origin=(0, 33)  size=1512x884  scale=1.0
2026-06-01 17:57:14,222 [INFO] detector: Window info set — origin=(0, 33)  size=1512x884  scale=1.0
2026-06-01 17:57:14,724 [INFO] detector: Window info set — origin=(0, 33)  size=1512x884  scale=1.0
2026-06-01 17:57:15,225 [INFO] detector: Window info set — origin=(0, 33)  size=1512x884  scale=1.0
2026-06-01 17:57:15,538 [INFO] macro: State: Shaking → Reeling
2026-06-01 17:57:15,728 [INFO] detector: Window info set — origin=(0, 33)  size=1512x884  scale=1.0
2026-06-01 17:57:16,229 [INFO] detector: Window info set — origin=(0, 33)  size=1512x884  scale=1.0
2026-06-01 17:57:16,730 [INFO] detector: Window info set — origin=(0, 33)  size=1512x884  scale=1.0
2026-06-01 17:57:17,232 [INFO] detector: Window info set — origin=(0, 33)  size=1512x884  scale=1.0
2026-06-01 17:57:17,737 [INFO] detector: Window info set — origin=(0, 33)  size=1512x884  scale=1.0
2026-06-01 17:57:18,239 [INFO] detector: Window info set — origin=(0, 33)  size=1512x884  scale=1.0
2026-06-01 17:57:18,740 [INFO] detector: Window info set — origin=(0, 33)  size=1512x884  scale=1.0
2026-06-01 17:57:19,242 [INFO] detector: Window info set — origin=(0, 33)  size=1512x884  scale=1.0
2026-06-01 17:57:19,744 [INFO] detector: Window info set — origin=(0, 33)  size=1512x884  scale=1.0
2026-06-01 17:57:20,245 [INFO] detector: Window info set — origin=(0, 33)  size=1512x884  scale=1.0
2026-06-01 17:57:20,747 [INFO] detector: Window info set — origin=(0, 33)  size=1512x884  scale=1.0
2026-06-01 17:57:21,247 [INFO] detector: Window info set — origin=(0, 33)  size=1512x884  scale=1.0
2026-06-01 17:57:21,749 [INFO] detector: Window info set — origin=(0, 33)  size=1512x884  scale=1.0
2026-06-01 17:57:22,250 [INFO] detector: Window info set — origin=(0, 33)  size=1512x884  scale=1.0
2026-06-01 17:57:22,751 [INFO] detector: Window info set — origin=(0, 33)  size=1512x884  scale=1.0
2026-06-01 17:57:23,253 [INFO] detector: Window info set — origin=(0, 33)  size=1512x884  scale=1.0
2026-06-01 17:57:23,756 [INFO] detector: Window info set — origin=(0, 33)  size=1512x884  scale=1.0
2026-06-01 17:57:24,257 [INFO] detector: Window info set — origin=(0, 33)  size=1512x884  scale=1.0
2026-06-01 17:57:24,758 [INFO] detector: Window info set — origin=(0, 33)  size=1512x884  scale=1.0
2026-06-01 17:57:25,260 [INFO] detector: Window info set — origin=(0, 33)  size=1512x884  scale=1.0
2026-06-01 17:57:25,763 [INFO] detector: Window info set — origin=(0, 33)  size=1512x884  scale=1.0
2026-06-01 17:57:26,264 [INFO] detector: Window info set — origin=(0, 33)  size=1512x884  scale=1.0
2026-06-01 17:57:26,765 [INFO] detector: Window info set — origin=(0, 33)  size=1512x884  scale=1.0
2026-06-01 17:57:27,266 [INFO] detector: Window info set — origin=(0, 33)  size=1512x884  scale=1.0
2026-06-01 17:57:27,770 [INFO] detector: Window info set — origin=(0, 33)  size=1512x884  scale=1.0
2026-06-01 17:57:28,272 [INFO] detector: Window info set — origin=(0, 33)  size=1512x884  scale=1.0
2026-06-01 17:57:28,774 [INFO] detector: Window info set — origin=(0, 33)  size=1512x884  scale=1.0
2026-06-01 17:57:29,275 [INFO] detector: Window info set — origin=(0, 33)  size=1512x884  scale=1.0
2026-06-01 17:57:29,778 [INFO] detector: Window info set — origin=(0, 33)  size=1512x884  scale=1.0
2026-06-01 17:57:30,279 [INFO] detector: Window info set — origin=(0, 33)  size=1512x884  scale=1.0
2026-06-01 17:57:30,281 [INFO] macro: State: Reeling → Catch Complete
2026-06-01 17:57:30,781 [INFO] detector: Window info set — origin=(0, 33)  size=1512x884  scale=1.0
2026-06-01 17:57:31,282 [INFO] detector: Window info set — origin=(0, 33)  size=1512x884  scale=1.0
2026-06-01 17:57:31,785 [INFO] detector: Window info set — origin=(0, 33)  size=1512x884  scale=1.0
2026-06-01 17:57:32,286 [INFO] detector: Window info set — origin=(0, 33)  size=1512x884  scale=1.0
2026-06-01 17:57:32,407 [INFO] macro: State: Catch Complete → Casting
2026-06-01 17:57:32,788 [INFO] detector: Window info set — origin=(0, 33)  size=1512x884  scale=1.0
2026-06-01 17:57:33,289 [INFO] detector: Window info set — origin=(0, 33)  size=1512x884  scale=1.0
2026-06-01 17:57:33,795 [INFO] detector: Window info set — origin=(0, 33)  size=1512x884  scale=1.0
2026-06-01 17:57:34,297 [INFO] detector: Window info set — origin=(0, 33)  size=1512x884  scale=1.0
2026-06-01 17:57:34,799 [INFO] detector: Window info set — origin=(0, 33)  size=1512x884  scale=1.0
2026-06-01 17:57:35,300 [INFO] detector: Window info set — origin=(0, 33)  size=1512x884  scale=1.0
2026-06-01 17:57:35,595 [INFO] macro: State: Casting → Waiting for Bite
2026-06-01 17:57:35,710 [INFO] macro: State: Waiting for Bite → Shaking
2026-06-01 17:57:35,802 [INFO] detector: Window info set — origin=(0, 33)  size=1512x884  scale=1.0
2026-06-01 17:57:36,304 [INFO] detector: Window info set — origin=(0, 33)  size=1512x884  scale=1.0
2026-06-01 17:57:36,805 [INFO] detector: Window info set — origin=(0, 33)  size=1512x884  scale=1.0
2026-06-01 17:57:37,307 [INFO] detector: Window info set — origin=(0, 33)  size=1512x884  scale=1.0
2026-06-01 17:57:37,812 [INFO] detector: Window info set — origin=(0, 33)  size=1512x884  scale=1.0
2026-06-01 17:57:38,231 [INFO] macro: State: Shaking → Reeling
2026-06-01 17:57:38,313 [INFO] detector: Window info set — origin=(0, 33)  size=1512x884  scale=1.0
2026-06-01 17:57:38,815 [INFO] detector: Window info set — origin=(0, 33)  size=1512x884  scale=1.0
2026-06-01 17:57:39,317 [INFO] detector: Window info set — origin=(0, 33)  size=1512x884  scale=1.0
2026-06-01 17:57:39,820 [INFO] detector: Window info set — origin=(0, 33)  size=1512x884  scale=1.0
2026-06-01 17:57:40,322 [INFO] detector: Window info set — origin=(0, 33)  size=1512x884  scale=1.0
2026-06-01 17:57:40,824 [INFO] detector: Window info set — origin=(0, 33)  size=1512x884  scale=1.0
2026-06-01 17:57:41,325 [INFO] detector: Window info set — origin=(0, 33)  size=1512x884  scale=1.0
2026-06-01 17:57:41,828 [INFO] detector: Window info set — origin=(0, 33)  size=1512x884  scale=1.0
2026-06-01 17:57:42,330 [INFO] detector: Window info set — origin=(0, 33)  size=1512x884  scale=1.0
2026-06-01 17:57:42,832 [INFO] detector: Window info set — origin=(0, 33)  size=1512x884  scale=1.0
2026-06-01 17:57:43,333 [INFO] detector: Window info set — origin=(0, 33)  size=1512x884  scale=1.0
2026-06-01 17:57:43,836 [INFO] detector: Window info set — origin=(0, 33)  size=1512x884  scale=1.0
2026-06-01 17:57:44,338 [INFO] detector: Window info set — origin=(0, 33)  size=1512x884  scale=1.0
2026-06-01 17:57:44,839 [INFO] detector: Window info set — origin=(0, 33)  size=1512x884  scale=1.0
2026-06-01 17:57:45,340 [INFO] detector: Window info set — origin=(0, 33)  size=1512x884  scale=1.0
2026-06-01 17:57:45,844 [INFO] detector: Window info set — origin=(0, 33)  size=1512x884  scale=1.0
2026-06-01 17:57:46,345 [INFO] detector: Window info set — origin=(0, 33)  size=1512x884  scale=1.0
2026-06-01 17:57:46,846 [INFO] detector: Window info set — origin=(0, 33)  size=1512x884  scale=1.0
2026-06-01 17:57:47,347 [INFO] detector: Window info set — origin=(0, 33)  size=1512x884  scale=1.0
2026-06-01 17:57:47,853 [INFO] detector: Window info set — origin=(0, 33)  size=1512x884  scale=1.0
2026-06-01 17:57:48,355 [INFO] detector: Window info set — origin=(0, 33)  size=1512x884  scale=1.0
2026-06-01 17:57:48,856 [INFO] detector: Window info set — origin=(0, 33)  size=1512x884  scale=1.0
2026-06-01 17:57:49,358 [INFO] detector: Window info set — origin=(0, 33)  size=1512x884  scale=1.0
2026-06-01 17:57:49,862 [INFO] detector: Window info set — origin=(0, 33)  size=1512x884  scale=1.0
2026-06-01 17:57:50,363 [INFO] detector: Window info set — origin=(0, 33)  size=1512x884  scale=1.0
2026-06-01 17:57:50,865 [INFO] detector: Window info set — origin=(0, 33)  size=1512x884  scale=1.0
2026-06-01 17:57:51,366 [INFO] detector: Window info set — origin=(0, 33)  size=1512x884  scale=1.0
2026-06-01 17:57:51,869 [INFO] detector: Window info set — origin=(0, 33)  size=1512x884  scale=1.0
2026-06-01 17:57:52,371 [INFO] detector: Window info set — origin=(0, 33)  size=1512x884  scale=1.0
2026-06-01 17:57:52,872 [INFO] detector: Window info set — origin=(0, 33)  size=1512x884  scale=1.0
2026-06-01 17:57:53,136 [INFO] controller: Controller stopped.
2026-06-01 17:57:53,136 [INFO] macro: State: Reeling → Stopped
2026-06-01 17:57:53,200 [INFO] macro: Macro loop ended (stop requested)
2026-06-01 17:57:55,361 [INFO] controller: Global hotkey pressed: f6
2026-06-01 17:57:56,137 [INFO] macro: Macro engine stopped
2026-06-01 17:57:56,162 [INFO] detector: Window info set — origin=(0, 33)  size=1512x884  scale=1.0
2026-06-01 17:57:56,164 [INFO] controller: Controller started.
2026-06-01 17:57:56,164 [INFO] macro: Macro engine started
2026-06-01 17:57:56,165 [INFO] macro: State: Stopped → Casting
2026-06-01 17:57:56,659 [INFO] detector: Window info set — origin=(0, 33)  size=1512x884  scale=1.0
2026-06-01 17:57:57,161 [INFO] detector: Window info set — origin=(0, 33)  size=1512x884  scale=1.0
2026-06-01 17:57:57,662 [INFO] detector: Window info set — origin=(0, 33)  size=1512x884  scale=1.0
2026-06-01 17:57:58,166 [INFO] detector: Window info set — origin=(0, 33)  size=1512x884  scale=1.0
2026-06-01 17:57:58,668 [INFO] detector: Window info set — origin=(0, 33)  size=1512x884  scale=1.0
2026-06-01 17:57:59,147 [INFO] macro: State: Casting → Waiting for Bite
2026-06-01 17:57:59,169 [INFO] detector: Window info set — origin=(0, 33)  size=1512x884  scale=1.0
2026-06-01 17:57:59,261 [INFO] macro: Minigame bar detected — fish on the line!
2026-06-01 17:57:59,380 [INFO] macro: State: Waiting for Bite → Reeling
2026-06-01 17:57:59,671 [INFO] detector: Window info set — origin=(0, 33)  size=1512x884  scale=1.0
2026-06-01 17:58:00,092 [INFO] controller: Controller stopped.
2026-06-01 17:58:00,092 [INFO] macro: State: Reeling → Stopped
2026-06-01 17:58:00,173 [INFO] macro: Macro loop ended (stop requested)
2026-06-01 17:58:03,093 [INFO] macro: Macro engine stopped
2026-06-01 17:58:03,099 [INFO] controller: Controller stopped.
2026-06-01 17:58:03,099 [INFO] macro: Macro engine stopped
2026-06-01 17:58:03,830 [INFO] detector: Window info set — origin=(0, 33)  size=1512x884  scale=1.0
2026-06-01 17:58:03,831 [INFO] controller: Controller started.
2026-06-01 17:58:03,831 [INFO] macro: Macro engine started
2026-06-01 17:58:03,832 [INFO] macro: State: Stopped → Casting
2026-06-01 17:58:04,103 [INFO] detector: Window info set — origin=(0, 33)  size=1512x884  scale=1.0
2026-06-01 17:58:04,183 [INFO] controller: Controller stopped.
2026-06-01 17:58:04,183 [INFO] macro: State: Casting → Stopped
2026-06-01 17:58:04,285 [INFO] macro: Macro loop ended (stop requested)
2026-06-01 17:58:07,184 [INFO] macro: Macro engine stopped
2026-06-01 17:58:14,890 [INFO] detector: Window info set — origin=(0, 33)  size=1512x884  scale=1.0
2026-06-01 17:58:14,937 [WARNING] calibrator: Could not identify fish or bar clusters
2026-06-01 17:58:20,638 [INFO] detector: Window info set — origin=(0, 33)  size=1512x884  scale=1.0
2026-06-01 17:58:20,677 [WARNING] calibrator: Could not identify fish or bar clusters
2026-06-01 17:58:22,243 [INFO] detector: Window info set — origin=(0, 33)  size=1512x884  scale=1.0
2026-06-01 17:58:22,280 [WARNING] calibrator: Could not identify fish or bar clusters
2026-06-01 17:58:23,789 [INFO] detector: Window info set — origin=(0, 33)  size=1512x884  scale=1.0
2026-06-01 17:58:23,822 [WARNING] calibrator: Could not identify fish or bar clusters
2026-06-01 17:58:25,567 [INFO] detector: Window info set — origin=(0, 33)  size=1512x884  scale=1.0
2026-06-01 18:00:05,556 [INFO] main: Cleaning up...
2026-06-01 18:00:05,557 [INFO] controller: Controller cleaned up.
2026-06-01 18:00:05,557 [INFO] main: Exiting.
2026-06-01 18:01:19,305 [INFO] main: Starting Fisch Macro...
2026-06-01 18:01:19,334 [INFO] main: Initializing configuration...
2026-06-01 18:01:19,334 [INFO] main: Initializing window tracker...
2026-06-01 18:01:19,334 [INFO] main: Initializing detector...
2026-06-01 18:01:19,334 [INFO] main: Initializing controller...
2026-06-01 18:01:19,334 [INFO] main: Setting up start/stop hotkey on key: f6
2026-06-01 18:01:19,355 [INFO] controller: Global hotkey active: press 'f6' to start/stop the macro.
2026-06-01 18:01:19,355 [INFO] main: Initializing macro engine...
2026-06-01 18:01:19,355 [INFO] main: Starting GUI...
2026-06-01 18:01:24,245 [INFO] src.window_tracker: Display scale factor (Quartz): 1.00
2026-06-01 18:01:24,245 [INFO] detector: Window info set — origin=(0, 33)  size=1512x884  scale=1.0
2026-06-01 18:01:59,575 [INFO] main: Cleaning up...
2026-06-01 18:01:59,576 [INFO] controller: Controller cleaned up.
2026-06-01 18:01:59,576 [INFO] main: Exiting.
2026-06-01 18:04:11,818 [INFO] main: Starting Fisch Macro...
2026-06-01 18:04:11,849 [INFO] main: Initializing configuration...
2026-06-01 18:04:11,850 [INFO] main: Initializing window tracker...
2026-06-01 18:04:11,850 [INFO] main: Initializing detector...
2026-06-01 18:04:11,850 [INFO] main: Initializing controller...
2026-06-01 18:04:11,850 [INFO] main: Setting up start/stop hotkey on key: f6
2026-06-01 18:04:11,871 [INFO] controller: Global hotkey active: press 'f6' to start/stop the macro.
2026-06-01 18:04:11,871 [INFO] main: Initializing macro engine...
2026-06-01 18:04:11,871 [INFO] main: Starting GUI...
2026-06-01 18:04:18,030 [INFO] src.window_tracker: Display scale factor (Quartz): 1.00
2026-06-01 18:04:18,030 [INFO] detector: Window info set — origin=(1049, 780)  size=136x176  scale=1.0
2026-06-01 18:04:27,957 [INFO] detector: Window info set — origin=(0, 33)  size=1512x884  scale=1.0
2026-06-01 18:04:45,211 [INFO] calibrator: ROI from rect (633,778,225,23) → x=[0.419, 0.567]  y=[0.843, 0.869]
2026-06-01 18:04:49,135 [INFO] calibrator: ROI from rect (437,781,612,22) → x=[0.289, 0.694]  y=[0.846, 0.871]
2026-06-01 18:04:52,248 [INFO] calibrator: ROI from rect (573,823,340,13) → x=[0.379, 0.604]  y=[0.894, 0.908]
2026-06-01 18:04:56,622 [INFO] calibrator: ROI from rect (439,780,612,23) → x=[0.290, 0.695]  y=[0.845, 0.871]
2026-06-01 18:05:03,580 [INFO] calibrator: ROI from rect (631,775,227,29) → x=[0.417, 0.567]  y=[0.839, 0.872]
2026-06-01 18:05:06,743 [INFO] calibrator: ROI from rect (433,783,616,15) → x=[0.286, 0.694]  y=[0.848, 0.865]
2026-06-01 18:05:09,027 [INFO] calibrator: ROI from rect (441,782,610,20) → x=[0.292, 0.695]  y=[0.847, 0.870]
2026-06-01 18:05:33,023 [INFO] controller: Global hotkey pressed: f6
2026-06-01 18:05:33,025 [INFO] detector: Window info set — origin=(0, 33)  size=1512x884  scale=1.0
2026-06-01 18:05:33,027 [INFO] controller: Controller started.
2026-06-01 18:05:33,027 [INFO] macro: Macro engine started
2026-06-01 18:05:33,028 [INFO] macro: State: Idle → Casting
2026-06-01 18:05:33,223 [INFO] detector: Window info set — origin=(0, 33)  size=1512x884  scale=1.0
2026-06-01 18:05:33,725 [INFO] detector: Window info set — origin=(0, 33)  size=1512x884  scale=1.0
2026-06-01 18:05:34,228 [INFO] detector: Window info set — origin=(0, 33)  size=1512x884  scale=1.0
2026-06-01 18:05:34,730 [INFO] detector: Window info set — origin=(0, 33)  size=1512x884  scale=1.0
2026-06-01 18:05:35,232 [INFO] detector: Window info set — origin=(0, 33)  size=1512x884  scale=1.0
2026-06-01 18:05:35,734 [INFO] detector: Window info set — origin=(0, 33)  size=1512x884  scale=1.0
2026-06-01 18:05:36,045 [INFO] macro: State: Casting → Waiting for Bite
2026-06-01 18:05:36,169 [INFO] macro: Minigame bar detected — fish on the line!
2026-06-01 18:05:36,235 [INFO] macro: State: Waiting for Bite → Reeling
2026-06-01 18:05:36,237 [INFO] detector: Window info set — origin=(0, 33)  size=1512x884  scale=1.0
2026-06-01 18:05:36,739 [INFO] detector: Window info set — origin=(0, 33)  size=1512x884  scale=1.0
2026-06-01 18:05:37,240 [INFO] detector: Window info set — origin=(0, 33)  size=1512x884  scale=1.0
2026-06-01 18:05:37,742 [INFO] detector: Window info set — origin=(0, 33)  size=1512x884  scale=1.0
2026-06-01 18:05:38,245 [INFO] detector: Window info set — origin=(0, 33)  size=1512x884  scale=1.0
2026-06-01 18:05:38,747 [INFO] detector: Window info set — origin=(0, 33)  size=1512x884  scale=1.0
2026-06-01 18:05:39,248 [INFO] detector: Window info set — origin=(0, 33)  size=1512x884  scale=1.0
2026-06-01 18:05:39,749 [INFO] detector: Window info set — origin=(0, 33)  size=1512x884  scale=1.0
2026-06-01 18:05:40,254 [INFO] detector: Window info set — origin=(0, 33)  size=1512x884  scale=1.0
2026-06-01 18:05:40,755 [INFO] detector: Window info set — origin=(0, 33)  size=1512x884  scale=1.0
2026-06-01 18:05:41,257 [INFO] detector: Window info set — origin=(0, 33)  size=1512x884  scale=1.0
2026-06-01 18:05:41,759 [INFO] detector: Window info set — origin=(0, 33)  size=1512x884  scale=1.0
2026-06-01 18:05:42,262 [INFO] detector: Window info set — origin=(0, 33)  size=1512x884  scale=1.0
2026-06-01 18:05:42,763 [INFO] detector: Window info set — origin=(0, 33)  size=1512x884  scale=1.0
2026-06-01 18:05:43,264 [INFO] detector: Window info set — origin=(0, 33)  size=1512x884  scale=1.0
2026-06-01 18:05:43,766 [INFO] detector: Window info set — origin=(0, 33)  size=1512x884  scale=1.0
2026-06-01 18:05:44,269 [INFO] detector: Window info set — origin=(0, 33)  size=1512x884  scale=1.0
2026-06-01 18:05:44,770 [INFO] detector: Window info set — origin=(0, 33)  size=1512x884  scale=1.0
2026-06-01 18:05:45,271 [INFO] detector: Window info set — origin=(0, 33)  size=1512x884  scale=1.0
2026-06-01 18:05:45,773 [INFO] detector: Window info set — origin=(0, 33)  size=1512x884  scale=1.0
2026-06-01 18:05:46,277 [INFO] detector: Window info set — origin=(0, 33)  size=1512x884  scale=1.0
2026-06-01 18:05:46,779 [INFO] detector: Window info set — origin=(0, 33)  size=1512x884  scale=1.0
2026-06-01 18:05:47,280 [INFO] detector: Window info set — origin=(0, 33)  size=1512x884  scale=1.0
2026-06-01 18:05:47,782 [INFO] detector: Window info set — origin=(0, 33)  size=1512x884  scale=1.0
2026-06-01 18:05:48,286 [INFO] detector: Window info set — origin=(0, 33)  size=1512x884  scale=1.0
2026-06-01 18:05:48,788 [INFO] detector: Window info set — origin=(0, 33)  size=1512x884  scale=1.0
2026-06-01 18:05:49,289 [INFO] detector: Window info set — origin=(0, 33)  size=1512x884  scale=1.0
2026-06-01 18:05:49,790 [INFO] detector: Window info set — origin=(0, 33)  size=1512x884  scale=1.0
2026-06-01 18:05:50,294 [INFO] detector: Window info set — origin=(0, 33)  size=1512x884  scale=1.0
2026-06-01 18:05:50,377 [INFO] controller: Global hotkey pressed: f6
2026-06-01 18:05:50,529 [INFO] controller: Controller stopped.
2026-06-01 18:05:50,529 [INFO] macro: State: Reeling → Stopped
2026-06-01 18:05:50,704 [INFO] macro: Macro loop ended (stop requested)
2026-06-01 18:05:53,530 [INFO] macro: Macro engine stopped
2026-06-01 18:05:54,414 [INFO] main: Cleaning up...
2026-06-01 18:05:54,414 [INFO] controller: Controller cleaned up.
2026-06-01 18:05:54,415 [INFO] main: Exiting.
2026-06-01 18:11:10,971 [INFO] main: Starting Fisch Macro...
2026-06-01 18:11:11,000 [INFO] main: Initializing configuration...
2026-06-01 18:11:11,001 [INFO] main: Initializing window tracker...
2026-06-01 18:11:11,001 [INFO] main: Initializing detector...
2026-06-01 18:11:11,001 [INFO] main: Initializing controller...
2026-06-01 18:11:11,001 [INFO] main: Setting up start/stop hotkey on key: f6
2026-06-01 18:11:11,021 [INFO] controller: Global hotkey active: press 'f6' to start/stop the macro.
2026-06-01 18:11:11,022 [INFO] main: Initializing macro engine...
2026-06-01 18:11:11,022 [INFO] main: Starting GUI...
2026-06-01 18:11:18,678 [INFO] src.window_tracker: Display scale factor (Quartz): 1.00
2026-06-01 18:11:18,679 [INFO] detector: Window info set — origin=(0, 33)  size=1512x884  scale=1.0
2026-06-01 18:11:57,440 [INFO] main: Cleaning up...
2026-06-01 18:11:57,441 [INFO] controller: Controller cleaned up.
2026-06-01 18:11:57,441 [INFO] main: Exiting.
2026-06-01 18:12:36,120 [INFO] main: Starting Fisch Macro...
2026-06-01 18:12:36,149 [INFO] main: Initializing configuration...
2026-06-01 18:12:36,149 [INFO] main: Initializing window tracker...
2026-06-01 18:12:36,149 [INFO] main: Initializing detector...
2026-06-01 18:12:36,149 [INFO] main: Initializing controller...
2026-06-01 18:12:36,149 [INFO] main: Setting up start/stop hotkey on key: f6
2026-06-01 18:12:36,168 [INFO] controller: Global hotkey active: press 'f6' to start/stop the macro.
2026-06-01 18:12:36,168 [INFO] main: Initializing macro engine...
2026-06-01 18:12:36,168 [INFO] main: Starting GUI...
2026-06-01 18:13:03,722 [INFO] main: Cleaning up...
2026-06-01 18:13:03,723 [INFO] controller: Controller cleaned up.
2026-06-01 18:13:03,723 [INFO] main: Exiting.
2026-06-01 18:16:17,174 [INFO] main: Starting Fisch Macro...
2026-06-01 18:16:17,208 [INFO] main: Initializing configuration...
2026-06-01 18:16:17,208 [INFO] main: Initializing window tracker...
2026-06-01 18:16:17,208 [INFO] main: Initializing detector...
2026-06-01 18:16:17,208 [INFO] main: Initializing controller...
2026-06-01 18:16:17,208 [INFO] main: Setting up start/stop hotkey on key: f6
2026-06-01 18:16:17,232 [INFO] controller: Global hotkey active: press 'f6' to start/stop the macro.
2026-06-01 18:16:17,232 [INFO] main: Initializing macro engine...
2026-06-01 18:16:17,232 [INFO] main: Starting GUI...
2026-06-01 18:16:25,778 [INFO] src.window_tracker: Display scale factor (Quartz): 1.00
2026-06-01 18:16:25,778 [INFO] detector: Window info set — origin=(0, 33)  size=1512x884  scale=1.0
2026-06-01 18:16:30,685 [INFO] detector: Window info set — origin=(0, 33)  size=1512x884  scale=1.0
2026-06-01 18:16:30,686 [INFO] controller: Controller started.
2026-06-01 18:16:30,686 [INFO] macro: Macro engine started
2026-06-01 18:16:30,686 [INFO] macro: State: Idle → Casting
2026-06-01 18:16:30,900 [INFO] controller: Controller stopped.
2026-06-01 18:16:30,900 [INFO] macro: State: Casting → Stopped
2026-06-01 18:16:31,000 [INFO] macro: Macro loop ended (stop requested)
2026-06-01 18:16:33,901 [INFO] macro: Macro engine stopped
2026-06-01 18:16:37,010 [INFO] detector: Window info set — origin=(0, 33)  size=1512x884  scale=1.0
2026-06-01 18:16:37,011 [INFO] controller: Controller started.
2026-06-01 18:16:37,011 [INFO] macro: Macro engine started
2026-06-01 18:16:37,011 [INFO] macro: State: Stopped → Casting
2026-06-01 18:16:37,095 [INFO] controller: Controller stopped.
2026-06-01 18:16:37,095 [INFO] macro: State: Casting → Stopped
2026-06-01 18:16:37,195 [INFO] macro: Macro loop ended (stop requested)
2026-06-01 18:16:40,096 [INFO] macro: Macro engine stopped
2026-06-01 18:16:48,760 [INFO] controller: Global hotkey pressed: f6
2026-06-01 18:16:48,763 [INFO] detector: Window info set — origin=(0, 33)  size=1512x884  scale=1.0
2026-06-01 18:16:48,766 [INFO] controller: Controller started.
2026-06-01 18:16:48,766 [INFO] macro: Macro engine started
2026-06-01 18:16:48,766 [INFO] macro: State: Stopped → Casting
2026-06-01 18:16:49,148 [INFO] detector: Window info set — origin=(0, 33)  size=1512x884  scale=1.0
2026-06-01 18:16:49,649 [INFO] detector: Window info set — origin=(0, 33)  size=1512x884  scale=1.0
2026-06-01 18:16:50,153 [INFO] detector: Window info set — origin=(0, 33)  size=1512x884  scale=1.0
2026-06-01 18:16:50,654 [INFO] detector: Window info set — origin=(0, 33)  size=1512x884  scale=1.0
2026-06-01 18:16:51,155 [INFO] detector: Window info set — origin=(0, 33)  size=1512x884  scale=1.0
2026-06-01 18:16:51,657 [INFO] detector: Window info set — origin=(0, 33)  size=1512x884  scale=1.0
2026-06-01 18:16:51,740 [INFO] macro: State: Casting → Waiting for Bite
2026-06-01 18:16:51,838 [INFO] macro: State: Waiting for Bite → Shaking
2026-06-01 18:16:52,159 [INFO] macro: State: Shaking → Reeling
2026-06-01 18:16:52,162 [INFO] detector: Window info set — origin=(0, 33)  size=1512x884  scale=1.0
2026-06-01 18:16:52,664 [INFO] detector: Window info set — origin=(0, 33)  size=1512x884  scale=1.0
2026-06-01 18:16:53,165 [INFO] detector: Window info set — origin=(0, 33)  size=1512x884  scale=1.0
2026-06-01 18:16:53,667 [INFO] detector: Window info set — origin=(0, 33)  size=1512x884  scale=1.0
2026-06-01 18:16:54,171 [INFO] detector: Window info set — origin=(0, 33)  size=1512x884  scale=1.0
2026-06-01 18:16:54,673 [INFO] detector: Window info set — origin=(0, 33)  size=1512x884  scale=1.0
2026-06-01 18:16:55,175 [INFO] detector: Window info set — origin=(0, 33)  size=1512x884  scale=1.0
2026-06-01 18:16:55,677 [INFO] detector: Window info set — origin=(0, 33)  size=1512x884  scale=1.0
2026-06-01 18:16:56,181 [INFO] detector: Window info set — origin=(0, 33)  size=1512x884  scale=1.0
2026-06-01 18:16:56,682 [INFO] detector: Window info set — origin=(0, 33)  size=1512x884  scale=1.0
2026-06-01 18:16:57,184 [INFO] detector: Window info set — origin=(0, 33)  size=1512x884  scale=1.0
2026-06-01 18:16:57,686 [INFO] detector: Window info set — origin=(0, 33)  size=1512x884  scale=1.0
2026-06-01 18:16:58,189 [INFO] detector: Window info set — origin=(0, 33)  size=1512x884  scale=1.0
2026-06-01 18:16:58,690 [INFO] detector: Window info set — origin=(0, 33)  size=1512x884  scale=1.0
2026-06-01 18:16:59,192 [INFO] detector: Window info set — origin=(0, 33)  size=1512x884  scale=1.0
2026-06-01 18:16:59,694 [INFO] detector: Window info set — origin=(0, 33)  size=1512x884  scale=1.0
2026-06-01 18:17:00,197 [INFO] detector: Window info set — origin=(0, 33)  size=1512x884  scale=1.0
2026-06-01 18:17:00,698 [INFO] detector: Window info set — origin=(0, 33)  size=1512x884  scale=1.0
2026-06-01 18:17:01,199 [INFO] detector: Window info set — origin=(0, 33)  size=1512x884  scale=1.0
2026-06-01 18:17:01,400 [INFO] controller: Global hotkey pressed: f6
2026-06-01 18:17:01,441 [INFO] controller: Controller stopped.
2026-06-01 18:17:01,441 [INFO] macro: State: Reeling → Stopped
2026-06-01 18:17:01,572 [INFO] macro: Macro loop ended (stop requested)
2026-06-01 18:17:02,363 [INFO] controller: Global hotkey pressed: f6
2026-06-01 18:17:04,442 [INFO] macro: Macro engine stopped
2026-06-01 18:17:04,460 [INFO] detector: Window info set — origin=(0, 33)  size=1512x884  scale=1.0
2026-06-01 18:17:04,461 [INFO] controller: Controller started.
2026-06-01 18:17:04,461 [INFO] macro: Macro engine started
2026-06-01 18:17:04,462 [INFO] macro: State: Stopped → Casting
2026-06-01 18:17:04,462 [INFO] controller: Controller stopped.
2026-06-01 18:17:04,462 [INFO] macro: State: Casting → Stopped
2026-06-01 18:17:07,463 [INFO] macro: Macro engine stopped
2026-06-01 18:17:07,464 [INFO] detector: Window info set — origin=(0, 33)  size=1512x884  scale=1.0
2026-06-01 18:17:07,465 [INFO] controller: Controller started.
2026-06-01 18:17:07,465 [INFO] macro: Macro engine started
2026-06-01 18:17:07,466 [INFO] macro: State: Stopped → Casting
2026-06-01 18:17:07,466 [INFO] controller: Controller stopped.
2026-06-01 18:17:07,466 [INFO] macro: State: Casting → Stopped
2026-06-01 18:17:10,467 [INFO] macro: Macro engine stopped
2026-06-01 18:17:10,471 [INFO] detector: Window info set — origin=(0, 33)  size=1512x884  scale=1.0
2026-06-01 18:17:10,471 [INFO] controller: Controller started.
2026-06-01 18:17:10,472 [INFO] macro: Macro engine started
2026-06-01 18:17:10,472 [INFO] macro: State: Stopped → Casting
2026-06-01 18:17:10,479 [INFO] controller: Controller stopped.
2026-06-01 18:17:10,479 [INFO] macro: State: Casting → Stopped
2026-06-01 18:17:13,480 [INFO] macro: Macro engine stopped
2026-06-01 18:17:13,482 [INFO] controller: Controller stopped.
2026-06-01 18:17:13,482 [INFO] macro: Macro engine stopped
2026-06-01 18:17:13,515 [INFO] macro: Macro loop ended (stop requested)
2026-06-01 18:17:13,515 [INFO] macro: Macro loop ended (stop requested)
2026-06-01 18:17:13,517 [INFO] macro: Macro loop ended (stop requested)
2026-06-01 18:17:28,905 [INFO] detector: Window info set — origin=(0, 33)  size=1512x884  scale=1.0
2026-06-01 18:17:28,931 [WARNING] calibrator: Could not identify fish or bar clusters
2026-06-01 18:17:30,754 [INFO] detector: Window info set — origin=(0, 33)  size=1512x884  scale=1.0
2026-06-01 18:17:40,421 [INFO] detector: Window info set — origin=(0, 33)  size=1512x884  scale=1.0
2026-06-01 18:18:30,727 [INFO] calibrator: ROI from rect (620,775,228,27) → x=[0.410, 0.561]  y=[0.839, 0.870]
2026-06-01 18:18:40,527 [INFO] calibrator: ROI from rect (427,781,611,20) → x=[0.282, 0.687]  y=[0.846, 0.869]
2026-06-01 18:18:46,322 [INFO] calibrator: ROI from rect (565,824,339,13) → x=[0.374, 0.598]  y=[0.895, 0.910]
2026-06-01 18:18:59,663 [INFO] detector: Window info set — origin=(0, 33)  size=1512x884  scale=1.0
2026-06-01 18:18:59,664 [INFO] controller: Controller started.
2026-06-01 18:18:59,664 [INFO] macro: Macro engine started
2026-06-01 18:18:59,665 [INFO] macro: State: Stopped → Casting
2026-06-01 18:18:59,947 [INFO] detector: Window info set — origin=(0, 33)  size=1512x884  scale=1.0
2026-06-01 18:19:00,045 [INFO] controller: Controller stopped.
2026-06-01 18:19:00,045 [INFO] macro: State: Casting → Stopped
2026-06-01 18:19:00,165 [INFO] macro: Macro loop ended (stop requested)
2026-06-01 18:19:03,046 [INFO] macro: Macro engine stopped
2026-06-01 18:19:04,053 [INFO] controller: Global hotkey pressed: f6
2026-06-01 18:19:04,056 [INFO] detector: Window info set — origin=(0, 33)  size=1512x884  scale=1.0
2026-06-01 18:19:04,059 [INFO] controller: Controller started.
2026-06-01 18:19:04,059 [INFO] macro: Macro engine started
2026-06-01 18:19:04,060 [INFO] macro: State: Stopped → Casting
2026-06-01 18:19:04,064 [INFO] detector: Window info set — origin=(0, 33)  size=1512x884  scale=1.0
2026-06-01 18:19:04,566 [INFO] detector: Window info set — origin=(0, 33)  size=1512x884  scale=1.0
2026-06-01 18:19:05,070 [INFO] detector: Window info set — origin=(0, 33)  size=1512x884  scale=1.0
2026-06-01 18:19:05,572 [INFO] detector: Window info set — origin=(0, 33)  size=1512x884  scale=1.0
2026-06-01 18:19:06,074 [INFO] detector: Window info set — origin=(0, 33)  size=1512x884  scale=1.0
2026-06-01 18:19:06,574 [INFO] detector: Window info set — origin=(0, 33)  size=1512x884  scale=1.0
2026-06-01 18:19:07,044 [INFO] macro: State: Casting → Waiting for Bite
2026-06-01 18:19:07,079 [INFO] detector: Window info set — origin=(0, 33)  size=1512x884  scale=1.0
2026-06-01 18:19:07,230 [INFO] macro: Minigame bar detected — fish on the line!
2026-06-01 18:19:07,231 [INFO] macro: State: Waiting for Bite → Reeling
2026-06-01 18:19:07,581 [INFO] detector: Window info set — origin=(0, 33)  size=1512x884  scale=1.0
2026-06-01 18:19:08,083 [INFO] detector: Window info set — origin=(0, 33)  size=1512x884  scale=1.0
2026-06-01 18:19:08,584 [INFO] detector: Window info set — origin=(0, 33)  size=1512x884  scale=1.0
2026-06-01 18:19:09,087 [INFO] detector: Window info set — origin=(0, 33)  size=1512x884  scale=1.0
2026-06-01 18:19:09,589 [INFO] detector: Window info set — origin=(0, 33)  size=1512x884  scale=1.0
2026-06-01 18:19:10,091 [INFO] detector: Window info set — origin=(0, 33)  size=1512x884  scale=1.0
2026-06-01 18:19:10,593 [INFO] detector: Window info set — origin=(0, 33)  size=1512x884  scale=1.0
2026-06-01 18:19:11,096 [INFO] detector: Window info set — origin=(0, 33)  size=1512x884  scale=1.0
2026-06-01 18:19:11,599 [INFO] detector: Window info set — origin=(0, 33)  size=1512x884  scale=1.0
2026-06-01 18:19:12,100 [INFO] detector: Window info set — origin=(0, 33)  size=1512x884  scale=1.0
2026-06-01 18:19:12,601 [INFO] detector: Window info set — origin=(0, 33)  size=1512x884  scale=1.0
2026-06-01 18:19:13,104 [INFO] detector: Window info set — origin=(0, 33)  size=1512x884  scale=1.0
2026-06-01 18:19:13,607 [INFO] detector: Window info set — origin=(0, 33)  size=1512x884  scale=1.0
2026-06-01 18:19:14,108 [INFO] detector: Window info set — origin=(0, 33)  size=1512x884  scale=1.0
2026-06-01 18:19:14,219 [INFO] controller: Global hotkey pressed: f6
2026-06-01 18:19:14,221 [INFO] controller: Controller stopped.
2026-06-01 18:19:14,221 [INFO] macro: State: Reeling → Stopped
2026-06-01 18:19:14,410 [INFO] macro: Macro loop ended (stop requested)
2026-06-01 18:19:17,221 [INFO] macro: Macro engine stopped
2026-06-01 18:19:19,765 [INFO] controller: Global hotkey active: press 'f6' to start/stop the macro.
2026-06-01 18:23:51,593 [INFO] main: Starting Fisch Macro...
2026-06-01 18:23:51,623 [INFO] main: Initializing configuration...
2026-06-01 18:23:51,623 [INFO] main: Initializing window tracker...
2026-06-01 18:23:51,623 [INFO] main: Initializing detector...
2026-06-01 18:23:51,623 [INFO] main: Initializing controller...
2026-06-01 18:23:51,623 [INFO] main: Setting up start/stop hotkey on key: f6
2026-06-01 18:23:51,645 [INFO] controller: Global hotkey active: press 'f6' to start/stop the macro.
2026-06-01 18:23:51,645 [INFO] main: Initializing macro engine...
2026-06-01 18:23:51,645 [INFO] main: Starting GUI...
2026-06-01 18:23:51,645 [ERROR] main: Failed to start macro: Too early to create variable: no default root window
Traceback (most recent call last):
  File "/Users/owenleung/Documents/Programs/fisch-macro/main.py", line 88, in main
    app = MacroGUI(macro_engine, config_manager, window_tracker)
  File "/Users/owenleung/Documents/Programs/fisch-macro/src/gui.py", line 81, in __init__
    self.profile_var = tk.StringVar(value=self.settings.active_profile)
                       ~~~~~~~~~~~~^^^^^^^^^^^^^^^^^^^^^^^^^^^^^^^^^^^^
  File "/opt/homebrew/Cellar/python@3.14/3.14.5/Frameworks/Python.framework/Versions/3.14/lib/python3.14/tkinter/__init__.py", line 579, in __init__
    Variable.__init__(self, master, value, name)
    ~~~~~~~~~~~~~~~~~^^^^^^^^^^^^^^^^^^^^^^^^^^^
  File "/opt/homebrew/Cellar/python@3.14/3.14.5/Frameworks/Python.framework/Versions/3.14/lib/python3.14/tkinter/__init__.py", line 399, in __init__
    master = _get_default_root('create variable')
  File "/opt/homebrew/Cellar/python@3.14/3.14.5/Frameworks/Python.framework/Versions/3.14/lib/python3.14/tkinter/__init__.py", line 325, in _get_default_root
    raise RuntimeError(f"Too early to {what}: no default root window")
RuntimeError: Too early to create variable: no default root window
2026-06-01 18:23:51,647 [INFO] main: Cleaning up...
2026-06-01 18:23:51,647 [INFO] controller: Controller cleaned up.
2026-06-01 18:23:51,647 [INFO] main: Exiting.
2026-06-01 18:23:59,215 [INFO] main: Starting Fisch Macro...
2026-06-01 18:23:59,241 [INFO] main: Initializing configuration...
2026-06-01 18:23:59,241 [INFO] main: Initializing window tracker...
2026-06-01 18:23:59,241 [INFO] main: Initializing detector...
2026-06-01 18:23:59,241 [INFO] main: Initializing controller...
2026-06-01 18:23:59,241 [INFO] main: Setting up start/stop hotkey on key: f6
2026-06-01 18:23:59,260 [INFO] controller: Global hotkey active: press 'f6' to start/stop the macro.
2026-06-01 18:23:59,260 [INFO] main: Initializing macro engine...
2026-06-01 18:23:59,260 [INFO] main: Starting GUI...
2026-06-01 18:23:59,260 [ERROR] main: Failed to start macro: Too early to create variable: no default root window
Traceback (most recent call last):
  File "/Users/owenleung/Documents/Programs/fisch-macro/main.py", line 88, in main
    app = MacroGUI(macro_engine, config_manager, window_tracker)
  File "/Users/owenleung/Documents/Programs/fisch-macro/src/gui.py", line 81, in __init__
    self.profile_var = tk.StringVar(value=self.settings.active_profile)
                       ~~~~~~~~~~~~^^^^^^^^^^^^^^^^^^^^^^^^^^^^^^^^^^^^
  File "/opt/homebrew/Cellar/python@3.14/3.14.5/Frameworks/Python.framework/Versions/3.14/lib/python3.14/tkinter/__init__.py", line 579, in __init__
    Variable.__init__(self, master, value, name)
    ~~~~~~~~~~~~~~~~~^^^^^^^^^^^^^^^^^^^^^^^^^^^
  File "/opt/homebrew/Cellar/python@3.14/3.14.5/Frameworks/Python.framework/Versions/3.14/lib/python3.14/tkinter/__init__.py", line 399, in __init__
    master = _get_default_root('create variable')
  File "/opt/homebrew/Cellar/python@3.14/3.14.5/Frameworks/Python.framework/Versions/3.14/lib/python3.14/tkinter/__init__.py", line 325, in _get_default_root
    raise RuntimeError(f"Too early to {what}: no default root window")
RuntimeError: Too early to create variable: no default root window
2026-06-01 18:23:59,262 [INFO] main: Cleaning up...
2026-06-01 18:23:59,262 [INFO] controller: Controller cleaned up.
2026-06-01 18:23:59,262 [INFO] main: Exiting.
2026-06-01 18:25:37,665 [INFO] main: Starting Fisch Macro...
2026-06-01 18:25:37,692 [INFO] main: Initializing configuration...
2026-06-01 18:25:37,692 [INFO] main: Initializing window tracker...
2026-06-01 18:25:37,692 [INFO] main: Initializing detector...
2026-06-01 18:25:37,692 [INFO] main: Initializing controller...
2026-06-01 18:25:37,692 [INFO] main: Setting up start/stop hotkey on key: f6
2026-06-01 18:25:37,712 [INFO] controller: Global hotkey active: press 'f6' to start/stop the macro.
2026-06-01 18:25:37,712 [INFO] main: Initializing macro engine...
2026-06-01 18:25:37,712 [INFO] main: Starting GUI...
2026-06-01 18:25:41,314 [INFO] controller: Global hotkey pressed: f6
2026-06-01 18:25:41,315 [INFO] src.window_tracker: Display scale factor (Quartz): 1.00
2026-06-01 18:25:41,316 [INFO] detector: Window info set — origin=(0, 33)  size=1512x884  scale=1.0
2026-06-01 18:25:41,318 [INFO] controller: Controller started.
2026-06-01 18:25:41,318 [INFO] macro: Macro engine started
2026-06-01 18:25:41,318 [INFO] macro: State: Idle → Casting
2026-06-01 18:25:41,390 [INFO] detector: Window info set — origin=(0, 33)  size=1512x884  scale=1.0
2026-06-01 18:25:41,894 [INFO] detector: Window info set — origin=(0, 33)  size=1512x884  scale=1.0
2026-06-01 18:25:42,395 [INFO] detector: Window info set — origin=(0, 33)  size=1512x884  scale=1.0
2026-06-01 18:25:42,897 [INFO] detector: Window info set — origin=(0, 33)  size=1512x884  scale=1.0
2026-06-01 18:25:43,335 [INFO] macro: State: Casting → Waiting for Bite
2026-06-01 18:25:43,399 [INFO] detector: Window info set — origin=(0, 33)  size=1512x884  scale=1.0
2026-06-01 18:25:43,703 [INFO] macro: Minigame bar detected — fish on the line!
2026-06-01 18:25:43,704 [INFO] macro: State: Waiting for Bite → Reeling
2026-06-01 18:25:43,902 [INFO] detector: Window info set — origin=(0, 33)  size=1512x884  scale=1.0
2026-06-01 18:25:44,403 [INFO] detector: Window info set — origin=(0, 33)  size=1512x884  scale=1.0
2026-06-01 18:25:44,905 [INFO] detector: Window info set — origin=(0, 33)  size=1512x884  scale=1.0
2026-06-01 18:25:45,407 [INFO] detector: Window info set — origin=(0, 33)  size=1512x884  scale=1.0
2026-06-01 18:25:45,912 [INFO] detector: Window info set — origin=(0, 33)  size=1512x884  scale=1.0
2026-06-01 18:25:46,414 [INFO] detector: Window info set — origin=(0, 33)  size=1512x884  scale=1.0
2026-06-01 18:25:46,916 [INFO] detector: Window info set — origin=(0, 33)  size=1512x884  scale=1.0
2026-06-01 18:25:47,417 [INFO] detector: Window info set — origin=(0, 33)  size=1512x884  scale=1.0
2026-06-01 18:25:47,858 [INFO] controller: Controller stopped.
2026-06-01 18:25:47,858 [INFO] macro: State: Reeling → Stopped
2026-06-01 18:25:47,924 [INFO] macro: Macro loop ended (stop requested)
2026-06-01 18:25:50,859 [INFO] macro: Macro engine stopped
2026-06-01 18:25:59,296 [INFO] detector: Window info set — origin=(0, 33)  size=1512x884  scale=1.0
2026-06-01 18:26:14,858 [INFO] detector: Window info set — origin=(0, 33)  size=1512x884  scale=1.0
2026-06-01 18:26:41,263 [INFO] calibrator: ROI from rect (438,780,615,22) → x=[0.290, 0.696]  y=[0.845, 0.870]
2026-06-01 18:26:51,677 [INFO] calibrator: ROI from rect (573,823,342,13) → x=[0.379, 0.605]  y=[0.894, 0.908]
2026-06-01 18:27:12,715 [INFO] calibrator: ROI from rect (5,7,1502,936) → x=[0.003, 0.997]  y=[0.000, 1.000]
2026-06-01 18:27:21,253 [INFO] controller: Global hotkey pressed: f6
2026-06-01 18:27:21,268 [INFO] detector: Window info set — origin=(0, 33)  size=1512x884  scale=1.0
2026-06-01 18:27:21,270 [INFO] controller: Controller started.
2026-06-01 18:27:21,270 [INFO] macro: Macro engine started
2026-06-01 18:27:21,271 [INFO] macro: State: Stopped → Casting
2026-06-01 18:27:21,545 [INFO] detector: Window info set — origin=(0, 33)  size=1512x884  scale=1.0
2026-06-01 18:27:22,050 [INFO] detector: Window info set — origin=(0, 33)  size=1512x884  scale=1.0
2026-06-01 18:27:22,551 [INFO] detector: Window info set — origin=(0, 33)  size=1512x884  scale=1.0
2026-06-01 18:27:23,053 [INFO] detector: Window info set — origin=(0, 33)  size=1512x884  scale=1.0
2026-06-01 18:27:23,235 [INFO] macro: State: Casting → Waiting for Bite
2026-06-01 18:27:23,554 [INFO] detector: Window info set — origin=(0, 33)  size=1512x884  scale=1.0
2026-06-01 18:27:23,640 [INFO] macro: Minigame bar detected — fish on the line!
2026-06-01 18:27:23,676 [INFO] macro: State: Waiting for Bite → Reeling
2026-06-01 18:27:24,057 [INFO] detector: Window info set — origin=(0, 33)  size=1512x884  scale=1.0
2026-06-01 18:27:24,558 [INFO] detector: Window info set — origin=(0, 33)  size=1512x884  scale=1.0
2026-06-01 18:27:25,059 [INFO] detector: Window info set — origin=(0, 33)  size=1512x884  scale=1.0
2026-06-01 18:27:25,560 [INFO] detector: Window info set — origin=(0, 33)  size=1512x884  scale=1.0
2026-06-01 18:27:26,066 [INFO] detector: Window info set — origin=(0, 33)  size=1512x884  scale=1.0
2026-06-01 18:27:26,568 [INFO] detector: Window info set — origin=(0, 33)  size=1512x884  scale=1.0
2026-06-01 18:27:27,069 [INFO] detector: Window info set — origin=(0, 33)  size=1512x884  scale=1.0
2026-06-01 18:27:27,571 [INFO] detector: Window info set — origin=(0, 33)  size=1512x884  scale=1.0
2026-06-01 18:27:28,075 [INFO] detector: Window info set — origin=(0, 33)  size=1512x884  scale=1.0
2026-06-01 18:27:28,577 [INFO] detector: Window info set — origin=(0, 33)  size=1512x884  scale=1.0
2026-06-01 18:27:29,079 [INFO] detector: Window info set — origin=(0, 33)  size=1512x884  scale=1.0
2026-06-01 18:27:29,580 [INFO] detector: Window info set — origin=(0, 33)  size=1512x884  scale=1.0
2026-06-01 18:27:30,084 [INFO] detector: Window info set — origin=(0, 33)  size=1512x884  scale=1.0
2026-06-01 18:27:30,586 [INFO] detector: Window info set — origin=(0, 33)  size=1512x884  scale=1.0
2026-06-01 18:27:31,087 [INFO] detector: Window info set — origin=(0, 33)  size=1512x884  scale=1.0
2026-06-01 18:27:31,589 [INFO] detector: Window info set — origin=(0, 33)  size=1512x884  scale=1.0
2026-06-01 18:27:32,091 [INFO] detector: Window info set — origin=(0, 33)  size=1512x884  scale=1.0
2026-06-01 18:27:32,592 [INFO] detector: Window info set — origin=(0, 33)  size=1512x884  scale=1.0
2026-06-01 18:27:33,094 [INFO] detector: Window info set — origin=(0, 33)  size=1512x884  scale=1.0
2026-06-01 18:27:33,595 [INFO] detector: Window info set — origin=(0, 33)  size=1512x884  scale=1.0
2026-06-01 18:27:34,098 [INFO] detector: Window info set — origin=(0, 33)  size=1512x884  scale=1.0
2026-06-01 18:27:34,599 [INFO] detector: Window info set — origin=(0, 33)  size=1512x884  scale=1.0
2026-06-01 18:27:35,101 [INFO] detector: Window info set — origin=(0, 33)  size=1512x884  scale=1.0
2026-06-01 18:27:35,603 [INFO] detector: Window info set — origin=(0, 33)  size=1512x884  scale=1.0
2026-06-01 18:27:36,109 [INFO] detector: Window info set — origin=(0, 33)  size=1512x884  scale=1.0
2026-06-01 18:27:36,611 [INFO] detector: Window info set — origin=(0, 33)  size=1512x884  scale=1.0
2026-06-01 18:27:37,112 [INFO] detector: Window info set — origin=(0, 33)  size=1512x884  scale=1.0
2026-06-01 18:27:37,614 [INFO] detector: Window info set — origin=(0, 33)  size=1512x884  scale=1.0
2026-06-01 18:27:38,117 [INFO] detector: Window info set — origin=(0, 33)  size=1512x884  scale=1.0
2026-06-01 18:27:38,619 [INFO] detector: Window info set — origin=(0, 33)  size=1512x884  scale=1.0
2026-06-01 18:27:39,120 [INFO] detector: Window info set — origin=(0, 33)  size=1512x884  scale=1.0
2026-06-01 18:27:39,622 [INFO] detector: Window info set — origin=(0, 33)  size=1512x884  scale=1.0
2026-06-01 18:27:40,124 [INFO] detector: Window info set — origin=(0, 33)  size=1512x884  scale=1.0
2026-06-01 18:27:40,626 [INFO] detector: Window info set — origin=(0, 33)  size=1512x884  scale=1.0
2026-06-01 18:27:41,128 [INFO] detector: Window info set — origin=(0, 33)  size=1512x884  scale=1.0
2026-06-01 18:27:41,629 [INFO] detector: Window info set — origin=(0, 33)  size=1512x884  scale=1.0
2026-06-01 18:27:42,132 [INFO] detector: Window info set — origin=(0, 33)  size=1512x884  scale=1.0
2026-06-01 18:27:42,634 [INFO] detector: Window info set — origin=(0, 33)  size=1512x884  scale=1.0
2026-06-01 18:27:43,136 [INFO] detector: Window info set — origin=(0, 33)  size=1512x884  scale=1.0
2026-06-01 18:27:43,637 [INFO] detector: Window info set — origin=(0, 33)  size=1512x884  scale=1.0
2026-06-01 18:27:44,141 [INFO] detector: Window info set — origin=(0, 33)  size=1512x884  scale=1.0
2026-06-01 18:27:44,643 [INFO] detector: Window info set — origin=(0, 33)  size=1512x884  scale=1.0
2026-06-01 18:27:45,144 [INFO] detector: Window info set — origin=(0, 33)  size=1512x884  scale=1.0
2026-06-01 18:27:45,645 [INFO] detector: Window info set — origin=(0, 33)  size=1512x884  scale=1.0
2026-06-01 18:27:46,148 [INFO] detector: Window info set — origin=(0, 33)  size=1512x884  scale=1.0
2026-06-01 18:27:46,650 [INFO] detector: Window info set — origin=(0, 33)  size=1512x884  scale=1.0
2026-06-01 18:27:47,151 [INFO] detector: Window info set — origin=(0, 33)  size=1512x884  scale=1.0
2026-06-01 18:27:47,653 [INFO] detector: Window info set — origin=(0, 33)  size=1512x884  scale=1.0
2026-06-01 18:27:48,156 [INFO] detector: Window info set — origin=(0, 33)  size=1512x884  scale=1.0
2026-06-01 18:27:48,657 [INFO] detector: Window info set — origin=(0, 33)  size=1512x884  scale=1.0
2026-06-01 18:27:49,159 [INFO] detector: Window info set — origin=(0, 33)  size=1512x884  scale=1.0
2026-06-01 18:27:49,660 [INFO] detector: Window info set — origin=(0, 33)  size=1512x884  scale=1.0
2026-06-01 18:27:50,165 [INFO] detector: Window info set — origin=(0, 33)  size=1512x884  scale=1.0
2026-06-01 18:27:50,668 [INFO] detector: Window info set — origin=(0, 33)  size=1512x884  scale=1.0
2026-06-01 18:27:51,169 [INFO] detector: Window info set — origin=(0, 33)  size=1512x884  scale=1.0
2026-06-01 18:27:51,670 [INFO] detector: Window info set — origin=(0, 33)  size=1512x884  scale=1.0
2026-06-01 18:27:52,174 [INFO] detector: Window info set — origin=(0, 33)  size=1512x884  scale=1.0
2026-06-01 18:27:52,676 [INFO] detector: Window info set — origin=(0, 33)  size=1512x884  scale=1.0
2026-06-01 18:27:53,177 [INFO] detector: Window info set — origin=(0, 33)  size=1512x884  scale=1.0
2026-06-01 18:27:53,678 [INFO] detector: Window info set — origin=(0, 33)  size=1512x884  scale=1.0
2026-06-01 18:27:54,183 [INFO] detector: Window info set — origin=(0, 33)  size=1512x884  scale=1.0
2026-06-01 18:27:54,685 [INFO] detector: Window info set — origin=(0, 33)  size=1512x884  scale=1.0
2026-06-01 18:27:55,187 [INFO] detector: Window info set — origin=(0, 33)  size=1512x884  scale=1.0
2026-06-01 18:27:55,688 [INFO] detector: Window info set — origin=(0, 33)  size=1512x884  scale=1.0
2026-06-01 18:27:56,191 [INFO] detector: Window info set — origin=(0, 33)  size=1512x884  scale=1.0
2026-06-01 18:27:56,692 [INFO] detector: Window info set — origin=(0, 33)  size=1512x884  scale=1.0
2026-06-01 18:27:57,194 [INFO] detector: Window info set — origin=(0, 33)  size=1512x884  scale=1.0
2026-06-01 18:27:57,696 [INFO] detector: Window info set — origin=(0, 33)  size=1512x884  scale=1.0
2026-06-01 18:27:58,200 [INFO] detector: Window info set — origin=(0, 33)  size=1512x884  scale=1.0
2026-06-01 18:27:58,701 [INFO] detector: Window info set — origin=(0, 33)  size=1512x884  scale=1.0
2026-06-01 18:27:59,203 [INFO] detector: Window info set — origin=(0, 33)  size=1512x884  scale=1.0
2026-06-01 18:27:59,705 [INFO] detector: Window info set — origin=(0, 33)  size=1512x884  scale=1.0
2026-06-01 18:28:00,208 [INFO] detector: Window info set — origin=(0, 33)  size=1512x884  scale=1.0
2026-06-01 18:28:00,709 [INFO] detector: Window info set — origin=(0, 33)  size=1512x884  scale=1.0
2026-06-01 18:28:01,211 [INFO] detector: Window info set — origin=(0, 33)  size=1512x884  scale=1.0
2026-06-01 18:28:01,712 [INFO] detector: Window info set — origin=(0, 33)  size=1512x884  scale=1.0
2026-06-01 18:28:02,215 [INFO] detector: Window info set — origin=(0, 33)  size=1512x884  scale=1.0
2026-06-01 18:28:02,717 [INFO] detector: Window info set — origin=(0, 33)  size=1512x884  scale=1.0
2026-06-01 18:28:03,219 [INFO] detector: Window info set — origin=(0, 33)  size=1512x884  scale=1.0
2026-06-01 18:28:03,720 [INFO] detector: Window info set — origin=(0, 33)  size=1512x884  scale=1.0
2026-06-01 18:28:04,223 [INFO] detector: Window info set — origin=(0, 33)  size=1512x884  scale=1.0
2026-06-01 18:28:04,724 [INFO] detector: Window info set — origin=(0, 33)  size=1512x884  scale=1.0
2026-06-01 18:28:05,225 [INFO] detector: Window info set — origin=(0, 33)  size=1512x884  scale=1.0
2026-06-01 18:28:05,726 [INFO] detector: Window info set — origin=(0, 33)  size=1512x884  scale=1.0
2026-06-01 18:28:06,228 [INFO] detector: Window info set — origin=(0, 33)  size=1512x884  scale=1.0
2026-06-01 18:28:06,730 [INFO] detector: Window info set — origin=(0, 33)  size=1512x884  scale=1.0
2026-06-01 18:28:07,231 [INFO] detector: Window info set — origin=(0, 33)  size=1512x884  scale=1.0
2026-06-01 18:28:07,732 [INFO] detector: Window info set — origin=(0, 33)  size=1512x884  scale=1.0
2026-06-01 18:28:08,234 [INFO] detector: Window info set — origin=(0, 33)  size=1512x884  scale=1.0
2026-06-01 18:28:08,735 [INFO] detector: Window info set — origin=(0, 33)  size=1512x884  scale=1.0
2026-06-01 18:28:09,235 [INFO] detector: Window info set — origin=(0, 33)  size=1512x884  scale=1.0
2026-06-01 18:28:09,554 [INFO] macro: State: Reeling → Catch Complete
2026-06-01 18:28:09,736 [INFO] detector: Window info set — origin=(0, 33)  size=1512x884  scale=1.0
2026-06-01 18:28:10,240 [INFO] detector: Window info set — origin=(0, 33)  size=1512x884  scale=1.0
2026-06-01 18:28:10,741 [INFO] detector: Window info set — origin=(0, 33)  size=1512x884  scale=1.0
2026-06-01 18:28:11,242 [INFO] detector: Window info set — origin=(0, 33)  size=1512x884  scale=1.0
2026-06-01 18:28:11,273 [INFO] controller: Controller stopped.
2026-06-01 18:28:11,273 [INFO] macro: State: Catch Complete → Stopped
2026-06-01 18:28:11,406 [INFO] macro: Macro loop ended (stop requested)
2026-06-01 18:28:14,275 [INFO] macro: Macro engine stopped
2026-06-01 18:28:29,584 [INFO] detector: Window info set — origin=(0, 33)  size=1512x884  scale=1.0
2026-06-01 18:28:43,822 [INFO] calibrator: ROI from rect (424,781,606,22) → x=[0.280, 0.681]  y=[0.846, 0.871]
2026-06-01 18:28:52,365 [INFO] calibrator: ROI from rect (555,824,344,17) → x=[0.367, 0.595]  y=[0.895, 0.914]
2026-06-01 18:28:58,972 [INFO] controller: Global hotkey pressed: f6
2026-06-01 18:28:58,987 [INFO] detector: Window info set — origin=(0, 33)  size=1512x884  scale=1.0
2026-06-01 18:28:58,998 [INFO] controller: Controller started.
2026-06-01 18:28:58,998 [INFO] macro: Macro engine started
2026-06-01 18:28:58,999 [INFO] macro: State: Stopped → Casting
2026-06-01 18:28:59,072 [INFO] detector: Window info set — origin=(0, 33)  size=1512x884  scale=1.0
2026-06-01 18:28:59,575 [INFO] detector: Window info set — origin=(0, 33)  size=1512x884  scale=1.0
2026-06-01 18:29:00,077 [INFO] detector: Window info set — origin=(0, 33)  size=1512x884  scale=1.0
2026-06-01 18:29:00,579 [INFO] detector: Window info set — origin=(0, 33)  size=1512x884  scale=1.0
2026-06-01 18:29:00,970 [INFO] macro: State: Casting → Waiting for Bite
2026-06-01 18:29:01,080 [INFO] detector: Window info set — origin=(0, 33)  size=1512x884  scale=1.0
2026-06-01 18:29:01,582 [INFO] detector: Window info set — origin=(0, 33)  size=1512x884  scale=1.0
2026-06-01 18:29:02,084 [INFO] detector: Window info set — origin=(0, 33)  size=1512x884  scale=1.0
2026-06-01 18:29:02,584 [INFO] detector: Window info set — origin=(0, 33)  size=1512x884  scale=1.0
2026-06-01 18:29:02,800 [INFO] macro: Minigame bar detected — fish on the line!
2026-06-01 18:29:02,816 [INFO] macro: State: Waiting for Bite → Reeling
2026-06-01 18:29:03,085 [INFO] detector: Window info set — origin=(0, 33)  size=1512x884  scale=1.0
2026-06-01 18:29:03,589 [INFO] detector: Window info set — origin=(0, 33)  size=1512x884  scale=1.0
2026-06-01 18:29:04,090 [INFO] detector: Window info set — origin=(0, 33)  size=1512x884  scale=1.0
2026-06-01 18:29:04,592 [INFO] detector: Window info set — origin=(0, 33)  size=1512x884  scale=1.0
2026-06-01 18:29:05,095 [INFO] detector: Window info set — origin=(0, 33)  size=1512x884  scale=1.0
2026-06-01 18:29:05,600 [INFO] detector: Window info set — origin=(0, 33)  size=1512x884  scale=1.0
2026-06-01 18:29:06,100 [INFO] detector: Window info set — origin=(0, 33)  size=1512x884  scale=1.0
2026-06-01 18:29:06,602 [INFO] detector: Window info set — origin=(0, 33)  size=1512x884  scale=1.0
2026-06-01 18:29:07,104 [INFO] detector: Window info set — origin=(0, 33)  size=1512x884  scale=1.0
2026-06-01 18:29:07,608 [INFO] detector: Window info set — origin=(0, 33)  size=1512x884  scale=1.0
2026-06-01 18:29:08,109 [INFO] detector: Window info set — origin=(0, 33)  size=1512x884  scale=1.0
2026-06-01 18:29:08,611 [INFO] detector: Window info set — origin=(0, 33)  size=1512x884  scale=1.0
2026-06-01 18:29:09,112 [INFO] detector: Window info set — origin=(0, 33)  size=1512x884  scale=1.0
2026-06-01 18:29:09,615 [INFO] detector: Window info set — origin=(0, 33)  size=1512x884  scale=1.0
2026-06-01 18:29:10,117 [INFO] detector: Window info set — origin=(0, 33)  size=1512x884  scale=1.0
2026-06-01 18:29:10,619 [INFO] detector: Window info set — origin=(0, 33)  size=1512x884  scale=1.0
2026-06-01 18:29:11,122 [INFO] detector: Window info set — origin=(0, 33)  size=1512x884  scale=1.0
2026-06-01 18:29:11,624 [INFO] detector: Window info set — origin=(0, 33)  size=1512x884  scale=1.0
2026-06-01 18:29:12,125 [INFO] detector: Window info set — origin=(0, 33)  size=1512x884  scale=1.0
2026-06-01 18:29:12,627 [INFO] detector: Window info set — origin=(0, 33)  size=1512x884  scale=1.0
2026-06-01 18:29:13,129 [INFO] detector: Window info set — origin=(0, 33)  size=1512x884  scale=1.0
2026-06-01 18:29:13,632 [INFO] detector: Window info set — origin=(0, 33)  size=1512x884  scale=1.0
2026-06-01 18:29:14,133 [INFO] detector: Window info set — origin=(0, 33)  size=1512x884  scale=1.0
2026-06-01 18:29:14,635 [INFO] detector: Window info set — origin=(0, 33)  size=1512x884  scale=1.0
2026-06-01 18:29:15,137 [INFO] detector: Window info set — origin=(0, 33)  size=1512x884  scale=1.0
2026-06-01 18:29:15,330 [INFO] macro: State: Reeling → Catch Complete
2026-06-01 18:29:15,641 [INFO] detector: Window info set — origin=(0, 33)  size=1512x884  scale=1.0
2026-06-01 18:29:16,142 [INFO] detector: Window info set — origin=(0, 33)  size=1512x884  scale=1.0
2026-06-01 18:29:16,644 [INFO] detector: Window info set — origin=(0, 33)  size=1512x884  scale=1.0
2026-06-01 18:29:17,145 [INFO] detector: Window info set — origin=(0, 33)  size=1512x884  scale=1.0
2026-06-01 18:29:17,526 [INFO] macro: State: Catch Complete → Casting
2026-06-01 18:29:17,649 [INFO] detector: Window info set — origin=(0, 33)  size=1512x884  scale=1.0
2026-06-01 18:29:18,150 [INFO] detector: Window info set — origin=(0, 33)  size=1512x884  scale=1.0
2026-06-01 18:29:18,652 [INFO] detector: Window info set — origin=(0, 33)  size=1512x884  scale=1.0
2026-06-01 18:29:19,153 [INFO] detector: Window info set — origin=(0, 33)  size=1512x884  scale=1.0
2026-06-01 18:29:19,559 [INFO] macro: State: Casting → Waiting for Bite
2026-06-01 18:29:19,657 [INFO] detector: Window info set — origin=(0, 33)  size=1512x884  scale=1.0
2026-06-01 18:29:19,776 [INFO] macro: Minigame bar detected — fish on the line!
2026-06-01 18:29:19,959 [INFO] macro: State: Waiting for Bite → Reeling
2026-06-01 18:29:20,159 [INFO] detector: Window info set — origin=(0, 33)  size=1512x884  scale=1.0
2026-06-01 18:29:20,660 [INFO] detector: Window info set — origin=(0, 33)  size=1512x884  scale=1.0
2026-06-01 18:29:21,162 [INFO] detector: Window info set — origin=(0, 33)  size=1512x884  scale=1.0
2026-06-01 18:29:21,665 [INFO] detector: Window info set — origin=(0, 33)  size=1512x884  scale=1.0
2026-06-01 18:29:22,167 [INFO] detector: Window info set — origin=(0, 33)  size=1512x884  scale=1.0
2026-06-01 18:29:22,668 [INFO] detector: Window info set — origin=(0, 33)  size=1512x884  scale=1.0
2026-06-01 18:29:23,170 [INFO] detector: Window info set — origin=(0, 33)  size=1512x884  scale=1.0
2026-06-01 18:29:23,673 [INFO] detector: Window info set — origin=(0, 33)  size=1512x884  scale=1.0
2026-06-01 18:29:24,176 [INFO] detector: Window info set — origin=(0, 33)  size=1512x884  scale=1.0
2026-06-01 18:29:24,677 [INFO] detector: Window info set — origin=(0, 33)  size=1512x884  scale=1.0
2026-06-01 18:29:25,179 [INFO] detector: Window info set — origin=(0, 33)  size=1512x884  scale=1.0
2026-06-01 18:29:25,681 [INFO] detector: Window info set — origin=(0, 33)  size=1512x884  scale=1.0
2026-06-01 18:29:26,182 [INFO] detector: Window info set — origin=(0, 33)  size=1512x884  scale=1.0
2026-06-01 18:29:26,684 [INFO] detector: Window info set — origin=(0, 33)  size=1512x884  scale=1.0
2026-06-01 18:29:27,186 [INFO] detector: Window info set — origin=(0, 33)  size=1512x884  scale=1.0
2026-06-01 18:29:27,690 [INFO] detector: Window info set — origin=(0, 33)  size=1512x884  scale=1.0
2026-06-01 18:29:28,192 [INFO] detector: Window info set — origin=(0, 33)  size=1512x884  scale=1.0
2026-06-01 18:29:28,694 [INFO] detector: Window info set — origin=(0, 33)  size=1512x884  scale=1.0
2026-06-01 18:29:29,195 [INFO] detector: Window info set — origin=(0, 33)  size=1512x884  scale=1.0
2026-06-01 18:29:29,480 [INFO] controller: Global hotkey pressed: f6
2026-06-01 18:29:29,604 [INFO] controller: Controller stopped.
2026-06-01 18:29:29,604 [INFO] macro: State: Reeling → Stopped
2026-06-01 18:29:29,740 [INFO] macro: Macro loop ended (stop requested)
2026-06-01 18:29:32,605 [INFO] macro: Macro engine stopped
2026-06-01 18:29:58,606 [INFO] detector: Window info set — origin=(0, 33)  size=1512x884  scale=1.0
2026-06-01 18:30:07,436 [INFO] controller: Global hotkey pressed: f6
2026-06-01 18:30:07,439 [INFO] detector: Window info set — origin=(0, 33)  size=1512x884  scale=1.0
2026-06-01 18:30:07,442 [INFO] controller: Controller started.
2026-06-01 18:30:07,442 [INFO] macro: Macro engine started
2026-06-01 18:30:07,443 [INFO] macro: State: Stopped → Casting
2026-06-01 18:30:07,754 [INFO] detector: Window info set — origin=(0, 33)  size=1512x884  scale=1.0
2026-06-01 18:30:08,256 [INFO] detector: Window info set — origin=(0, 33)  size=1512x884  scale=1.0
2026-06-01 18:30:08,757 [INFO] detector: Window info set — origin=(0, 33)  size=1512x884  scale=1.0
2026-06-01 18:30:09,065 [INFO] controller: Global hotkey pressed: f6
2026-06-01 18:30:09,067 [INFO] controller: Controller stopped.
2026-06-01 18:30:09,067 [INFO] macro: State: Casting → Stopped
2026-06-01 18:30:09,415 [INFO] macro: State: Stopped → Waiting for Bite
2026-06-01 18:30:12,068 [INFO] macro: Macro engine stopped
2026-06-01 18:30:12,078 [INFO] detector: Window info set — origin=(0, 33)  size=1512x884  scale=1.0
2026-06-01 18:30:12,228 [INFO] macro: State: Waiting for Bite → Stopped
2026-06-01 18:30:12,262 [INFO] macro: Macro loop ended (stop requested)
2026-06-01 18:32:27,650 [INFO] main: Cleaning up...
2026-06-01 18:32:27,651 [INFO] controller: Controller cleaned up.
2026-06-01 18:32:27,651 [INFO] main: Exiting.
2026-06-01 18:34:58,315 [INFO] main: Starting Fisch Macro...
2026-06-01 18:34:58,345 [INFO] main: Initializing configuration...
2026-06-01 18:34:58,346 [INFO] main: Initializing window tracker...
2026-06-01 18:34:58,346 [INFO] main: Initializing detector...
2026-06-01 18:34:58,346 [INFO] main: Initializing controller...
2026-06-01 18:34:58,346 [INFO] main: Setting up start/stop hotkey on key: f6
2026-06-01 18:34:58,366 [INFO] controller: Global hotkey active: press 'f6' to start/stop the macro.
2026-06-01 18:34:58,366 [INFO] main: Initializing macro engine...
2026-06-01 18:34:58,366 [INFO] main: Starting GUI...
2026-06-01 18:35:04,819 [INFO] src.window_tracker: Display scale factor (Quartz): 1.00
2026-06-01 18:35:04,819 [INFO] detector: Window info set — origin=(1, 33)  size=1512x884  scale=1.0
2026-06-01 18:35:04,982 [ERROR] gui: Interactive calibration error: 'accent_yellow'
Traceback (most recent call last):
  File "/Users/owenleung/Documents/Programs/fisch-macro/src/gui.py", line 870, in _interactive_calibrate
    window = InteractiveCalibrator(
        self.root,
    ...<2 lines>...
        self.window_tracker,
    )
  File "/Users/owenleung/Documents/Programs/fisch-macro/src/interactive_calibrator.py", line 50, in __init__
    self._build_ui()
    ~~~~~~~~~~~~~~^^
  File "/Users/owenleung/Documents/Programs/fisch-macro/src/interactive_calibrator.py", line 127, in _build_ui
    create_btn("3. Off-Target Bar", "off_target_color", COLORS["accent_yellow"])
                                                        ~~~~~~^^^^^^^^^^^^^^^^^
KeyError: 'accent_yellow'
2026-06-01 18:35:13,971 [INFO] detector: Window info set — origin=(1, 33)  size=1512x884  scale=1.0
2026-06-01 18:35:14,053 [ERROR] gui: Interactive calibration error: 'accent_yellow'
Traceback (most recent call last):
  File "/Users/owenleung/Documents/Programs/fisch-macro/src/gui.py", line 870, in _interactive_calibrate
    window = InteractiveCalibrator(
        self.root,
    ...<2 lines>...
        self.window_tracker,
    )
  File "/Users/owenleung/Documents/Programs/fisch-macro/src/interactive_calibrator.py", line 50, in __init__
    self._build_ui()
    ~~~~~~~~~~~~~~^^
  File "/Users/owenleung/Documents/Programs/fisch-macro/src/interactive_calibrator.py", line 127, in _build_ui
    create_btn("3. Off-Target Bar", "off_target_color", COLORS["accent_yellow"])
                                                        ~~~~~~^^^^^^^^^^^^^^^^^
KeyError: 'accent_yellow'
2026-06-01 18:35:37,341 [INFO] main: Cleaning up...
2026-06-01 18:35:37,341 [INFO] controller: Controller cleaned up.
2026-06-01 18:35:37,341 [INFO] main: Exiting.
2026-06-01 18:37:31,181 [INFO] main: Starting Fisch Macro...
2026-06-01 18:37:31,212 [INFO] main: Initializing configuration...
2026-06-01 18:37:31,212 [INFO] main: Initializing window tracker...
2026-06-01 18:37:31,212 [INFO] main: Initializing detector...
2026-06-01 18:37:31,212 [INFO] main: Initializing controller...
2026-06-01 18:37:31,212 [INFO] main: Setting up start/stop hotkey on key: f6
2026-06-01 18:37:31,233 [INFO] controller: Global hotkey active: press 'f6' to start/stop the macro.
2026-06-01 18:37:31,233 [INFO] main: Initializing macro engine...
2026-06-01 18:37:31,233 [INFO] main: Starting GUI...
2026-06-01 18:37:34,439 [INFO] src.window_tracker: Display scale factor (Quartz): 1.00
2026-06-01 18:37:34,440 [INFO] detector: Window info set — origin=(9, 34)  size=1512x884  scale=1.0
2026-06-01 18:37:44,394 [INFO] detector: Window info set — origin=(9, 34)  size=1512x884  scale=1.0
2026-06-01 18:37:58,565 [INFO] calibrator: ROI from rect (446,781,606,23) → x=[0.289, 0.690]  y=[0.845, 0.871]
2026-06-01 18:38:02,936 [INFO] calibrator: ROI from rect (580,826,338,12) → x=[0.378, 0.601]  y=[0.896, 0.910]
2026-06-01 18:38:07,770 [INFO] calibrator: ROI from rect (19,7,1476,896) → x=[0.007, 0.983]  y=[0.000, 0.983]
2026-06-01 18:38:16,022 [INFO] detector: Window info set — origin=(9, 34)  size=1512x884  scale=1.0
2026-06-01 18:38:33,553 [INFO] controller: Global hotkey pressed: f6
2026-06-01 18:38:33,555 [INFO] detector: Window info set — origin=(9, 34)  size=1512x884  scale=1.0
2026-06-01 18:38:33,559 [INFO] controller: Controller started.
2026-06-01 18:38:33,560 [INFO] macro: Macro engine started
2026-06-01 18:38:33,560 [INFO] macro: State: Idle → Casting
2026-06-01 18:38:33,894 [INFO] detector: Window info set — origin=(9, 34)  size=1512x884  scale=1.0
2026-06-01 18:38:34,396 [INFO] detector: Window info set — origin=(9, 34)  size=1512x884  scale=1.0
2026-06-01 18:38:34,898 [INFO] detector: Window info set — origin=(9, 34)  size=1512x884  scale=1.0
2026-06-01 18:38:35,399 [INFO] detector: Window info set — origin=(9, 34)  size=1512x884  scale=1.0
2026-06-01 18:38:35,562 [INFO] macro: State: Casting → Waiting for Bite
2026-06-01 18:38:35,632 [INFO] macro: Minigame bar detected — fish on the line!
2026-06-01 18:38:35,711 [INFO] macro: State: Waiting for Bite → Reeling
2026-06-01 18:38:35,902 [INFO] detector: Window info set — origin=(9, 34)  size=1512x884  scale=1.0
2026-06-01 18:38:36,404 [INFO] detector: Window info set — origin=(9, 34)  size=1512x884  scale=1.0
2026-06-01 18:38:36,906 [INFO] detector: Window info set — origin=(9, 34)  size=1512x884  scale=1.0
2026-06-01 18:38:37,407 [INFO] detector: Window info set — origin=(9, 34)  size=1512x884  scale=1.0
2026-06-01 18:38:37,912 [INFO] detector: Window info set — origin=(9, 34)  size=1512x884  scale=1.0
2026-06-01 18:38:38,414 [INFO] detector: Window info set — origin=(9, 34)  size=1512x884  scale=1.0
2026-06-01 18:38:38,915 [INFO] detector: Window info set — origin=(9, 34)  size=1512x884  scale=1.0
2026-06-01 18:38:39,417 [INFO] detector: Window info set — origin=(9, 34)  size=1512x884  scale=1.0
2026-06-01 18:38:39,919 [INFO] detector: Window info set — origin=(9, 34)  size=1512x884  scale=1.0
2026-06-01 18:38:40,421 [INFO] detector: Window info set — origin=(9, 34)  size=1512x884  scale=1.0
2026-06-01 18:38:40,923 [INFO] detector: Window info set — origin=(9, 34)  size=1512x884  scale=1.0
2026-06-01 18:38:41,424 [INFO] detector: Window info set — origin=(9, 34)  size=1512x884  scale=1.0
2026-06-01 18:38:41,929 [INFO] detector: Window info set — origin=(9, 34)  size=1512x884  scale=1.0
2026-06-01 18:38:42,430 [INFO] detector: Window info set — origin=(9, 34)  size=1512x884  scale=1.0
2026-06-01 18:38:42,932 [INFO] detector: Window info set — origin=(9, 34)  size=1512x884  scale=1.0
2026-06-01 18:38:43,433 [INFO] detector: Window info set — origin=(9, 34)  size=1512x884  scale=1.0
2026-06-01 18:38:43,936 [INFO] detector: Window info set — origin=(9, 34)  size=1512x884  scale=1.0
2026-06-01 18:38:44,438 [INFO] detector: Window info set — origin=(9, 34)  size=1512x884  scale=1.0
2026-06-01 18:38:44,939 [INFO] detector: Window info set — origin=(9, 34)  size=1512x884  scale=1.0
2026-06-01 18:38:45,440 [INFO] detector: Window info set — origin=(9, 34)  size=1512x884  scale=1.0
2026-06-01 18:38:45,944 [INFO] detector: Window info set — origin=(9, 34)  size=1512x884  scale=1.0
2026-06-01 18:38:46,446 [INFO] detector: Window info set — origin=(9, 34)  size=1512x884  scale=1.0
2026-06-01 18:38:46,947 [INFO] detector: Window info set — origin=(9, 34)  size=1512x884  scale=1.0
2026-06-01 18:38:47,448 [INFO] detector: Window info set — origin=(9, 34)  size=1512x884  scale=1.0
2026-06-01 18:38:47,952 [INFO] detector: Window info set — origin=(9, 34)  size=1512x884  scale=1.0
2026-06-01 18:38:48,453 [INFO] detector: Window info set — origin=(9, 34)  size=1512x884  scale=1.0
2026-06-01 18:38:48,954 [INFO] detector: Window info set — origin=(9, 34)  size=1512x884  scale=1.0
2026-06-01 18:38:49,456 [INFO] detector: Window info set — origin=(9, 34)  size=1512x884  scale=1.0
2026-06-01 18:38:49,961 [INFO] detector: Window info set — origin=(9, 34)  size=1512x884  scale=1.0
2026-06-01 18:38:50,462 [INFO] detector: Window info set — origin=(9, 34)  size=1512x884  scale=1.0
2026-06-01 18:38:50,964 [INFO] detector: Window info set — origin=(9, 34)  size=1512x884  scale=1.0
2026-06-01 18:38:51,466 [INFO] detector: Window info set — origin=(9, 34)  size=1512x884  scale=1.0
2026-06-01 18:38:51,970 [INFO] detector: Window info set — origin=(9, 34)  size=1512x884  scale=1.0
2026-06-01 18:38:52,471 [INFO] detector: Window info set — origin=(9, 34)  size=1512x884  scale=1.0
2026-06-01 18:38:52,973 [INFO] detector: Window info set — origin=(9, 34)  size=1512x884  scale=1.0
2026-06-01 18:38:53,475 [INFO] detector: Window info set — origin=(9, 34)  size=1512x884  scale=1.0
2026-06-01 18:38:53,978 [INFO] detector: Window info set — origin=(9, 34)  size=1512x884  scale=1.0
2026-06-01 18:38:54,479 [INFO] detector: Window info set — origin=(9, 34)  size=1512x884  scale=1.0
2026-06-01 18:38:54,981 [INFO] detector: Window info set — origin=(9, 34)  size=1512x884  scale=1.0
2026-06-01 18:38:55,483 [INFO] detector: Window info set — origin=(9, 34)  size=1512x884  scale=1.0
2026-06-01 18:38:55,987 [INFO] detector: Window info set — origin=(9, 34)  size=1512x884  scale=1.0
2026-06-01 18:38:56,488 [INFO] detector: Window info set — origin=(9, 34)  size=1512x884  scale=1.0
2026-06-01 18:38:56,989 [INFO] detector: Window info set — origin=(9, 34)  size=1512x884  scale=1.0
2026-06-01 18:38:57,475 [INFO] controller: Controller stopped.
2026-06-01 18:38:57,475 [INFO] macro: State: Reeling → Stopped
2026-06-01 18:38:57,581 [INFO] macro: Macro loop ended (stop requested)
2026-06-01 18:39:00,477 [INFO] macro: Macro engine stopped
2026-06-01 18:39:00,510 [INFO] controller: Global hotkey pressed: f6
2026-06-01 18:39:00,521 [INFO] detector: Window info set — origin=(9, 34)  size=1512x884  scale=1.0
2026-06-01 18:39:00,522 [INFO] controller: Controller started.
2026-06-01 18:39:00,522 [INFO] macro: Macro engine started
2026-06-01 18:39:00,522 [INFO] controller: Controller stopped.
2026-06-01 18:39:00,522 [INFO] macro: State: Casting → Stopped
2026-06-01 18:39:00,522 [INFO] macro: State: Stopped → Casting
2026-06-01 18:39:03,524 [INFO] macro: Macro engine stopped
2026-06-01 18:39:03,528 [INFO] detector: Window info set — origin=(9, 34)  size=1512x884  scale=1.0
2026-06-01 18:39:03,529 [INFO] controller: Controller started.
2026-06-01 18:39:03,529 [INFO] macro: Macro engine started
2026-06-01 18:39:03,530 [INFO] macro: State: Stopped → Casting
2026-06-01 18:39:03,530 [INFO] controller: Controller stopped.
2026-06-01 18:39:03,530 [INFO] macro: State: Casting → Stopped
2026-06-01 18:39:06,531 [INFO] macro: Macro engine stopped
2026-06-01 18:39:06,550 [INFO] detector: Window info set — origin=(9, 34)  size=1512x884  scale=1.0
2026-06-01 18:39:06,551 [INFO] controller: Controller started.
2026-06-01 18:39:06,551 [INFO] macro: Macro engine started
2026-06-01 18:39:06,551 [INFO] macro: State: Stopped → Casting
2026-06-01 18:39:07,036 [INFO] detector: Window info set — origin=(9, 34)  size=1512x884  scale=1.0
2026-06-01 18:39:07,537 [INFO] detector: Window info set — origin=(9, 34)  size=1512x884  scale=1.0
2026-06-01 18:39:07,716 [INFO] controller: Controller stopped.
2026-06-01 18:39:07,716 [INFO] macro: State: Casting → Stopped
2026-06-01 18:39:07,770 [INFO] macro: Macro loop ended (stop requested)
2026-06-01 18:39:07,782 [INFO] macro: Macro loop ended (stop requested)
2026-06-01 18:39:07,784 [INFO] macro: Macro loop ended (stop requested)
2026-06-01 18:39:10,717 [INFO] macro: Macro engine stopped
2026-06-01 18:39:41,230 [INFO] detector: Window info set — origin=(9, 34)  size=1512x884  scale=1.0
2026-06-01 18:39:53,541 [INFO] detector: Window info set — origin=(9, 34)  size=1512x884  scale=1.0
2026-06-01 18:40:05,986 [INFO] controller: Global hotkey pressed: f6
2026-06-01 18:40:06,092 [INFO] detector: Window info set — origin=(9, 34)  size=1512x884  scale=1.0
2026-06-01 18:40:06,094 [INFO] controller: Controller started.
2026-06-01 18:40:06,094 [INFO] macro: Macro engine started
2026-06-01 18:40:06,095 [INFO] macro: State: Stopped → Casting
2026-06-01 18:40:06,467 [INFO] detector: Window info set — origin=(9, 34)  size=1512x884  scale=1.0
2026-06-01 18:40:06,970 [INFO] detector: Window info set — origin=(9, 34)  size=1512x884  scale=1.0
2026-06-01 18:40:07,472 [INFO] detector: Window info set — origin=(9, 34)  size=1512x884  scale=1.0
2026-06-01 18:40:07,974 [INFO] detector: Window info set — origin=(9, 34)  size=1512x884  scale=1.0
2026-06-01 18:40:08,066 [INFO] macro: State: Casting → Waiting for Bite
2026-06-01 18:40:08,169 [INFO] macro: Minigame bar detected — fish on the line!
2026-06-01 18:40:08,170 [INFO] macro: State: Waiting for Bite → Reeling
2026-06-01 18:40:08,475 [INFO] detector: Window info set — origin=(9, 34)  size=1512x884  scale=1.0
2026-06-01 18:40:08,979 [INFO] detector: Window info set — origin=(9, 34)  size=1512x884  scale=1.0
2026-06-01 18:40:09,481 [INFO] detector: Window info set — origin=(9, 34)  size=1512x884  scale=1.0
2026-06-01 18:40:09,983 [INFO] detector: Window info set — origin=(9, 34)  size=1512x884  scale=1.0
2026-06-01 18:40:10,484 [INFO] detector: Window info set — origin=(9, 34)  size=1512x884  scale=1.0
2026-06-01 18:40:10,987 [INFO] detector: Window info set — origin=(9, 34)  size=1512x884  scale=1.0
2026-06-01 18:40:11,489 [INFO] detector: Window info set — origin=(9, 34)  size=1512x884  scale=1.0
2026-06-01 18:40:11,991 [INFO] detector: Window info set — origin=(9, 34)  size=1512x884  scale=1.0
2026-06-01 18:40:12,492 [INFO] detector: Window info set — origin=(9, 34)  size=1512x884  scale=1.0
2026-06-01 18:40:12,995 [INFO] detector: Window info set — origin=(9, 34)  size=1512x884  scale=1.0
2026-06-01 18:40:13,497 [INFO] detector: Window info set — origin=(9, 34)  size=1512x884  scale=1.0
2026-06-01 18:40:13,999 [INFO] detector: Window info set — origin=(9, 34)  size=1512x884  scale=1.0
2026-06-01 18:40:14,500 [INFO] detector: Window info set — origin=(9, 34)  size=1512x884  scale=1.0
2026-06-01 18:40:15,003 [INFO] detector: Window info set — origin=(9, 34)  size=1512x884  scale=1.0
2026-06-01 18:40:15,505 [INFO] detector: Window info set — origin=(9, 34)  size=1512x884  scale=1.0
2026-06-01 18:40:16,007 [INFO] detector: Window info set — origin=(9, 34)  size=1512x884  scale=1.0
2026-06-01 18:40:16,509 [INFO] detector: Window info set — origin=(9, 34)  size=1512x884  scale=1.0
2026-06-01 18:40:16,942 [INFO] controller: Controller stopped.
2026-06-01 18:40:16,943 [INFO] macro: State: Reeling → Stopped
2026-06-01 18:40:17,041 [INFO] macro: Macro loop ended (stop requested)
2026-06-01 18:40:19,943 [INFO] macro: Macro engine stopped
2026-06-01 18:41:16,047 [INFO] main: Cleaning up...
2026-06-01 18:41:16,047 [INFO] controller: Controller cleaned up.
2026-06-01 18:41:16,047 [INFO] main: Exiting.
2026-06-01 18:44:36,659 [INFO] main: Starting Fisch Macro...
2026-06-01 18:44:36,691 [INFO] main: Initializing configuration...
2026-06-01 18:44:36,691 [INFO] main: Initializing window tracker...
2026-06-01 18:44:36,691 [INFO] main: Initializing detector...
2026-06-01 18:44:36,691 [INFO] main: Initializing controller...
2026-06-01 18:44:36,691 [INFO] main: Setting up start/stop hotkey on key: f6
2026-06-01 18:44:36,713 [INFO] controller: Global hotkey active: press 'f6' to start/stop the macro.
2026-06-01 18:44:36,713 [INFO] main: Initializing macro engine...
2026-06-01 18:44:36,713 [INFO] main: Starting GUI...
2026-06-01 18:44:52,072 [INFO] controller: Global hotkey pressed: f6
2026-06-01 18:44:52,074 [INFO] src.window_tracker: Display scale factor (Quartz): 1.00
2026-06-01 18:44:52,074 [INFO] detector: Window info set — origin=(9, 34)  size=1512x884  scale=1.0
2026-06-01 18:44:52,076 [INFO] controller: Controller started.
2026-06-01 18:44:52,077 [INFO] macro: State: Idle → Casting
2026-06-01 18:44:52,077 [INFO] macro: Macro engine started
2026-06-01 18:44:52,447 [INFO] detector: Window info set — origin=(9, 34)  size=1512x884  scale=1.0
2026-06-01 18:44:52,953 [INFO] detector: Window info set — origin=(9, 34)  size=1512x884  scale=1.0
2026-06-01 18:44:53,455 [INFO] detector: Window info set — origin=(9, 34)  size=1512x884  scale=1.0
2026-06-01 18:44:53,957 [INFO] detector: Window info set — origin=(9, 34)  size=1512x884  scale=1.0
2026-06-01 18:44:54,089 [INFO] macro: State: Casting → Waiting for Bite
2026-06-01 18:44:54,201 [INFO] macro: Minigame bar detected — fish on the line!
2026-06-01 18:44:54,201 [INFO] macro: State: Waiting for Bite → Reeling
2026-06-01 18:44:54,457 [INFO] detector: Window info set — origin=(9, 34)  size=1512x884  scale=1.0
2026-06-01 18:44:54,960 [INFO] detector: Window info set — origin=(9, 34)  size=1512x884  scale=1.0
2026-06-01 18:44:55,461 [INFO] detector: Window info set — origin=(9, 34)  size=1512x884  scale=1.0
2026-06-01 18:44:55,963 [INFO] detector: Window info set — origin=(9, 34)  size=1512x884  scale=1.0
2026-06-01 18:44:56,465 [INFO] detector: Window info set — origin=(9, 34)  size=1512x884  scale=1.0
2026-06-01 18:44:56,971 [INFO] detector: Window info set — origin=(9, 34)  size=1512x884  scale=1.0
2026-06-01 18:44:57,472 [INFO] detector: Window info set — origin=(9, 34)  size=1512x884  scale=1.0
2026-06-01 18:44:57,973 [INFO] detector: Window info set — origin=(9, 34)  size=1512x884  scale=1.0
2026-06-01 18:44:58,474 [INFO] detector: Window info set — origin=(9, 34)  size=1512x884  scale=1.0
2026-06-01 18:44:58,977 [INFO] detector: Window info set — origin=(9, 34)  size=1512x884  scale=1.0
2026-06-01 18:44:59,479 [INFO] detector: Window info set — origin=(9, 34)  size=1512x884  scale=1.0
2026-06-01 18:44:59,980 [INFO] detector: Window info set — origin=(9, 34)  size=1512x884  scale=1.0
2026-06-01 18:45:00,482 [INFO] detector: Window info set — origin=(9, 34)  size=1512x884  scale=1.0
2026-06-01 18:45:00,985 [INFO] detector: Window info set — origin=(9, 34)  size=1512x884  scale=1.0
2026-06-01 18:45:01,486 [INFO] detector: Window info set — origin=(9, 34)  size=1512x884  scale=1.0
2026-06-01 18:45:01,988 [INFO] detector: Window info set — origin=(9, 34)  size=1512x884  scale=1.0
2026-06-01 18:45:02,490 [INFO] detector: Window info set — origin=(9, 34)  size=1512x884  scale=1.0
2026-06-01 18:45:02,994 [INFO] detector: Window info set — origin=(9, 34)  size=1512x884  scale=1.0
2026-06-01 18:45:03,495 [INFO] detector: Window info set — origin=(9, 34)  size=1512x884  scale=1.0
2026-06-01 18:45:03,996 [INFO] detector: Window info set — origin=(9, 34)  size=1512x884  scale=1.0
2026-06-01 18:45:04,498 [INFO] detector: Window info set — origin=(9, 34)  size=1512x884  scale=1.0
2026-06-01 18:45:05,002 [INFO] detector: Window info set — origin=(9, 34)  size=1512x884  scale=1.0
2026-06-01 18:45:05,504 [INFO] detector: Window info set — origin=(9, 34)  size=1512x884  scale=1.0
2026-06-01 18:45:06,005 [INFO] detector: Window info set — origin=(9, 34)  size=1512x884  scale=1.0
2026-06-01 18:45:06,506 [INFO] detector: Window info set — origin=(9, 34)  size=1512x884  scale=1.0
2026-06-01 18:45:07,010 [INFO] detector: Window info set — origin=(9, 34)  size=1512x884  scale=1.0
2026-06-01 18:45:07,511 [INFO] detector: Window info set — origin=(9, 34)  size=1512x884  scale=1.0
2026-06-01 18:45:08,012 [INFO] detector: Window info set — origin=(9, 34)  size=1512x884  scale=1.0
2026-06-01 18:45:08,513 [INFO] detector: Window info set — origin=(9, 34)  size=1512x884  scale=1.0
2026-06-01 18:45:09,015 [INFO] detector: Window info set — origin=(9, 34)  size=1512x884  scale=1.0
2026-06-01 18:45:09,516 [INFO] detector: Window info set — origin=(9, 34)  size=1512x884  scale=1.0
2026-06-01 18:45:10,018 [INFO] detector: Window info set — origin=(9, 34)  size=1512x884  scale=1.0
2026-06-01 18:45:10,519 [INFO] detector: Window info set — origin=(9, 34)  size=1512x884  scale=1.0
2026-06-01 18:45:11,022 [INFO] detector: Window info set — origin=(9, 34)  size=1512x884  scale=1.0
2026-06-01 18:45:11,523 [INFO] detector: Window info set — origin=(9, 34)  size=1512x884  scale=1.0
2026-06-01 18:45:12,024 [INFO] detector: Window info set — origin=(9, 34)  size=1512x884  scale=1.0
2026-06-01 18:45:12,525 [INFO] detector: Window info set — origin=(9, 34)  size=1512x884  scale=1.0
2026-06-01 18:45:13,028 [INFO] detector: Window info set — origin=(9, 34)  size=1512x884  scale=1.0
2026-06-01 18:45:13,529 [INFO] detector: Window info set — origin=(9, 34)  size=1512x884  scale=1.0
2026-06-01 18:45:14,030 [INFO] detector: Window info set — origin=(9, 34)  size=1512x884  scale=1.0
2026-06-01 18:45:14,532 [INFO] detector: Window info set — origin=(9, 34)  size=1512x884  scale=1.0
2026-06-01 18:45:15,035 [INFO] detector: Window info set — origin=(9, 34)  size=1512x884  scale=1.0
2026-06-01 18:45:15,536 [INFO] detector: Window info set — origin=(9, 34)  size=1512x884  scale=1.0
2026-06-01 18:45:15,621 [INFO] controller: Controller stopped.
2026-06-01 18:45:15,621 [INFO] macro: State: Reeling → Stopped
2026-06-01 18:45:15,684 [INFO] macro: Macro loop ended (stop requested)
2026-06-01 18:45:18,623 [INFO] macro: Macro engine stopped
2026-06-01 18:45:20,496 [INFO] controller: Global hotkey pressed: f6
2026-06-01 18:45:20,498 [INFO] detector: Window info set — origin=(9, 34)  size=1512x884  scale=1.0
2026-06-01 18:45:20,500 [INFO] controller: Controller started.
2026-06-01 18:45:20,500 [INFO] macro: State: Stopped → Casting
2026-06-01 18:45:20,500 [INFO] macro: Macro engine started
2026-06-01 18:45:20,649 [INFO] detector: Window info set — origin=(9, 34)  size=1512x884  scale=1.0
2026-06-01 18:45:21,150 [INFO] detector: Window info set — origin=(9, 34)  size=1512x884  scale=1.0
2026-06-01 18:45:21,652 [INFO] detector: Window info set — origin=(9, 34)  size=1512x884  scale=1.0
2026-06-01 18:45:22,153 [INFO] detector: Window info set — origin=(9, 34)  size=1512x884  scale=1.0
2026-06-01 18:45:22,477 [INFO] macro: State: Casting → Waiting for Bite
2026-06-01 18:45:22,656 [INFO] detector: Window info set — origin=(9, 34)  size=1512x884  scale=1.0
2026-06-01 18:45:22,728 [INFO] macro: Minigame bar detected — fish on the line!
2026-06-01 18:45:22,869 [INFO] macro: State: Waiting for Bite → Reeling
2026-06-01 18:45:23,157 [INFO] detector: Window info set — origin=(9, 34)  size=1512x884  scale=1.0
2026-06-01 18:45:23,659 [INFO] detector: Window info set — origin=(9, 34)  size=1512x884  scale=1.0
2026-06-01 18:45:24,160 [INFO] detector: Window info set — origin=(9, 34)  size=1512x884  scale=1.0
2026-06-01 18:45:24,663 [INFO] detector: Window info set — origin=(9, 34)  size=1512x884  scale=1.0
2026-06-01 18:45:25,164 [INFO] detector: Window info set — origin=(9, 34)  size=1512x884  scale=1.0
2026-06-01 18:45:25,666 [INFO] detector: Window info set — origin=(9, 34)  size=1512x884  scale=1.0
2026-06-01 18:45:26,167 [INFO] detector: Window info set — origin=(9, 34)  size=1512x884  scale=1.0
2026-06-01 18:45:26,669 [INFO] detector: Window info set — origin=(9, 34)  size=1512x884  scale=1.0
2026-06-01 18:45:27,171 [INFO] detector: Window info set — origin=(9, 34)  size=1512x884  scale=1.0
2026-06-01 18:45:27,673 [INFO] detector: Window info set — origin=(9, 34)  size=1512x884  scale=1.0
2026-06-01 18:45:28,174 [INFO] detector: Window info set — origin=(9, 34)  size=1512x884  scale=1.0
2026-06-01 18:45:28,677 [INFO] detector: Window info set — origin=(9, 34)  size=1512x884  scale=1.0
2026-06-01 18:45:29,178 [INFO] detector: Window info set — origin=(9, 34)  size=1512x884  scale=1.0
2026-06-01 18:45:29,680 [INFO] detector: Window info set — origin=(9, 34)  size=1512x884  scale=1.0
2026-06-01 18:45:30,182 [INFO] detector: Window info set — origin=(9, 34)  size=1512x884  scale=1.0
2026-06-01 18:45:30,686 [INFO] detector: Window info set — origin=(9, 34)  size=1512x884  scale=1.0
2026-06-01 18:45:31,187 [INFO] detector: Window info set — origin=(9, 34)  size=1512x884  scale=1.0
2026-06-01 18:45:31,688 [INFO] detector: Window info set — origin=(9, 34)  size=1512x884  scale=1.0
2026-06-01 18:45:32,190 [INFO] detector: Window info set — origin=(9, 34)  size=1512x884  scale=1.0
2026-06-01 18:45:32,693 [INFO] detector: Window info set — origin=(9, 34)  size=1512x884  scale=1.0
2026-06-01 18:45:33,194 [INFO] detector: Window info set — origin=(9, 34)  size=1512x884  scale=1.0
2026-06-01 18:45:33,695 [INFO] detector: Window info set — origin=(9, 34)  size=1512x884  scale=1.0
2026-06-01 18:45:34,197 [INFO] detector: Window info set — origin=(9, 34)  size=1512x884  scale=1.0
2026-06-01 18:45:34,704 [INFO] detector: Window info set — origin=(9, 34)  size=1512x884  scale=1.0
2026-06-01 18:45:35,205 [INFO] detector: Window info set — origin=(9, 34)  size=1512x884  scale=1.0
2026-06-01 18:45:35,665 [INFO] controller: Controller stopped.
2026-06-01 18:45:35,666 [INFO] macro: State: Reeling → Stopped
2026-06-01 18:45:35,762 [INFO] macro: Macro loop ended (stop requested)
2026-06-01 18:45:38,667 [INFO] macro: Macro engine stopped
2026-06-01 18:45:47,632 [INFO] controller: Global hotkey active: press 'f6' to start/stop the macro.
2026-06-01 18:45:56,826 [INFO] main: Starting Fisch Macro...
2026-06-01 18:45:56,854 [INFO] main: Initializing configuration...
2026-06-01 18:45:56,854 [INFO] main: Initializing window tracker...
2026-06-01 18:45:56,854 [INFO] main: Initializing detector...
2026-06-01 18:45:56,854 [INFO] main: Initializing controller...
2026-06-01 18:45:56,854 [INFO] main: Setting up start/stop hotkey on key: f6
2026-06-01 18:45:56,875 [INFO] controller: Global hotkey active: press 'f6' to start/stop the macro.
2026-06-01 18:45:56,875 [INFO] main: Initializing macro engine...
2026-06-01 18:45:56,875 [INFO] main: Starting GUI...
2026-06-01 18:46:00,670 [INFO] main: Starting Fisch Macro...
2026-06-01 18:46:00,695 [INFO] main: Initializing configuration...
2026-06-01 18:46:00,695 [INFO] main: Initializing window tracker...
2026-06-01 18:46:00,695 [INFO] main: Initializing detector...
2026-06-01 18:46:00,695 [INFO] main: Initializing controller...
2026-06-01 18:46:00,695 [INFO] main: Setting up start/stop hotkey on key: f6
2026-06-01 18:46:00,711 [INFO] controller: Global hotkey active: press 'f6' to start/stop the macro.
2026-06-01 18:46:00,711 [INFO] main: Initializing macro engine...
2026-06-01 18:46:00,711 [INFO] main: Starting GUI...
2026-06-01 18:46:02,985 [INFO] src.window_tracker: Display scale factor (Quartz): 1.00
2026-06-01 18:46:02,985 [INFO] detector: Window info set — origin=(9, 34)  size=1512x884  scale=1.0
2026-06-01 18:46:11,522 [INFO] detector: Window info set — origin=(9, 34)  size=1512x884  scale=1.0
2026-06-01 18:46:27,668 [INFO] detector: Window info set — origin=(9, 34)  size=1512x884  scale=1.0
2026-06-01 18:46:50,741 [INFO] controller: Global hotkey pressed: f6
2026-06-01 18:46:50,788 [INFO] detector: Window info set — origin=(9, 34)  size=1512x884  scale=1.0
2026-06-01 18:46:50,790 [INFO] controller: Controller started.
2026-06-01 18:46:50,791 [INFO] macro: State: Idle → Casting
2026-06-01 18:46:50,791 [INFO] macro: Macro engine started
2026-06-01 18:46:51,076 [INFO] detector: Window info set — origin=(9, 34)  size=1512x884  scale=1.0
2026-06-01 18:46:51,582 [INFO] detector: Window info set — origin=(9, 34)  size=1512x884  scale=1.0
2026-06-01 18:46:52,084 [INFO] detector: Window info set — origin=(9, 34)  size=1512x884  scale=1.0
2026-06-01 18:46:52,478 [INFO] macro: State: Casting → Waiting for Bite
2026-06-01 18:46:52,586 [INFO] detector: Window info set — origin=(9, 34)  size=1512x884  scale=1.0
2026-06-01 18:46:52,652 [INFO] macro: Minigame bar detected — fish on the line!
2026-06-01 18:46:52,653 [INFO] macro: State: Waiting for Bite → Reeling
2026-06-01 18:46:53,088 [INFO] detector: Window info set — origin=(9, 34)  size=1512x884  scale=1.0
2026-06-01 18:46:53,590 [INFO] detector: Window info set — origin=(9, 34)  size=1512x884  scale=1.0
2026-06-01 18:46:54,092 [INFO] detector: Window info set — origin=(9, 34)  size=1512x884  scale=1.0
2026-06-01 18:46:54,593 [INFO] detector: Window info set — origin=(9, 34)  size=1512x884  scale=1.0
2026-06-01 18:46:55,095 [INFO] detector: Window info set — origin=(9, 34)  size=1512x884  scale=1.0
2026-06-01 18:46:55,597 [INFO] detector: Window info set — origin=(9, 34)  size=1512x884  scale=1.0
2026-06-01 18:46:56,097 [INFO] detector: Window info set — origin=(9, 34)  size=1512x884  scale=1.0
2026-06-01 18:46:56,598 [INFO] detector: Window info set — origin=(9, 34)  size=1512x884  scale=1.0
2026-06-01 18:46:57,101 [INFO] detector: Window info set — origin=(9, 34)  size=1512x884  scale=1.0
2026-06-01 18:46:57,603 [INFO] detector: Window info set — origin=(9, 34)  size=1512x884  scale=1.0
2026-06-01 18:46:58,104 [INFO] detector: Window info set — origin=(9, 34)  size=1512x884  scale=1.0
2026-06-01 18:46:58,606 [INFO] detector: Window info set — origin=(9, 34)  size=1512x884  scale=1.0
2026-06-01 18:46:59,107 [INFO] detector: Window info set — origin=(9, 34)  size=1512x884  scale=1.0
2026-06-01 18:46:59,610 [INFO] detector: Window info set — origin=(9, 34)  size=1512x884  scale=1.0
2026-06-01 18:47:00,111 [INFO] detector: Window info set — origin=(9, 34)  size=1512x884  scale=1.0
2026-06-01 18:47:00,613 [INFO] detector: Window info set — origin=(9, 34)  size=1512x884  scale=1.0
2026-06-01 18:47:01,114 [INFO] detector: Window info set — origin=(9, 34)  size=1512x884  scale=1.0
2026-06-01 18:47:01,617 [INFO] detector: Window info set — origin=(9, 34)  size=1512x884  scale=1.0
2026-06-01 18:47:02,119 [INFO] detector: Window info set — origin=(9, 34)  size=1512x884  scale=1.0
2026-06-01 18:47:02,620 [INFO] detector: Window info set — origin=(9, 34)  size=1512x884  scale=1.0
2026-06-01 18:47:03,122 [INFO] detector: Window info set — origin=(9, 34)  size=1512x884  scale=1.0
2026-06-01 18:47:03,624 [INFO] detector: Window info set — origin=(9, 34)  size=1512x884  scale=1.0
2026-06-01 18:47:03,851 [INFO] macro: State: Reeling → Catch Complete
2026-06-01 18:47:04,126 [INFO] detector: Window info set — origin=(9, 34)  size=1512x884  scale=1.0
2026-06-01 18:47:04,627 [INFO] detector: Window info set — origin=(9, 34)  size=1512x884  scale=1.0
2026-06-01 18:47:05,129 [INFO] detector: Window info set — origin=(9, 34)  size=1512x884  scale=1.0
2026-06-01 18:47:05,633 [INFO] detector: Window info set — origin=(9, 34)  size=1512x884  scale=1.0
2026-06-01 18:47:06,061 [INFO] macro: State: Catch Complete → Casting
2026-06-01 18:47:06,135 [INFO] detector: Window info set — origin=(9, 34)  size=1512x884  scale=1.0
2026-06-01 18:47:06,636 [INFO] detector: Window info set — origin=(9, 34)  size=1512x884  scale=1.0
2026-06-01 18:47:07,138 [INFO] detector: Window info set — origin=(9, 34)  size=1512x884  scale=1.0
2026-06-01 18:47:07,641 [INFO] detector: Window info set — origin=(9, 34)  size=1512x884  scale=1.0
2026-06-01 18:47:07,784 [INFO] macro: State: Casting → Waiting for Bite
2026-06-01 18:47:08,009 [INFO] macro: Minigame bar detected — fish on the line!
2026-06-01 18:47:08,068 [INFO] macro: State: Waiting for Bite → Reeling
2026-06-01 18:47:08,143 [INFO] detector: Window info set — origin=(9, 34)  size=1512x884  scale=1.0
2026-06-01 18:47:08,644 [INFO] detector: Window info set — origin=(9, 34)  size=1512x884  scale=1.0
2026-06-01 18:47:09,146 [INFO] detector: Window info set — origin=(9, 34)  size=1512x884  scale=1.0
2026-06-01 18:47:09,648 [INFO] detector: Window info set — origin=(9, 34)  size=1512x884  scale=1.0
2026-06-01 18:47:10,150 [INFO] detector: Window info set — origin=(9, 34)  size=1512x884  scale=1.0
2026-06-01 18:47:10,651 [INFO] detector: Window info set — origin=(9, 34)  size=1512x884  scale=1.0
2026-06-01 18:47:11,152 [INFO] detector: Window info set — origin=(9, 34)  size=1512x884  scale=1.0
2026-06-01 18:47:11,655 [INFO] detector: Window info set — origin=(9, 34)  size=1512x884  scale=1.0
2026-06-01 18:47:12,157 [INFO] detector: Window info set — origin=(9, 34)  size=1512x884  scale=1.0
2026-06-01 18:47:12,657 [INFO] detector: Window info set — origin=(9, 34)  size=1512x884  scale=1.0
2026-06-01 18:47:13,159 [INFO] detector: Window info set — origin=(9, 34)  size=1512x884  scale=1.0
2026-06-01 18:47:13,665 [INFO] detector: Window info set — origin=(9, 34)  size=1512x884  scale=1.0
2026-06-01 18:47:14,166 [INFO] detector: Window info set — origin=(9, 34)  size=1512x884  scale=1.0
2026-06-01 18:47:14,668 [INFO] detector: Window info set — origin=(9, 34)  size=1512x884  scale=1.0
2026-06-01 18:47:15,169 [INFO] detector: Window info set — origin=(9, 34)  size=1512x884  scale=1.0
2026-06-01 18:47:15,672 [INFO] detector: Window info set — origin=(9, 34)  size=1512x884  scale=1.0
2026-06-01 18:47:16,173 [INFO] detector: Window info set — origin=(9, 34)  size=1512x884  scale=1.0
2026-06-01 18:47:16,675 [INFO] detector: Window info set — origin=(9, 34)  size=1512x884  scale=1.0
2026-06-01 18:47:17,177 [INFO] detector: Window info set — origin=(9, 34)  size=1512x884  scale=1.0
2026-06-01 18:47:17,680 [INFO] detector: Window info set — origin=(9, 34)  size=1512x884  scale=1.0
2026-06-01 18:47:18,182 [INFO] detector: Window info set — origin=(9, 34)  size=1512x884  scale=1.0
2026-06-01 18:47:18,515 [INFO] macro: State: Reeling → Catch Complete
2026-06-01 18:47:18,684 [INFO] detector: Window info set — origin=(9, 34)  size=1512x884  scale=1.0
2026-06-01 18:47:19,186 [INFO] detector: Window info set — origin=(9, 34)  size=1512x884  scale=1.0
2026-06-01 18:47:19,690 [INFO] detector: Window info set — origin=(9, 34)  size=1512x884  scale=1.0
2026-06-01 18:47:20,192 [INFO] detector: Window info set — origin=(9, 34)  size=1512x884  scale=1.0
2026-06-01 18:47:20,694 [INFO] detector: Window info set — origin=(9, 34)  size=1512x884  scale=1.0
2026-06-01 18:47:20,719 [INFO] macro: State: Catch Complete → Casting
2026-06-01 18:47:21,196 [INFO] detector: Window info set — origin=(9, 34)  size=1512x884  scale=1.0
2026-06-01 18:47:21,699 [INFO] detector: Window info set — origin=(9, 34)  size=1512x884  scale=1.0
2026-06-01 18:47:22,200 [INFO] detector: Window info set — origin=(9, 34)  size=1512x884  scale=1.0
2026-06-01 18:47:22,575 [INFO] macro: State: Casting → Waiting for Bite
2026-06-01 18:47:22,702 [INFO] detector: Window info set — origin=(9, 34)  size=1512x884  scale=1.0
2026-06-01 18:47:22,767 [INFO] macro: Minigame bar detected — fish on the line!
2026-06-01 18:47:22,931 [INFO] macro: State: Waiting for Bite → Reeling
2026-06-01 18:47:23,203 [INFO] detector: Window info set — origin=(9, 34)  size=1512x884  scale=1.0
2026-06-01 18:47:23,706 [INFO] detector: Window info set — origin=(9, 34)  size=1512x884  scale=1.0
2026-06-01 18:47:24,207 [INFO] detector: Window info set — origin=(9, 34)  size=1512x884  scale=1.0
2026-06-01 18:47:24,708 [INFO] detector: Window info set — origin=(9, 34)  size=1512x884  scale=1.0
2026-06-01 18:47:25,210 [INFO] detector: Window info set — origin=(9, 34)  size=1512x884  scale=1.0
2026-06-01 18:47:25,713 [INFO] detector: Window info set — origin=(9, 34)  size=1512x884  scale=1.0
2026-06-01 18:47:26,214 [INFO] detector: Window info set — origin=(9, 34)  size=1512x884  scale=1.0
2026-06-01 18:47:26,715 [INFO] detector: Window info set — origin=(9, 34)  size=1512x884  scale=1.0
2026-06-01 18:47:27,216 [INFO] detector: Window info set — origin=(9, 34)  size=1512x884  scale=1.0
2026-06-01 18:47:27,718 [INFO] detector: Window info set — origin=(9, 34)  size=1512x884  scale=1.0
2026-06-01 18:47:28,219 [INFO] detector: Window info set — origin=(9, 34)  size=1512x884  scale=1.0
2026-06-01 18:47:28,721 [INFO] detector: Window info set — origin=(9, 34)  size=1512x884  scale=1.0
2026-06-01 18:47:29,222 [INFO] detector: Window info set — origin=(9, 34)  size=1512x884  scale=1.0
2026-06-01 18:47:29,724 [INFO] detector: Window info set — origin=(9, 34)  size=1512x884  scale=1.0
2026-06-01 18:47:30,226 [INFO] detector: Window info set — origin=(9, 34)  size=1512x884  scale=1.0
2026-06-01 18:47:30,728 [INFO] detector: Window info set — origin=(9, 34)  size=1512x884  scale=1.0
2026-06-01 18:47:31,230 [INFO] detector: Window info set — origin=(9, 34)  size=1512x884  scale=1.0
2026-06-01 18:47:31,732 [INFO] detector: Window info set — origin=(9, 34)  size=1512x884  scale=1.0
2026-06-01 18:47:32,234 [INFO] detector: Window info set — origin=(9, 34)  size=1512x884  scale=1.0
2026-06-01 18:47:32,735 [INFO] detector: Window info set — origin=(9, 34)  size=1512x884  scale=1.0
2026-06-01 18:47:33,236 [INFO] detector: Window info set — origin=(9, 34)  size=1512x884  scale=1.0
2026-06-01 18:47:33,739 [INFO] detector: Window info set — origin=(9, 34)  size=1512x884  scale=1.0
2026-06-01 18:47:34,240 [INFO] detector: Window info set — origin=(9, 34)  size=1512x884  scale=1.0
2026-06-01 18:47:34,742 [INFO] detector: Window info set — origin=(9, 34)  size=1512x884  scale=1.0
2026-06-01 18:47:35,244 [INFO] detector: Window info set — origin=(9, 34)  size=1512x884  scale=1.0
2026-06-01 18:47:35,748 [INFO] detector: Window info set — origin=(9, 34)  size=1512x884  scale=1.0
2026-06-01 18:47:36,248 [INFO] detector: Window info set — origin=(9, 34)  size=1512x884  scale=1.0
2026-06-01 18:47:36,749 [INFO] detector: Window info set — origin=(9, 34)  size=1512x884  scale=1.0
2026-06-01 18:47:37,250 [INFO] detector: Window info set — origin=(9, 34)  size=1512x884  scale=1.0
2026-06-01 18:47:37,752 [INFO] detector: Window info set — origin=(9, 34)  size=1512x884  scale=1.0
2026-06-01 18:47:38,253 [INFO] detector: Window info set — origin=(9, 34)  size=1512x884  scale=1.0
2026-06-01 18:47:38,755 [INFO] detector: Window info set — origin=(9, 34)  size=1512x884  scale=1.0
2026-06-01 18:47:39,256 [INFO] detector: Window info set — origin=(9, 34)  size=1512x884  scale=1.0
2026-06-01 18:47:39,758 [INFO] detector: Window info set — origin=(9, 34)  size=1512x884  scale=1.0
2026-06-01 18:47:40,259 [INFO] detector: Window info set — origin=(9, 34)  size=1512x884  scale=1.0
2026-06-01 18:47:40,761 [INFO] detector: Window info set — origin=(9, 34)  size=1512x884  scale=1.0
2026-06-01 18:47:41,263 [INFO] detector: Window info set — origin=(9, 34)  size=1512x884  scale=1.0
2026-06-01 18:47:41,765 [INFO] detector: Window info set — origin=(9, 34)  size=1512x884  scale=1.0
2026-06-01 18:47:42,267 [INFO] detector: Window info set — origin=(9, 34)  size=1512x884  scale=1.0
2026-06-01 18:47:42,769 [INFO] detector: Window info set — origin=(9, 34)  size=1512x884  scale=1.0
2026-06-01 18:47:43,270 [INFO] detector: Window info set — origin=(9, 34)  size=1512x884  scale=1.0
2026-06-01 18:47:43,774 [INFO] detector: Window info set — origin=(9, 34)  size=1512x884  scale=1.0
2026-06-01 18:47:44,275 [INFO] detector: Window info set — origin=(9, 34)  size=1512x884  scale=1.0
2026-06-01 18:47:44,776 [INFO] detector: Window info set — origin=(9, 34)  size=1512x884  scale=1.0
2026-06-01 18:47:45,276 [INFO] detector: Window info set — origin=(9, 34)  size=1512x884  scale=1.0
2026-06-01 18:47:45,780 [INFO] detector: Window info set — origin=(9, 34)  size=1512x884  scale=1.0
2026-06-01 18:47:46,281 [INFO] detector: Window info set — origin=(9, 34)  size=1512x884  scale=1.0
2026-06-01 18:47:46,783 [INFO] detector: Window info set — origin=(9, 34)  size=1512x884  scale=1.0
2026-06-01 18:47:47,284 [INFO] detector: Window info set — origin=(9, 34)  size=1512x884  scale=1.0
2026-06-01 18:47:47,786 [INFO] detector: Window info set — origin=(9, 34)  size=1512x884  scale=1.0
2026-06-01 18:47:48,288 [INFO] detector: Window info set — origin=(9, 34)  size=1512x884  scale=1.0
2026-06-01 18:47:48,789 [INFO] detector: Window info set — origin=(9, 34)  size=1512x884  scale=1.0
2026-06-01 18:47:49,290 [INFO] detector: Window info set — origin=(9, 34)  size=1512x884  scale=1.0
2026-06-01 18:47:49,792 [INFO] detector: Window info set — origin=(9, 34)  size=1512x884  scale=1.0
2026-06-01 18:47:50,294 [INFO] detector: Window info set — origin=(9, 34)  size=1512x884  scale=1.0
2026-06-01 18:47:50,620 [INFO] controller: Controller stopped.
2026-06-01 18:47:50,620 [INFO] macro: State: Reeling → Stopped
2026-06-01 18:47:50,633 [INFO] macro: Macro loop ended (stop requested)
2026-06-01 18:47:53,621 [INFO] macro: Macro engine stopped
2026-06-01 18:47:53,628 [INFO] detector: Window info set — origin=(9, 34)  size=1512x884  scale=1.0
2026-06-01 18:47:53,629 [INFO] controller: Controller started.
2026-06-01 18:47:53,629 [INFO] macro: State: Stopped → Casting
2026-06-01 18:47:53,629 [INFO] macro: Macro engine started
2026-06-01 18:47:53,630 [INFO] detector: Window info set — origin=(9, 34)  size=1512x884  scale=1.0
2026-06-01 18:47:54,132 [INFO] detector: Window info set — origin=(9, 34)  size=1512x884  scale=1.0
2026-06-01 18:47:54,490 [INFO] controller: Controller stopped.
2026-06-01 18:47:54,490 [INFO] macro: State: Casting → Stopped
2026-06-01 18:47:54,551 [INFO] macro: Macro loop ended (stop requested)
2026-06-01 18:47:57,491 [INFO] macro: Macro engine stopped
2026-06-01 18:52:00,725 [INFO] main: Cleaning up...
2026-06-01 18:52:00,726 [INFO] controller: Controller cleaned up.
2026-06-01 18:52:00,727 [INFO] main: Exiting.
2026-06-01 18:52:03,076 [INFO] main: Starting Fisch Macro...
2026-06-01 18:52:03,105 [INFO] main: Initializing configuration...
2026-06-01 18:52:03,106 [INFO] main: Initializing window tracker...
2026-06-01 18:52:03,106 [INFO] main: Initializing detector...
2026-06-01 18:52:03,106 [INFO] main: Initializing controller...
2026-06-01 18:52:03,106 [INFO] main: Setting up start/stop hotkey on key: f6
2026-06-01 18:52:03,126 [INFO] controller: Global hotkey active: press 'f6' to start/stop the macro.
2026-06-01 18:52:03,126 [INFO] main: Initializing macro engine...
2026-06-01 18:52:03,126 [INFO] main: Starting GUI...
2026-06-01 18:52:08,619 [INFO] src.window_tracker: Display scale factor (Quartz): 1.00
2026-06-01 18:52:08,620 [INFO] detector: Window info set — origin=(9, 34)  size=1512x884  scale=1.0
2026-06-01 18:52:15,439 [INFO] detector: Window info set — origin=(9, 34)  size=1512x884  scale=1.0
2026-06-01 18:52:29,710 [INFO] calibrator: ROI from rect (449,782,610,22) → x=[0.291, 0.694]  y=[0.846, 0.871]
2026-06-01 18:52:33,962 [INFO] calibrator: ROI from rect (585,826,339,10) → x=[0.381, 0.605]  y=[0.896, 0.907]
2026-06-01 18:52:41,165 [INFO] calibrator: ROI from rect (9,70,1502,846) → x=[0.000, 0.993]  y=[0.041, 0.998]
2026-06-01 18:52:52,491 [INFO] detector: Window info set — origin=(9, 34)  size=1512x884  scale=1.0
2026-06-01 18:53:05,138 [INFO] controller: Global hotkey pressed: f6
2026-06-01 18:53:05,140 [INFO] detector: Window info set — origin=(9, 34)  size=1512x884  scale=1.0
2026-06-01 18:53:05,143 [INFO] controller: Controller started.
2026-06-01 18:53:05,144 [INFO] macro: State: Idle → Casting
2026-06-01 18:53:05,144 [INFO] macro: Macro engine started
2026-06-01 18:53:05,286 [INFO] detector: Window info set — origin=(9, 34)  size=1512x884  scale=1.0
2026-06-01 18:53:05,788 [INFO] detector: Window info set — origin=(9, 34)  size=1512x884  scale=1.0
2026-06-01 18:53:06,293 [INFO] detector: Window info set — origin=(9, 34)  size=1512x884  scale=1.0
2026-06-01 18:53:06,795 [INFO] detector: Window info set — origin=(9, 34)  size=1512x884  scale=1.0
2026-06-01 18:53:06,846 [INFO] macro: State: Casting → Waiting for Bite
2026-06-01 18:53:06,914 [INFO] macro: Minigame bar detected — fish on the line!
2026-06-01 18:53:07,006 [INFO] macro: State: Waiting for Bite → Reeling
2026-06-01 18:53:07,297 [INFO] detector: Window info set — origin=(9, 34)  size=1512x884  scale=1.0
2026-06-01 18:53:07,798 [INFO] detector: Window info set — origin=(9, 34)  size=1512x884  scale=1.0
2026-06-01 18:53:08,300 [INFO] detector: Window info set — origin=(9, 34)  size=1512x884  scale=1.0
2026-06-01 18:53:08,800 [INFO] detector: Window info set — origin=(9, 34)  size=1512x884  scale=1.0
2026-06-01 18:53:09,302 [INFO] detector: Window info set — origin=(9, 34)  size=1512x884  scale=1.0
2026-06-01 18:53:09,803 [INFO] detector: Window info set — origin=(9, 34)  size=1512x884  scale=1.0
2026-06-01 18:53:10,305 [INFO] detector: Window info set — origin=(9, 34)  size=1512x884  scale=1.0
2026-06-01 18:53:10,806 [INFO] detector: Window info set — origin=(9, 34)  size=1512x884  scale=1.0
2026-06-01 18:53:11,307 [INFO] detector: Window info set — origin=(9, 34)  size=1512x884  scale=1.0
2026-06-01 18:53:11,809 [INFO] detector: Window info set — origin=(9, 34)  size=1512x884  scale=1.0
2026-06-01 18:53:12,313 [INFO] detector: Window info set — origin=(9, 34)  size=1512x884  scale=1.0
2026-06-01 18:53:12,814 [INFO] detector: Window info set — origin=(9, 34)  size=1512x884  scale=1.0
2026-06-01 18:53:13,316 [INFO] detector: Window info set — origin=(9, 34)  size=1512x884  scale=1.0
2026-06-01 18:53:13,817 [INFO] detector: Window info set — origin=(9, 34)  size=1512x884  scale=1.0
2026-06-01 18:53:14,320 [INFO] detector: Window info set — origin=(9, 34)  size=1512x884  scale=1.0
2026-06-01 18:53:14,822 [INFO] detector: Window info set — origin=(9, 34)  size=1512x884  scale=1.0
2026-06-01 18:53:15,323 [INFO] detector: Window info set — origin=(9, 34)  size=1512x884  scale=1.0
2026-06-01 18:53:15,824 [INFO] detector: Window info set — origin=(9, 34)  size=1512x884  scale=1.0
2026-06-01 18:53:16,326 [INFO] detector: Window info set — origin=(9, 34)  size=1512x884  scale=1.0
2026-06-01 18:53:16,828 [INFO] detector: Window info set — origin=(9, 34)  size=1512x884  scale=1.0
2026-06-01 18:53:17,329 [INFO] detector: Window info set — origin=(9, 34)  size=1512x884  scale=1.0
2026-06-01 18:53:17,830 [INFO] detector: Window info set — origin=(9, 34)  size=1512x884  scale=1.0
2026-06-01 18:53:18,332 [INFO] detector: Window info set — origin=(9, 34)  size=1512x884  scale=1.0
2026-06-01 18:53:18,834 [INFO] detector: Window info set — origin=(9, 34)  size=1512x884  scale=1.0
2026-06-01 18:53:19,335 [INFO] detector: Window info set — origin=(9, 34)  size=1512x884  scale=1.0
2026-06-01 18:53:19,837 [INFO] detector: Window info set — origin=(9, 34)  size=1512x884  scale=1.0
2026-06-01 18:53:20,342 [INFO] detector: Window info set — origin=(9, 34)  size=1512x884  scale=1.0
2026-06-01 18:53:20,843 [INFO] detector: Window info set — origin=(9, 34)  size=1512x884  scale=1.0
2026-06-01 18:53:21,344 [INFO] detector: Window info set — origin=(9, 34)  size=1512x884  scale=1.0
2026-06-01 18:53:21,846 [INFO] detector: Window info set — origin=(9, 34)  size=1512x884  scale=1.0
2026-06-01 18:53:22,350 [INFO] detector: Window info set — origin=(9, 34)  size=1512x884  scale=1.0
2026-06-01 18:53:22,851 [INFO] detector: Window info set — origin=(9, 34)  size=1512x884  scale=1.0
2026-06-01 18:53:23,353 [INFO] detector: Window info set — origin=(9, 34)  size=1512x884  scale=1.0
2026-06-01 18:53:23,854 [INFO] detector: Window info set — origin=(9, 34)  size=1512x884  scale=1.0
2026-06-01 18:53:24,362 [INFO] detector: Window info set — origin=(9, 34)  size=1512x884  scale=1.0
2026-06-01 18:53:24,863 [INFO] detector: Window info set — origin=(9, 34)  size=1512x884  scale=1.0
2026-06-01 18:53:25,363 [INFO] detector: Window info set — origin=(9, 34)  size=1512x884  scale=1.0
2026-06-01 18:53:25,864 [INFO] detector: Window info set — origin=(9, 34)  size=1512x884  scale=1.0
2026-06-01 18:53:26,367 [INFO] detector: Window info set — origin=(9, 34)  size=1512x884  scale=1.0
2026-06-01 18:53:26,868 [INFO] detector: Window info set — origin=(9, 34)  size=1512x884  scale=1.0
2026-06-01 18:53:27,370 [INFO] detector: Window info set — origin=(9, 34)  size=1512x884  scale=1.0
2026-06-01 18:53:27,871 [INFO] detector: Window info set — origin=(9, 34)  size=1512x884  scale=1.0
2026-06-01 18:53:28,375 [INFO] detector: Window info set — origin=(9, 34)  size=1512x884  scale=1.0
2026-06-01 18:53:28,875 [INFO] detector: Window info set — origin=(9, 34)  size=1512x884  scale=1.0
2026-06-01 18:53:29,376 [INFO] detector: Window info set — origin=(9, 34)  size=1512x884  scale=1.0
2026-06-01 18:53:29,878 [INFO] detector: Window info set — origin=(9, 34)  size=1512x884  scale=1.0
2026-06-01 18:53:30,380 [INFO] detector: Window info set — origin=(9, 34)  size=1512x884  scale=1.0
2026-06-01 18:53:30,881 [INFO] detector: Window info set — origin=(9, 34)  size=1512x884  scale=1.0
2026-06-01 18:53:31,382 [INFO] detector: Window info set — origin=(9, 34)  size=1512x884  scale=1.0
2026-06-01 18:53:31,884 [INFO] detector: Window info set — origin=(9, 34)  size=1512x884  scale=1.0
2026-06-01 18:53:32,386 [INFO] detector: Window info set — origin=(9, 34)  size=1512x884  scale=1.0
2026-06-01 18:53:32,888 [INFO] detector: Window info set — origin=(9, 34)  size=1512x884  scale=1.0
2026-06-01 18:53:33,389 [INFO] detector: Window info set — origin=(9, 34)  size=1512x884  scale=1.0
2026-06-01 18:53:33,891 [INFO] detector: Window info set — origin=(9, 34)  size=1512x884  scale=1.0
2026-06-01 18:53:34,393 [INFO] detector: Window info set — origin=(9, 34)  size=1512x884  scale=1.0
2026-06-01 18:53:34,895 [INFO] detector: Window info set — origin=(9, 34)  size=1512x884  scale=1.0
2026-06-01 18:53:35,396 [INFO] detector: Window info set — origin=(9, 34)  size=1512x884  scale=1.0
2026-06-01 18:53:35,898 [INFO] detector: Window info set — origin=(9, 34)  size=1512x884  scale=1.0
2026-06-01 18:53:36,401 [INFO] detector: Window info set — origin=(9, 34)  size=1512x884  scale=1.0
2026-06-01 18:53:36,902 [INFO] detector: Window info set — origin=(9, 34)  size=1512x884  scale=1.0
2026-06-01 18:53:37,404 [INFO] detector: Window info set — origin=(9, 34)  size=1512x884  scale=1.0
2026-06-01 18:53:37,905 [INFO] detector: Window info set — origin=(9, 34)  size=1512x884  scale=1.0
2026-06-01 18:53:38,408 [INFO] detector: Window info set — origin=(9, 34)  size=1512x884  scale=1.0
2026-06-01 18:53:38,909 [INFO] detector: Window info set — origin=(9, 34)  size=1512x884  scale=1.0
2026-06-01 18:53:39,410 [INFO] detector: Window info set — origin=(9, 34)  size=1512x884  scale=1.0
2026-06-01 18:53:39,613 [INFO] controller: Controller stopped.
2026-06-01 18:53:39,613 [INFO] macro: State: Reeling → Stopped
2026-06-01 18:53:39,734 [INFO] macro: Macro loop ended (stop requested)
2026-06-01 18:53:42,614 [INFO] macro: Macro engine stopped
2026-06-01 18:55:19,107 [INFO] main: Cleaning up...
2026-06-01 18:55:19,108 [INFO] controller: Controller cleaned up.
2026-06-01 18:55:19,108 [INFO] main: Exiting.
2026-06-01 18:57:17,799 [INFO] main: Starting Fisch Macro...
2026-06-01 18:57:17,827 [INFO] main: Initializing configuration...
2026-06-01 18:57:17,828 [INFO] main: Initializing window tracker...
2026-06-01 18:57:17,828 [INFO] main: Initializing detector...
2026-06-01 18:57:17,828 [INFO] main: Initializing controller...
2026-06-01 18:57:17,828 [INFO] main: Setting up start/stop hotkey on key: f6
2026-06-01 18:57:17,849 [INFO] controller: Global hotkey active: press 'f6' to start/stop the macro.
2026-06-01 18:57:17,849 [INFO] main: Initializing macro engine...
2026-06-01 18:57:17,849 [INFO] main: Starting GUI...
2026-06-01 18:57:20,276 [INFO] controller: Global hotkey pressed: f6
2026-06-01 18:57:20,277 [INFO] src.window_tracker: Display scale factor (Quartz): 1.00
2026-06-01 18:57:20,277 [INFO] detector: Window info set — origin=(9, 34)  size=1512x884  scale=1.0
2026-06-01 18:57:20,280 [INFO] controller: Controller started.
2026-06-01 18:57:20,280 [INFO] macro: State: Idle → Casting
2026-06-01 18:57:20,281 [INFO] macro: Macro engine started
2026-06-01 18:57:20,509 [INFO] detector: Window info set — origin=(9, 34)  size=1512x884  scale=1.0
2026-06-01 18:57:21,011 [INFO] detector: Window info set — origin=(9, 34)  size=1512x884  scale=1.0
2026-06-01 18:57:21,512 [INFO] detector: Window info set — origin=(9, 34)  size=1512x884  scale=1.0
2026-06-01 18:57:21,972 [INFO] macro: State: Casting → Waiting for Bite
2026-06-01 18:57:22,015 [INFO] detector: Window info set — origin=(9, 34)  size=1512x884  scale=1.0
2026-06-01 18:57:22,118 [ERROR] macro: Macro loop error: OpenCV(4.13.0) :-1: error: (-5:Bad argument) in function 'bitwise_not'
> Overload resolution failed:
>  - src data type = bool is not supported
>  - Expected Ptr<cv::UMat> for argument 'src'
Traceback (most recent call last):
  File "/Users/owenleung/Documents/Programs/fisch-macro/src/macro.py", line 234, in _run_loop
    self._do_waiting(settings)
    ~~~~~~~~~~~~~~~~^^^^^^^^^^
  File "/Users/owenleung/Documents/Programs/fisch-macro/src/macro.py", line 308, in _do_waiting
    result = self.detector.detect_all()
  File "/Users/owenleung/Documents/Programs/fisch-macro/src/detector.py", line 548, in detect_all
    bar_bounds = self.detect_control_bar(bar_frame)
  File "/Users/owenleung/Documents/Programs/fisch-macro/src/detector.py", line 299, in detect_control_bar
    off_mask = cv2.bitwise_and(off_mask, cv2.bitwise_not(track_mask))
                                         ~~~~~~~~~~~~~~~^^^^^^^^^^^^
cv2.error: OpenCV(4.13.0) :-1: error: (-5:Bad argument) in function 'bitwise_not'
> Overload resolution failed:
>  - src data type = bool is not supported
>  - Expected Ptr<cv::UMat> for argument 'src'

2026-06-01 18:57:22,143 [INFO] macro: State: Waiting for Bite → Stopped
2026-06-01 18:57:22,144 [INFO] macro: Macro loop ended (none)
2026-06-01 19:00:01,919 [INFO] main: Cleaning up...
2026-06-01 19:00:01,921 [INFO] controller: Controller cleaned up.
2026-06-01 19:00:01,922 [INFO] main: Exiting.
2026-06-01 19:02:33,112 [INFO] main: Starting Fisch Macro...
2026-06-01 19:02:33,145 [INFO] main: Initializing configuration...
2026-06-01 19:02:33,146 [INFO] main: Initializing window tracker...
2026-06-01 19:02:33,146 [INFO] main: Initializing detector...
2026-06-01 19:02:33,146 [INFO] main: Initializing controller...
2026-06-01 19:02:33,146 [INFO] main: Setting up start/stop hotkey on key: f6
2026-06-01 19:02:33,168 [INFO] controller: Global hotkey active: press 'f6' to start/stop the macro.
2026-06-01 19:02:33,168 [INFO] main: Initializing macro engine...
2026-06-01 19:02:33,168 [INFO] main: Starting GUI...
2026-06-01 19:02:36,400 [INFO] src.window_tracker: Display scale factor (Quartz): 1.00
2026-06-01 19:02:36,400 [INFO] detector: Window info set — origin=(0, 33)  size=1512x884  scale=1.0
2026-06-01 19:02:56,285 [INFO] controller: Global hotkey pressed: f6
2026-06-01 19:02:56,287 [INFO] detector: Window info set — origin=(0, 33)  size=1512x884  scale=1.0
2026-06-01 19:02:56,290 [INFO] controller: Controller started.
2026-06-01 19:02:56,290 [INFO] macro: State: Idle → Casting
2026-06-01 19:02:56,290 [INFO] macro: Macro engine started
2026-06-01 19:02:56,486 [INFO] detector: Window info set — origin=(0, 33)  size=1512x884  scale=1.0
2026-06-01 19:02:56,987 [INFO] detector: Window info set — origin=(0, 33)  size=1512x884  scale=1.0
2026-06-01 19:02:57,488 [INFO] detector: Window info set — origin=(0, 33)  size=1512x884  scale=1.0
2026-06-01 19:02:57,989 [INFO] macro: State: Casting → Waiting for Bite
2026-06-01 19:02:57,994 [INFO] detector: Window info set — origin=(0, 33)  size=1512x884  scale=1.0
2026-06-01 19:02:58,074 [INFO] macro: Minigame bar detected — fish on the line!
2026-06-01 19:02:58,090 [INFO] macro: State: Waiting for Bite → Reeling
2026-06-01 19:02:58,496 [INFO] detector: Window info set — origin=(0, 33)  size=1512x884  scale=1.0
2026-06-01 19:02:58,997 [INFO] detector: Window info set — origin=(0, 33)  size=1512x884  scale=1.0
2026-06-01 19:02:59,498 [INFO] detector: Window info set — origin=(0, 33)  size=1512x884  scale=1.0
2026-06-01 19:03:00,000 [INFO] detector: Window info set — origin=(0, 33)  size=1512x884  scale=1.0
2026-06-01 19:03:00,501 [INFO] detector: Window info set — origin=(0, 33)  size=1512x884  scale=1.0
2026-06-01 19:03:01,002 [INFO] detector: Window info set — origin=(0, 33)  size=1512x884  scale=1.0
2026-06-01 19:03:01,503 [INFO] detector: Window info set — origin=(0, 33)  size=1512x884  scale=1.0
2026-06-01 19:03:02,005 [INFO] detector: Window info set — origin=(0, 33)  size=1512x884  scale=1.0
2026-06-01 19:03:02,506 [INFO] detector: Window info set — origin=(0, 33)  size=1512x884  scale=1.0
2026-06-01 19:03:03,007 [INFO] detector: Window info set — origin=(0, 33)  size=1512x884  scale=1.0
2026-06-01 19:03:03,509 [INFO] detector: Window info set — origin=(0, 33)  size=1512x884  scale=1.0
2026-06-01 19:03:04,011 [INFO] detector: Window info set — origin=(0, 33)  size=1512x884  scale=1.0
2026-06-01 19:03:04,512 [INFO] detector: Window info set — origin=(0, 33)  size=1512x884  scale=1.0
2026-06-01 19:03:05,013 [INFO] detector: Window info set — origin=(0, 33)  size=1512x884  scale=1.0
2026-06-01 19:03:05,514 [INFO] detector: Window info set — origin=(0, 33)  size=1512x884  scale=1.0
2026-06-01 19:03:06,017 [INFO] detector: Window info set — origin=(0, 33)  size=1512x884  scale=1.0
2026-06-01 19:03:06,517 [INFO] detector: Window info set — origin=(0, 33)  size=1512x884  scale=1.0
2026-06-01 19:03:07,019 [INFO] detector: Window info set — origin=(0, 33)  size=1512x884  scale=1.0
2026-06-01 19:03:07,520 [INFO] detector: Window info set — origin=(0, 33)  size=1512x884  scale=1.0
2026-06-01 19:03:08,022 [INFO] detector: Window info set — origin=(0, 33)  size=1512x884  scale=1.0
2026-06-01 19:03:08,523 [INFO] detector: Window info set — origin=(0, 33)  size=1512x884  scale=1.0
2026-06-01 19:03:09,024 [INFO] detector: Window info set — origin=(0, 33)  size=1512x884  scale=1.0
2026-06-01 19:03:09,526 [INFO] detector: Window info set — origin=(0, 33)  size=1512x884  scale=1.0
2026-06-01 19:03:10,028 [INFO] detector: Window info set — origin=(0, 33)  size=1512x884  scale=1.0
2026-06-01 19:03:10,529 [INFO] detector: Window info set — origin=(0, 33)  size=1512x884  scale=1.0
2026-06-01 19:03:11,029 [INFO] detector: Window info set — origin=(0, 33)  size=1512x884  scale=1.0
2026-06-01 19:03:11,530 [INFO] detector: Window info set — origin=(0, 33)  size=1512x884  scale=1.0
2026-06-01 19:03:12,034 [INFO] detector: Window info set — origin=(0, 33)  size=1512x884  scale=1.0
2026-06-01 19:03:12,535 [INFO] detector: Window info set — origin=(0, 33)  size=1512x884  scale=1.0
2026-06-01 19:03:13,036 [INFO] detector: Window info set — origin=(0, 33)  size=1512x884  scale=1.0
2026-06-01 19:03:20,050 [INFO] controller: Global hotkey pressed: f6
2026-06-01 19:03:20,051 [INFO] controller: Controller stopped.
2026-06-01 19:03:20,051 [INFO] macro: State: Reeling → Stopped
2026-06-01 19:03:20,209 [INFO] macro: Macro loop ended (stop requested)
2026-06-01 19:03:23,052 [INFO] macro: Macro engine stopped
2026-06-01 19:04:11,126 [INFO] controller: Global hotkey pressed: f6
2026-06-01 19:04:11,150 [INFO] detector: Window info set — origin=(0, 33)  size=1512x884  scale=1.0
2026-06-01 19:04:11,152 [INFO] controller: Controller started.
2026-06-01 19:04:11,153 [INFO] macro: State: Stopped → Casting
2026-06-01 19:04:11,153 [INFO] macro: Macro engine started
2026-06-01 19:04:11,555 [INFO] detector: Window info set — origin=(0, 33)  size=1512x884  scale=1.0
2026-06-01 19:04:12,057 [INFO] detector: Window info set — origin=(0, 33)  size=1512x884  scale=1.0
2026-06-01 19:04:12,558 [INFO] detector: Window info set — origin=(0, 33)  size=1512x884  scale=1.0
2026-06-01 19:04:12,812 [INFO] macro: State: Casting → Waiting for Bite
2026-06-01 19:04:12,885 [INFO] macro: Minigame bar detected — fish on the line!
2026-06-01 19:04:12,955 [INFO] macro: State: Waiting for Bite → Reeling
2026-06-01 19:04:13,059 [INFO] detector: Window info set — origin=(0, 33)  size=1512x884  scale=1.0
2026-06-01 19:04:13,561 [INFO] detector: Window info set — origin=(0, 33)  size=1512x884  scale=1.0
2026-06-01 19:04:14,061 [INFO] detector: Window info set — origin=(0, 33)  size=1512x884  scale=1.0
2026-06-01 19:04:14,562 [INFO] detector: Window info set — origin=(0, 33)  size=1512x884  scale=1.0
2026-06-01 19:04:15,064 [INFO] detector: Window info set — origin=(0, 33)  size=1512x884  scale=1.0
2026-06-01 19:04:15,567 [INFO] detector: Window info set — origin=(0, 33)  size=1512x884  scale=1.0
2026-06-01 19:04:16,067 [INFO] detector: Window info set — origin=(0, 33)  size=1512x884  scale=1.0
2026-06-01 19:04:16,569 [INFO] detector: Window info set — origin=(0, 33)  size=1512x884  scale=1.0
2026-06-01 19:04:17,070 [INFO] detector: Window info set — origin=(0, 33)  size=1512x884  scale=1.0
2026-06-01 19:04:17,572 [INFO] detector: Window info set — origin=(0, 33)  size=1512x884  scale=1.0
2026-06-01 19:04:18,073 [INFO] detector: Window info set — origin=(0, 33)  size=1512x884  scale=1.0
2026-06-01 19:04:18,577 [INFO] detector: Window info set — origin=(0, 33)  size=1512x884  scale=1.0
2026-06-01 19:04:19,079 [INFO] detector: Window info set — origin=(0, 33)  size=1512x884  scale=1.0
2026-06-01 19:04:19,581 [INFO] detector: Window info set — origin=(0, 33)  size=1512x884  scale=1.0
2026-06-01 19:04:20,082 [INFO] detector: Window info set — origin=(0, 33)  size=1512x884  scale=1.0
2026-06-01 19:04:20,584 [INFO] detector: Window info set — origin=(0, 33)  size=1512x884  scale=1.0
2026-06-01 19:04:21,084 [INFO] detector: Window info set — origin=(0, 33)  size=1512x884  scale=1.0
2026-06-01 19:04:21,586 [INFO] detector: Window info set — origin=(0, 33)  size=1512x884  scale=1.0
2026-06-01 19:04:22,087 [INFO] detector: Window info set — origin=(0, 33)  size=1512x884  scale=1.0
2026-06-01 19:04:22,588 [INFO] detector: Window info set — origin=(0, 33)  size=1512x884  scale=1.0
2026-06-01 19:04:23,089 [INFO] detector: Window info set — origin=(0, 33)  size=1512x884  scale=1.0
2026-06-01 19:04:23,593 [INFO] detector: Window info set — origin=(0, 33)  size=1512x884  scale=1.0
2026-06-01 19:04:24,095 [INFO] detector: Window info set — origin=(0, 33)  size=1512x884  scale=1.0
2026-06-01 19:04:24,596 [INFO] detector: Window info set — origin=(0, 33)  size=1512x884  scale=1.0
2026-06-01 19:04:25,097 [INFO] detector: Window info set — origin=(0, 33)  size=1512x884  scale=1.0
2026-06-01 19:04:25,600 [INFO] detector: Window info set — origin=(0, 33)  size=1512x884  scale=1.0
2026-06-01 19:04:26,101 [INFO] detector: Window info set — origin=(0, 33)  size=1512x884  scale=1.0
2026-06-01 19:04:26,602 [INFO] detector: Window info set — origin=(0, 33)  size=1512x884  scale=1.0
2026-06-01 19:04:27,103 [INFO] detector: Window info set — origin=(0, 33)  size=1512x884  scale=1.0
2026-06-01 19:04:27,605 [INFO] detector: Window info set — origin=(0, 33)  size=1512x884  scale=1.0
2026-06-01 19:04:28,106 [INFO] detector: Window info set — origin=(0, 33)  size=1512x884  scale=1.0
2026-06-01 19:04:28,607 [INFO] detector: Window info set — origin=(0, 33)  size=1512x884  scale=1.0
2026-06-01 19:04:29,108 [INFO] detector: Window info set — origin=(0, 33)  size=1512x884  scale=1.0
2026-06-01 19:04:29,610 [INFO] detector: Window info set — origin=(0, 33)  size=1512x884  scale=1.0
2026-06-01 19:04:30,111 [INFO] detector: Window info set — origin=(0, 33)  size=1512x884  scale=1.0
2026-06-01 19:04:30,612 [INFO] detector: Window info set — origin=(0, 33)  size=1512x884  scale=1.0
2026-06-01 19:04:31,113 [INFO] detector: Window info set — origin=(0, 33)  size=1512x884  scale=1.0
2026-06-01 19:04:31,617 [INFO] detector: Window info set — origin=(0, 33)  size=1512x884  scale=1.0
2026-06-01 19:04:32,119 [INFO] detector: Window info set — origin=(0, 33)  size=1512x884  scale=1.0
2026-06-01 19:04:32,620 [INFO] detector: Window info set — origin=(0, 33)  size=1512x884  scale=1.0
2026-06-01 19:04:33,122 [INFO] detector: Window info set — origin=(0, 33)  size=1512x884  scale=1.0
2026-06-01 19:04:33,268 [INFO] controller: Global hotkey pressed: f6
2026-06-01 19:04:33,270 [INFO] controller: Controller stopped.
2026-06-01 19:04:33,270 [INFO] macro: State: Reeling → Stopped
2026-06-01 19:04:33,359 [INFO] macro: Macro loop ended (stop requested)
2026-06-01 19:04:36,271 [INFO] macro: Macro engine stopped
2026-06-01 19:05:12,323 [INFO] main: Cleaning up...
2026-06-01 19:05:12,323 [INFO] controller: Controller cleaned up.
2026-06-01 19:05:12,324 [INFO] main: Exiting.
2026-06-01 19:08:34,835 [INFO] main: Starting Fisch Macro...
2026-06-01 19:08:34,863 [INFO] main: Initializing configuration...
2026-06-01 19:08:34,863 [INFO] main: Initializing window tracker...
2026-06-01 19:08:34,863 [INFO] main: Initializing detector...
2026-06-01 19:08:34,863 [INFO] main: Initializing controller...
2026-06-01 19:08:34,863 [INFO] main: Setting up start/stop hotkey on key: f6
2026-06-01 19:08:34,884 [INFO] controller: Global hotkey active: press 'f6' to start/stop the macro.
2026-06-01 19:08:34,884 [INFO] main: Initializing macro engine...
2026-06-01 19:08:34,884 [INFO] main: Starting GUI...
2026-06-01 19:08:38,267 [INFO] controller: Global hotkey pressed: f6
2026-06-01 19:08:38,360 [INFO] src.window_tracker: Display scale factor (Quartz): 1.00
2026-06-01 19:08:38,361 [INFO] detector: Window info set — origin=(0, 33)  size=1512x884  scale=1.0
2026-06-01 19:08:38,364 [INFO] controller: Controller started.
2026-06-01 19:08:38,364 [INFO] macro: State: Idle → Casting
2026-06-01 19:08:38,364 [INFO] macro: Macro engine started
2026-06-01 19:08:38,544 [INFO] detector: Window info set — origin=(0, 33)  size=1512x884  scale=1.0
2026-06-01 19:08:39,046 [INFO] detector: Window info set — origin=(0, 33)  size=1512x884  scale=1.0
2026-06-01 19:08:39,553 [INFO] detector: Window info set — origin=(0, 33)  size=1512x884  scale=1.0
2026-06-01 19:08:40,042 [INFO] macro: State: Casting → Waiting for Bite
2026-06-01 19:08:40,054 [INFO] detector: Window info set — origin=(0, 33)  size=1512x884  scale=1.0
2026-06-01 19:08:40,141 [INFO] macro: Minigame bar detected — fish on the line!
2026-06-01 19:08:40,142 [INFO] macro: State: Waiting for Bite → Reeling
2026-06-01 19:08:40,556 [INFO] detector: Window info set — origin=(0, 33)  size=1512x884  scale=1.0
2026-06-01 19:08:41,057 [INFO] detector: Window info set — origin=(0, 33)  size=1512x884  scale=1.0
2026-06-01 19:08:41,559 [INFO] detector: Window info set — origin=(0, 33)  size=1512x884  scale=1.0
2026-06-01 19:08:42,060 [INFO] detector: Window info set — origin=(0, 33)  size=1512x884  scale=1.0
2026-06-01 19:08:42,562 [INFO] detector: Window info set — origin=(0, 33)  size=1512x884  scale=1.0
2026-06-01 19:08:43,063 [INFO] detector: Window info set — origin=(0, 33)  size=1512x884  scale=1.0
2026-06-01 19:08:43,567 [INFO] detector: Window info set — origin=(0, 33)  size=1512x884  scale=1.0
2026-06-01 19:08:44,068 [INFO] detector: Window info set — origin=(0, 33)  size=1512x884  scale=1.0
2026-06-01 19:08:44,569 [INFO] detector: Window info set — origin=(0, 33)  size=1512x884  scale=1.0
2026-06-01 19:08:45,070 [INFO] detector: Window info set — origin=(0, 33)  size=1512x884  scale=1.0
2026-06-01 19:08:45,572 [INFO] detector: Window info set — origin=(0, 33)  size=1512x884  scale=1.0
2026-06-01 19:08:46,074 [INFO] detector: Window info set — origin=(0, 33)  size=1512x884  scale=1.0
2026-06-01 19:08:46,575 [INFO] detector: Window info set — origin=(0, 33)  size=1512x884  scale=1.0
2026-06-01 19:08:47,076 [INFO] detector: Window info set — origin=(0, 33)  size=1512x884  scale=1.0
2026-06-01 19:08:47,578 [INFO] detector: Window info set — origin=(0, 33)  size=1512x884  scale=1.0
2026-06-01 19:08:48,079 [INFO] detector: Window info set — origin=(0, 33)  size=1512x884  scale=1.0
2026-06-01 19:08:48,580 [INFO] detector: Window info set — origin=(0, 33)  size=1512x884  scale=1.0
2026-06-01 19:08:49,081 [INFO] detector: Window info set — origin=(0, 33)  size=1512x884  scale=1.0
2026-06-01 19:08:49,583 [INFO] detector: Window info set — origin=(0, 33)  size=1512x884  scale=1.0
2026-06-01 19:08:50,084 [INFO] detector: Window info set — origin=(0, 33)  size=1512x884  scale=1.0
2026-06-01 19:08:50,585 [INFO] detector: Window info set — origin=(0, 33)  size=1512x884  scale=1.0
2026-06-01 19:08:51,087 [INFO] detector: Window info set — origin=(0, 33)  size=1512x884  scale=1.0
2026-06-01 19:08:51,589 [INFO] detector: Window info set — origin=(0, 33)  size=1512x884  scale=1.0
2026-06-01 19:08:52,090 [INFO] detector: Window info set — origin=(0, 33)  size=1512x884  scale=1.0
2026-06-01 19:08:52,592 [INFO] detector: Window info set — origin=(0, 33)  size=1512x884  scale=1.0
2026-06-01 19:08:53,093 [INFO] detector: Window info set — origin=(0, 33)  size=1512x884  scale=1.0
2026-06-01 19:08:53,594 [INFO] detector: Window info set — origin=(0, 33)  size=1512x884  scale=1.0
2026-06-01 19:08:54,095 [INFO] detector: Window info set — origin=(0, 33)  size=1512x884  scale=1.0
2026-06-01 19:08:54,597 [INFO] detector: Window info set — origin=(0, 33)  size=1512x884  scale=1.0
2026-06-01 19:08:55,097 [INFO] detector: Window info set — origin=(0, 33)  size=1512x884  scale=1.0
2026-06-01 19:08:55,600 [INFO] detector: Window info set — origin=(0, 33)  size=1512x884  scale=1.0
2026-06-01 19:08:56,101 [INFO] detector: Window info set — origin=(0, 33)  size=1512x884  scale=1.0
2026-06-01 19:08:56,602 [INFO] detector: Window info set — origin=(0, 33)  size=1512x884  scale=1.0
2026-06-01 19:08:57,103 [INFO] detector: Window info set — origin=(0, 33)  size=1512x884  scale=1.0
2026-06-01 19:08:57,610 [INFO] detector: Window info set — origin=(0, 33)  size=1512x884  scale=1.0
2026-06-01 19:08:58,112 [INFO] detector: Window info set — origin=(0, 33)  size=1512x884  scale=1.0
2026-06-01 19:08:58,613 [INFO] detector: Window info set — origin=(0, 33)  size=1512x884  scale=1.0
2026-06-01 19:08:59,114 [INFO] detector: Window info set — origin=(0, 33)  size=1512x884  scale=1.0
2026-06-01 19:08:59,617 [INFO] detector: Window info set — origin=(0, 33)  size=1512x884  scale=1.0
2026-06-01 19:09:00,118 [INFO] detector: Window info set — origin=(0, 33)  size=1512x884  scale=1.0
2026-06-01 19:09:00,619 [INFO] detector: Window info set — origin=(0, 33)  size=1512x884  scale=1.0
2026-06-01 19:09:01,120 [INFO] detector: Window info set — origin=(0, 33)  size=1512x884  scale=1.0
2026-06-01 19:09:01,622 [INFO] detector: Window info set — origin=(0, 33)  size=1512x884  scale=1.0
2026-06-01 19:09:02,123 [INFO] detector: Window info set — origin=(0, 33)  size=1512x884  scale=1.0
2026-06-01 19:09:02,624 [INFO] detector: Window info set — origin=(0, 33)  size=1512x884  scale=1.0
2026-06-01 19:09:03,125 [INFO] detector: Window info set — origin=(0, 33)  size=1512x884  scale=1.0
2026-06-01 19:09:03,627 [INFO] detector: Window info set — origin=(0, 33)  size=1512x884  scale=1.0
2026-06-01 19:09:04,128 [INFO] detector: Window info set — origin=(0, 33)  size=1512x884  scale=1.0
2026-06-01 19:09:04,629 [INFO] detector: Window info set — origin=(0, 33)  size=1512x884  scale=1.0
2026-06-01 19:09:05,131 [INFO] detector: Window info set — origin=(0, 33)  size=1512x884  scale=1.0
2026-06-01 19:09:05,633 [INFO] detector: Window info set — origin=(0, 33)  size=1512x884  scale=1.0
2026-06-01 19:09:06,134 [INFO] detector: Window info set — origin=(0, 33)  size=1512x884  scale=1.0
2026-06-01 19:09:06,635 [INFO] detector: Window info set — origin=(0, 33)  size=1512x884  scale=1.0
2026-06-01 19:09:07,137 [INFO] detector: Window info set — origin=(0, 33)  size=1512x884  scale=1.0
2026-06-01 19:09:07,638 [INFO] detector: Window info set — origin=(0, 33)  size=1512x884  scale=1.0
2026-06-01 19:09:08,139 [INFO] detector: Window info set — origin=(0, 33)  size=1512x884  scale=1.0
2026-06-01 19:09:08,640 [INFO] detector: Window info set — origin=(0, 33)  size=1512x884  scale=1.0
2026-06-01 19:09:09,142 [INFO] detector: Window info set — origin=(0, 33)  size=1512x884  scale=1.0
2026-06-01 19:09:09,644 [INFO] detector: Window info set — origin=(0, 33)  size=1512x884  scale=1.0
2026-06-01 19:09:10,145 [INFO] detector: Window info set — origin=(0, 33)  size=1512x884  scale=1.0
2026-06-01 19:09:10,646 [INFO] detector: Window info set — origin=(0, 33)  size=1512x884  scale=1.0
2026-06-01 19:09:11,147 [INFO] detector: Window info set — origin=(0, 33)  size=1512x884  scale=1.0
2026-06-01 19:09:11,650 [INFO] detector: Window info set — origin=(0, 33)  size=1512x884  scale=1.0
2026-06-01 19:09:12,151 [INFO] detector: Window info set — origin=(0, 33)  size=1512x884  scale=1.0
2026-06-01 19:09:12,652 [INFO] detector: Window info set — origin=(0, 33)  size=1512x884  scale=1.0
2026-06-01 19:09:13,153 [INFO] detector: Window info set — origin=(0, 33)  size=1512x884  scale=1.0
2026-06-01 19:09:13,658 [INFO] detector: Window info set — origin=(0, 33)  size=1512x884  scale=1.0
2026-06-01 19:09:14,159 [INFO] detector: Window info set — origin=(0, 33)  size=1512x884  scale=1.0
2026-06-01 19:09:14,660 [INFO] detector: Window info set — origin=(0, 33)  size=1512x884  scale=1.0
2026-06-01 19:09:15,161 [INFO] detector: Window info set — origin=(0, 33)  size=1512x884  scale=1.0
2026-06-01 19:09:15,664 [INFO] detector: Window info set — origin=(0, 33)  size=1512x884  scale=1.0
2026-06-01 19:09:16,165 [INFO] detector: Window info set — origin=(0, 33)  size=1512x884  scale=1.0
2026-06-01 19:09:16,667 [INFO] detector: Window info set — origin=(0, 33)  size=1512x884  scale=1.0
2026-06-01 19:09:17,169 [INFO] detector: Window info set — origin=(0, 33)  size=1512x884  scale=1.0
2026-06-01 19:09:17,671 [INFO] detector: Window info set — origin=(0, 33)  size=1512x884  scale=1.0
2026-06-01 19:09:18,172 [INFO] detector: Window info set — origin=(0, 33)  size=1512x884  scale=1.0
2026-06-01 19:09:18,674 [INFO] detector: Window info set — origin=(0, 33)  size=1512x884  scale=1.0
2026-06-01 19:09:19,176 [INFO] detector: Window info set — origin=(0, 33)  size=1512x884  scale=1.0
2026-06-01 19:09:19,678 [INFO] detector: Window info set — origin=(0, 33)  size=1512x884  scale=1.0
2026-06-01 19:09:20,180 [INFO] detector: Window info set — origin=(0, 33)  size=1512x884  scale=1.0
2026-06-01 19:09:20,681 [INFO] detector: Window info set — origin=(0, 33)  size=1512x884  scale=1.0
2026-06-01 19:09:21,182 [INFO] detector: Window info set — origin=(0, 33)  size=1512x884  scale=1.0
2026-06-01 19:09:21,685 [INFO] detector: Window info set — origin=(0, 33)  size=1512x884  scale=1.0
2026-06-01 19:09:22,187 [INFO] detector: Window info set — origin=(0, 33)  size=1512x884  scale=1.0
2026-06-01 19:09:22,688 [INFO] detector: Window info set — origin=(0, 33)  size=1512x884  scale=1.0
2026-06-01 19:09:23,189 [INFO] detector: Window info set — origin=(0, 33)  size=1512x884  scale=1.0
2026-06-01 19:09:23,692 [INFO] detector: Window info set — origin=(0, 33)  size=1512x884  scale=1.0
2026-06-01 19:09:24,194 [INFO] detector: Window info set — origin=(0, 33)  size=1512x884  scale=1.0
2026-06-01 19:09:24,695 [INFO] detector: Window info set — origin=(0, 33)  size=1512x884  scale=1.0
2026-06-01 19:09:25,122 [INFO] controller: Controller stopped.
2026-06-01 19:09:25,123 [INFO] macro: State: Reeling → Stopped
2026-06-01 19:09:25,291 [INFO] macro: Macro loop ended (stop requested)
2026-06-01 19:09:27,552 [INFO] controller: Global hotkey pressed: f6
2026-06-01 19:09:28,124 [INFO] macro: Macro engine stopped
2026-06-01 19:09:28,147 [INFO] detector: Window info set — origin=(0, 33)  size=1512x884  scale=1.0
2026-06-01 19:09:28,149 [INFO] controller: Controller started.
2026-06-01 19:09:28,149 [INFO] macro: State: Stopped → Casting
2026-06-01 19:09:28,149 [INFO] macro: Macro engine started
2026-06-01 19:09:28,644 [INFO] detector: Window info set — origin=(0, 33)  size=1512x884  scale=1.0
2026-06-01 19:09:29,145 [INFO] detector: Window info set — origin=(0, 33)  size=1512x884  scale=1.0
2026-06-01 19:09:29,647 [INFO] detector: Window info set — origin=(0, 33)  size=1512x884  scale=1.0
2026-06-01 19:09:29,804 [INFO] macro: State: Casting → Waiting for Bite
2026-06-01 19:09:29,861 [INFO] macro: Minigame bar detected — fish on the line!
2026-06-01 19:09:29,958 [INFO] macro: State: Waiting for Bite → Reeling
2026-06-01 19:09:30,150 [INFO] detector: Window info set — origin=(0, 33)  size=1512x884  scale=1.0
2026-06-01 19:09:30,651 [INFO] detector: Window info set — origin=(0, 33)  size=1512x884  scale=1.0
2026-06-01 19:09:31,153 [INFO] detector: Window info set — origin=(0, 33)  size=1512x884  scale=1.0
2026-06-01 19:09:31,655 [INFO] detector: Window info set — origin=(0, 33)  size=1512x884  scale=1.0
2026-06-01 19:09:32,159 [INFO] detector: Window info set — origin=(0, 33)  size=1512x884  scale=1.0
2026-06-01 19:09:32,660 [INFO] detector: Window info set — origin=(0, 33)  size=1512x884  scale=1.0
2026-06-01 19:09:33,161 [INFO] detector: Window info set — origin=(0, 33)  size=1512x884  scale=1.0
2026-06-01 19:09:33,663 [INFO] detector: Window info set — origin=(0, 33)  size=1512x884  scale=1.0
2026-06-01 19:09:34,167 [INFO] detector: Window info set — origin=(0, 33)  size=1512x884  scale=1.0
2026-06-01 19:09:34,669 [INFO] detector: Window info set — origin=(0, 33)  size=1512x884  scale=1.0
2026-06-01 19:09:35,170 [INFO] detector: Window info set — origin=(0, 33)  size=1512x884  scale=1.0
2026-06-01 19:09:35,672 [INFO] detector: Window info set — origin=(0, 33)  size=1512x884  scale=1.0
2026-06-01 19:09:36,177 [INFO] detector: Window info set — origin=(0, 33)  size=1512x884  scale=1.0
2026-06-01 19:09:36,679 [INFO] detector: Window info set — origin=(0, 33)  size=1512x884  scale=1.0
2026-06-01 19:09:36,742 [INFO] controller: Global hotkey pressed: f6
2026-06-01 19:09:36,744 [INFO] controller: Controller stopped.
2026-06-01 19:09:36,744 [INFO] macro: State: Reeling → Stopped
2026-06-01 19:09:36,836 [INFO] macro: Macro loop ended (stop requested)
2026-06-01 19:09:39,745 [INFO] macro: Macro engine stopped
2026-06-01 19:14:49,346 [INFO] main: Cleaning up...
2026-06-01 19:14:49,347 [INFO] controller: Controller cleaned up.
2026-06-01 19:14:49,347 [INFO] main: Exiting.
2026-06-01 19:14:51,335 [INFO] main: Starting Fisch Macro...
2026-06-01 19:14:51,363 [INFO] main: Initializing configuration...
2026-06-01 19:14:51,369 [INFO] main: Initializing window tracker...
2026-06-01 19:14:51,369 [INFO] main: Initializing detector...
2026-06-01 19:14:51,369 [INFO] main: Initializing controller...
2026-06-01 19:14:51,369 [INFO] main: Setting up start/stop hotkey on key: f6
2026-06-01 19:14:51,390 [INFO] controller: Global hotkey active: press 'f6' to start/stop the macro.
2026-06-01 19:14:51,390 [INFO] main: Initializing macro engine...
2026-06-01 19:14:51,390 [INFO] main: Starting GUI...
2026-06-01 19:14:55,604 [INFO] controller: Global hotkey pressed: f6
2026-06-01 19:14:55,784 [INFO] src.window_tracker: Display scale factor (Quartz): 1.00
2026-06-01 19:14:55,785 [INFO] detector: Window info set — origin=(0, 33)  size=1512x884  scale=1.0
2026-06-01 19:14:55,787 [INFO] controller: Controller started.
2026-06-01 19:14:55,787 [INFO] macro: State: Idle → Casting
2026-06-01 19:14:55,787 [INFO] macro: Macro engine started
2026-06-01 19:14:56,072 [INFO] detector: Window info set — origin=(0, 33)  size=1512x884  scale=1.0
2026-06-01 19:14:56,575 [INFO] detector: Window info set — origin=(0, 33)  size=1512x884  scale=1.0
2026-06-01 19:14:57,076 [INFO] detector: Window info set — origin=(0, 33)  size=1512x884  scale=1.0
2026-06-01 19:14:57,467 [INFO] macro: State: Casting → Waiting for Bite
2026-06-01 19:14:57,554 [INFO] macro: Minigame bar detected — fish on the line!
2026-06-01 19:14:57,554 [INFO] macro: State: Waiting for Bite → Reeling
2026-06-01 19:14:57,578 [INFO] detector: Window info set — origin=(0, 33)  size=1512x884  scale=1.0
2026-06-01 19:14:58,079 [INFO] detector: Window info set — origin=(0, 33)  size=1512x884  scale=1.0
2026-06-01 19:14:58,584 [INFO] detector: Window info set — origin=(0, 33)  size=1512x884  scale=1.0
2026-06-01 19:14:59,086 [INFO] detector: Window info set — origin=(0, 33)  size=1512x884  scale=1.0
2026-06-01 19:14:59,587 [INFO] detector: Window info set — origin=(0, 33)  size=1512x884  scale=1.0
2026-06-01 19:15:00,089 [INFO] detector: Window info set — origin=(0, 33)  size=1512x884  scale=1.0
2026-06-01 19:15:00,592 [INFO] detector: Window info set — origin=(0, 33)  size=1512x884  scale=1.0
2026-06-01 19:15:00,862 [INFO] controller: Global hotkey pressed: f6
2026-06-01 19:15:00,863 [INFO] controller: Controller stopped.
2026-06-01 19:15:00,863 [INFO] macro: State: Reeling → Stopped
2026-06-01 19:15:00,952 [INFO] macro: Macro loop ended (stop requested)
2026-06-01 19:15:03,864 [INFO] macro: Macro engine stopped
2026-06-01 19:15:15,734 [INFO] controller: Global hotkey pressed: f6
2026-06-01 19:15:15,912 [INFO] detector: Window info set — origin=(0, 33)  size=1512x884  scale=1.0
2026-06-01 19:15:15,915 [INFO] controller: Controller started.
2026-06-01 19:15:15,915 [INFO] macro: State: Stopped → Casting
2026-06-01 19:15:15,915 [INFO] macro: Macro engine started
2026-06-01 19:15:16,411 [INFO] detector: Window info set — origin=(0, 33)  size=1512x884  scale=1.0
2026-06-01 19:15:16,913 [INFO] detector: Window info set — origin=(0, 33)  size=1512x884  scale=1.0
2026-06-01 19:15:17,414 [INFO] detector: Window info set — origin=(0, 33)  size=1512x884  scale=1.0
2026-06-01 19:15:17,557 [INFO] macro: State: Casting → Waiting for Bite
2026-06-01 19:15:17,790 [INFO] macro: Minigame bar detected — fish on the line!
2026-06-01 19:15:17,790 [INFO] macro: State: Waiting for Bite → Reeling
2026-06-01 19:15:17,917 [INFO] detector: Window info set — origin=(0, 33)  size=1512x884  scale=1.0
2026-06-01 19:15:18,418 [INFO] detector: Window info set — origin=(0, 33)  size=1512x884  scale=1.0
2026-06-01 19:15:18,919 [INFO] detector: Window info set — origin=(0, 33)  size=1512x884  scale=1.0
2026-06-01 19:15:19,421 [INFO] detector: Window info set — origin=(0, 33)  size=1512x884  scale=1.0
2026-06-01 19:15:19,926 [INFO] detector: Window info set — origin=(0, 33)  size=1512x884  scale=1.0
2026-06-01 19:15:20,427 [INFO] detector: Window info set — origin=(0, 33)  size=1512x884  scale=1.0
2026-06-01 19:15:20,929 [INFO] detector: Window info set — origin=(0, 33)  size=1512x884  scale=1.0
2026-06-01 19:15:21,429 [INFO] detector: Window info set — origin=(0, 33)  size=1512x884  scale=1.0
2026-06-01 19:15:21,933 [INFO] detector: Window info set — origin=(0, 33)  size=1512x884  scale=1.0
2026-06-01 19:15:22,434 [INFO] detector: Window info set — origin=(0, 33)  size=1512x884  scale=1.0
2026-06-01 19:15:22,935 [INFO] detector: Window info set — origin=(0, 33)  size=1512x884  scale=1.0
2026-06-01 19:15:23,437 [INFO] detector: Window info set — origin=(0, 33)  size=1512x884  scale=1.0
2026-06-01 19:15:23,939 [INFO] detector: Window info set — origin=(0, 33)  size=1512x884  scale=1.0
2026-06-01 19:15:24,439 [INFO] detector: Window info set — origin=(0, 33)  size=1512x884  scale=1.0
2026-06-01 19:15:24,940 [INFO] detector: Window info set — origin=(0, 33)  size=1512x884  scale=1.0
2026-06-01 19:15:25,442 [INFO] detector: Window info set — origin=(0, 33)  size=1512x884  scale=1.0
2026-06-01 19:15:25,943 [INFO] detector: Window info set — origin=(0, 33)  size=1512x884  scale=1.0
2026-06-01 19:15:26,445 [INFO] detector: Window info set — origin=(0, 33)  size=1512x884  scale=1.0
2026-06-01 19:15:26,946 [INFO] detector: Window info set — origin=(0, 33)  size=1512x884  scale=1.0
2026-06-01 19:15:27,447 [INFO] detector: Window info set — origin=(0, 33)  size=1512x884  scale=1.0
2026-06-01 19:15:27,950 [INFO] detector: Window info set — origin=(0, 33)  size=1512x884  scale=1.0
2026-06-01 19:15:28,451 [INFO] detector: Window info set — origin=(0, 33)  size=1512x884  scale=1.0
2026-06-01 19:15:28,953 [INFO] detector: Window info set — origin=(0, 33)  size=1512x884  scale=1.0
2026-06-01 19:15:29,454 [INFO] detector: Window info set — origin=(0, 33)  size=1512x884  scale=1.0
2026-06-01 19:15:29,958 [INFO] detector: Window info set — origin=(0, 33)  size=1512x884  scale=1.0
2026-06-01 19:15:30,459 [INFO] detector: Window info set — origin=(0, 33)  size=1512x884  scale=1.0
2026-06-01 19:15:30,961 [INFO] detector: Window info set — origin=(0, 33)  size=1512x884  scale=1.0
2026-06-01 19:15:31,463 [INFO] detector: Window info set — origin=(0, 33)  size=1512x884  scale=1.0
2026-06-01 19:15:31,967 [INFO] detector: Window info set — origin=(0, 33)  size=1512x884  scale=1.0
2026-06-01 19:15:32,468 [INFO] detector: Window info set — origin=(0, 33)  size=1512x884  scale=1.0
2026-06-01 19:15:32,969 [INFO] detector: Window info set — origin=(0, 33)  size=1512x884  scale=1.0
2026-06-01 19:15:33,471 [INFO] detector: Window info set — origin=(0, 33)  size=1512x884  scale=1.0
2026-06-01 19:15:33,976 [INFO] detector: Window info set — origin=(0, 33)  size=1512x884  scale=1.0
2026-06-01 19:15:34,477 [INFO] detector: Window info set — origin=(0, 33)  size=1512x884  scale=1.0
2026-06-01 19:15:34,979 [INFO] detector: Window info set — origin=(0, 33)  size=1512x884  scale=1.0
2026-06-01 19:15:35,480 [INFO] detector: Window info set — origin=(0, 33)  size=1512x884  scale=1.0
2026-06-01 19:15:35,984 [INFO] detector: Window info set — origin=(0, 33)  size=1512x884  scale=1.0
2026-06-01 19:15:36,486 [INFO] detector: Window info set — origin=(0, 33)  size=1512x884  scale=1.0
2026-06-01 19:15:36,988 [INFO] detector: Window info set — origin=(0, 33)  size=1512x884  scale=1.0
2026-06-01 19:15:37,489 [INFO] detector: Window info set — origin=(0, 33)  size=1512x884  scale=1.0
2026-06-01 19:15:37,992 [INFO] detector: Window info set — origin=(0, 33)  size=1512x884  scale=1.0
2026-06-01 19:15:38,493 [INFO] detector: Window info set — origin=(0, 33)  size=1512x884  scale=1.0
2026-06-01 19:15:38,995 [INFO] detector: Window info set — origin=(0, 33)  size=1512x884  scale=1.0
2026-06-01 19:15:39,496 [INFO] detector: Window info set — origin=(0, 33)  size=1512x884  scale=1.0
2026-06-01 19:15:40,001 [INFO] detector: Window info set — origin=(0, 33)  size=1512x884  scale=1.0
2026-06-01 19:15:40,502 [INFO] detector: Window info set — origin=(0, 33)  size=1512x884  scale=1.0
2026-06-01 19:15:41,004 [INFO] detector: Window info set — origin=(0, 33)  size=1512x884  scale=1.0
2026-06-01 19:15:41,506 [INFO] detector: Window info set — origin=(0, 33)  size=1512x884  scale=1.0
2026-06-01 19:15:42,010 [INFO] detector: Window info set — origin=(0, 33)  size=1512x884  scale=1.0
2026-06-01 19:15:42,512 [INFO] detector: Window info set — origin=(0, 33)  size=1512x884  scale=1.0
2026-06-01 19:15:43,013 [INFO] detector: Window info set — origin=(0, 33)  size=1512x884  scale=1.0
2026-06-01 19:15:43,514 [INFO] detector: Window info set — origin=(0, 33)  size=1512x884  scale=1.0
2026-06-01 19:15:44,017 [INFO] detector: Window info set — origin=(0, 33)  size=1512x884  scale=1.0
2026-06-01 19:15:44,518 [INFO] detector: Window info set — origin=(0, 33)  size=1512x884  scale=1.0
2026-06-01 19:15:45,019 [INFO] detector: Window info set — origin=(0, 33)  size=1512x884  scale=1.0
2026-06-01 19:15:45,521 [INFO] detector: Window info set — origin=(0, 33)  size=1512x884  scale=1.0
2026-06-01 19:15:46,025 [INFO] detector: Window info set — origin=(0, 33)  size=1512x884  scale=1.0
2026-06-01 19:15:46,526 [INFO] detector: Window info set — origin=(0, 33)  size=1512x884  scale=1.0
2026-06-01 19:15:47,028 [INFO] detector: Window info set — origin=(0, 33)  size=1512x884  scale=1.0
2026-06-01 19:15:47,530 [INFO] detector: Window info set — origin=(0, 33)  size=1512x884  scale=1.0
2026-06-01 19:15:48,035 [INFO] detector: Window info set — origin=(0, 33)  size=1512x884  scale=1.0
2026-06-01 19:15:48,217 [INFO] controller: Global hotkey pressed: f6
2026-06-01 19:15:48,219 [INFO] controller: Controller stopped.
2026-06-01 19:15:48,219 [INFO] macro: State: Reeling → Stopped
2026-06-01 19:15:48,311 [INFO] macro: Macro loop ended (stop requested)
2026-06-01 19:15:51,220 [INFO] macro: Macro engine stopped
2026-06-01 19:20:29,877 [INFO] main: Starting Fisch Macro...
2026-06-01 19:20:29,911 [INFO] main: Initializing configuration...
2026-06-01 19:20:29,911 [INFO] main: Initializing window tracker...
2026-06-01 19:20:29,911 [INFO] main: Initializing detector...
2026-06-01 19:20:29,911 [INFO] main: Initializing controller...
2026-06-01 19:20:29,911 [INFO] main: Setting up start/stop hotkey on key: f6
2026-06-01 19:20:29,935 [INFO] controller: Global hotkey active: press 'f6' to start/stop the macro.
2026-06-01 19:20:29,935 [INFO] main: Initializing macro engine...
2026-06-01 19:20:29,935 [INFO] main: Starting GUI...
2026-06-01 19:20:34,047 [INFO] controller: Global hotkey pressed: f6
2026-06-01 19:20:34,048 [INFO] src.window_tracker: Display scale factor (Quartz): 1.00
2026-06-01 19:20:34,048 [INFO] detector: Window info set — origin=(0, 33)  size=1512x884  scale=1.0
2026-06-01 19:20:34,051 [INFO] controller: Controller started.
2026-06-01 19:20:34,051 [INFO] macro: State: Idle → Casting
2026-06-01 19:20:34,052 [INFO] macro: Macro engine started
2026-06-01 19:20:34,101 [INFO] detector: Window info set — origin=(0, 33)  size=1512x884  scale=1.0
2026-06-01 19:20:34,603 [INFO] detector: Window info set — origin=(0, 33)  size=1512x884  scale=1.0
2026-06-01 19:20:35,104 [INFO] detector: Window info set — origin=(0, 33)  size=1512x884  scale=1.0
2026-06-01 19:20:35,606 [INFO] detector: Window info set — origin=(0, 33)  size=1512x884  scale=1.0
2026-06-01 19:20:35,682 [INFO] macro: State: Casting → Waiting for Bite
2026-06-01 19:20:36,032 [INFO] macro: Bite confirmed — fish on the line!
2026-06-01 19:20:36,107 [INFO] macro: State: Waiting for Bite → Reeling
2026-06-01 19:20:36,111 [INFO] detector: Window info set — origin=(0, 33)  size=1512x884  scale=1.0
2026-06-01 19:20:36,612 [INFO] detector: Window info set — origin=(0, 33)  size=1512x884  scale=1.0
2026-06-01 19:20:37,114 [INFO] detector: Window info set — origin=(0, 33)  size=1512x884  scale=1.0
2026-06-01 19:20:37,614 [INFO] detector: Window info set — origin=(0, 33)  size=1512x884  scale=1.0
2026-06-01 19:20:38,117 [INFO] detector: Window info set — origin=(0, 33)  size=1512x884  scale=1.0
2026-06-01 19:20:38,619 [INFO] detector: Window info set — origin=(0, 33)  size=1512x884  scale=1.0
2026-06-01 19:20:39,120 [INFO] detector: Window info set — origin=(0, 33)  size=1512x884  scale=1.0
2026-06-01 19:20:39,622 [INFO] detector: Window info set — origin=(0, 33)  size=1512x884  scale=1.0
2026-06-01 19:20:40,126 [INFO] detector: Window info set — origin=(0, 33)  size=1512x884  scale=1.0
2026-06-01 19:20:40,627 [INFO] detector: Window info set — origin=(0, 33)  size=1512x884  scale=1.0
2026-06-01 19:20:41,128 [INFO] detector: Window info set — origin=(0, 33)  size=1512x884  scale=1.0
2026-06-01 19:20:41,629 [INFO] detector: Window info set — origin=(0, 33)  size=1512x884  scale=1.0
2026-06-01 19:20:42,135 [INFO] detector: Window info set — origin=(0, 33)  size=1512x884  scale=1.0
2026-06-01 19:20:42,637 [INFO] detector: Window info set — origin=(0, 33)  size=1512x884  scale=1.0
2026-06-01 19:20:43,139 [INFO] detector: Window info set — origin=(0, 33)  size=1512x884  scale=1.0
2026-06-01 19:20:43,639 [INFO] detector: Window info set — origin=(0, 33)  size=1512x884  scale=1.0
2026-06-01 19:20:44,142 [INFO] detector: Window info set — origin=(0, 33)  size=1512x884  scale=1.0
2026-06-01 19:20:44,643 [INFO] detector: Window info set — origin=(0, 33)  size=1512x884  scale=1.0
2026-06-01 19:20:45,144 [INFO] detector: Window info set — origin=(0, 33)  size=1512x884  scale=1.0
2026-06-01 19:20:45,646 [INFO] detector: Window info set — origin=(0, 33)  size=1512x884  scale=1.0
2026-06-01 19:20:46,151 [INFO] detector: Window info set — origin=(0, 33)  size=1512x884  scale=1.0
2026-06-01 19:20:46,653 [INFO] detector: Window info set — origin=(0, 33)  size=1512x884  scale=1.0
2026-06-01 19:20:47,154 [INFO] detector: Window info set — origin=(0, 33)  size=1512x884  scale=1.0
2026-06-01 19:20:47,655 [INFO] detector: Window info set — origin=(0, 33)  size=1512x884  scale=1.0
2026-06-01 19:20:48,161 [INFO] detector: Window info set — origin=(0, 33)  size=1512x884  scale=1.0
2026-06-01 19:20:48,663 [INFO] detector: Window info set — origin=(0, 33)  size=1512x884  scale=1.0
2026-06-01 19:20:49,164 [INFO] detector: Window info set — origin=(0, 33)  size=1512x884  scale=1.0
2026-06-01 19:20:49,665 [INFO] detector: Window info set — origin=(0, 33)  size=1512x884  scale=1.0
2026-06-01 19:20:50,169 [INFO] detector: Window info set — origin=(0, 33)  size=1512x884  scale=1.0
2026-06-01 19:20:50,671 [INFO] detector: Window info set — origin=(0, 33)  size=1512x884  scale=1.0
2026-06-01 19:20:51,172 [INFO] detector: Window info set — origin=(0, 33)  size=1512x884  scale=1.0
2026-06-01 19:20:51,674 [INFO] detector: Window info set — origin=(0, 33)  size=1512x884  scale=1.0
2026-06-01 19:20:52,176 [INFO] detector: Window info set — origin=(0, 33)  size=1512x884  scale=1.0
2026-06-01 19:20:52,677 [INFO] detector: Window info set — origin=(0, 33)  size=1512x884  scale=1.0
2026-06-01 19:20:53,179 [INFO] detector: Window info set — origin=(0, 33)  size=1512x884  scale=1.0
2026-06-01 19:20:53,681 [INFO] detector: Window info set — origin=(0, 33)  size=1512x884  scale=1.0
2026-06-01 19:20:54,184 [INFO] detector: Window info set — origin=(0, 33)  size=1512x884  scale=1.0
2026-06-01 19:20:54,686 [INFO] detector: Window info set — origin=(0, 33)  size=1512x884  scale=1.0
2026-06-01 19:20:55,188 [INFO] detector: Window info set — origin=(0, 33)  size=1512x884  scale=1.0
2026-06-01 19:20:55,689 [INFO] detector: Window info set — origin=(0, 33)  size=1512x884  scale=1.0
2026-06-01 19:20:56,192 [INFO] detector: Window info set — origin=(0, 33)  size=1512x884  scale=1.0
2026-06-01 19:20:56,693 [INFO] detector: Window info set — origin=(0, 33)  size=1512x884  scale=1.0
2026-06-01 19:20:57,194 [INFO] detector: Window info set — origin=(0, 33)  size=1512x884  scale=1.0
2026-06-01 19:20:57,696 [INFO] detector: Window info set — origin=(0, 33)  size=1512x884  scale=1.0
2026-06-01 19:20:58,200 [INFO] detector: Window info set — origin=(0, 33)  size=1512x884  scale=1.0
2026-06-01 19:20:58,701 [INFO] detector: Window info set — origin=(0, 33)  size=1512x884  scale=1.0
2026-06-01 19:20:59,203 [INFO] detector: Window info set — origin=(0, 33)  size=1512x884  scale=1.0
2026-06-01 19:20:59,705 [INFO] detector: Window info set — origin=(0, 33)  size=1512x884  scale=1.0
2026-06-01 19:21:00,208 [INFO] detector: Window info set — origin=(0, 33)  size=1512x884  scale=1.0
2026-06-01 19:21:00,710 [INFO] detector: Window info set — origin=(0, 33)  size=1512x884  scale=1.0
2026-06-01 19:21:01,211 [INFO] detector: Window info set — origin=(0, 33)  size=1512x884  scale=1.0
2026-06-01 19:21:01,713 [INFO] detector: Window info set — origin=(0, 33)  size=1512x884  scale=1.0
2026-06-01 19:21:02,218 [INFO] detector: Window info set — origin=(0, 33)  size=1512x884  scale=1.0
2026-06-01 19:21:02,718 [INFO] detector: Window info set — origin=(0, 33)  size=1512x884  scale=1.0
2026-06-01 19:21:03,220 [INFO] detector: Window info set — origin=(0, 33)  size=1512x884  scale=1.0
2026-06-01 19:21:03,721 [INFO] detector: Window info set — origin=(0, 33)  size=1512x884  scale=1.0
2026-06-01 19:21:04,225 [INFO] detector: Window info set — origin=(0, 33)  size=1512x884  scale=1.0
2026-06-01 19:21:04,726 [INFO] detector: Window info set — origin=(0, 33)  size=1512x884  scale=1.0
2026-06-01 19:21:05,228 [INFO] detector: Window info set — origin=(0, 33)  size=1512x884  scale=1.0
2026-06-01 19:21:05,729 [INFO] detector: Window info set — origin=(0, 33)  size=1512x884  scale=1.0
2026-06-01 19:21:06,234 [INFO] detector: Window info set — origin=(0, 33)  size=1512x884  scale=1.0
2026-06-01 19:21:06,735 [INFO] detector: Window info set — origin=(0, 33)  size=1512x884  scale=1.0
2026-06-01 19:21:07,237 [INFO] detector: Window info set — origin=(0, 33)  size=1512x884  scale=1.0
2026-06-01 19:21:07,738 [INFO] detector: Window info set — origin=(0, 33)  size=1512x884  scale=1.0
2026-06-01 19:21:08,241 [INFO] detector: Window info set — origin=(0, 33)  size=1512x884  scale=1.0
2026-06-01 19:21:08,743 [INFO] detector: Window info set — origin=(0, 33)  size=1512x884  scale=1.0
2026-06-01 19:21:09,245 [INFO] detector: Window info set — origin=(0, 33)  size=1512x884  scale=1.0
2026-06-01 19:21:09,747 [INFO] detector: Window info set — origin=(0, 33)  size=1512x884  scale=1.0
2026-06-01 19:21:10,252 [INFO] detector: Window info set — origin=(0, 33)  size=1512x884  scale=1.0
2026-06-01 19:21:10,754 [INFO] detector: Window info set — origin=(0, 33)  size=1512x884  scale=1.0
2026-06-01 19:21:11,256 [INFO] detector: Window info set — origin=(0, 33)  size=1512x884  scale=1.0
2026-06-01 19:21:11,757 [INFO] detector: Window info set — origin=(0, 33)  size=1512x884  scale=1.0
2026-06-01 19:21:12,260 [INFO] detector: Window info set — origin=(0, 33)  size=1512x884  scale=1.0
2026-06-01 19:21:12,762 [INFO] detector: Window info set — origin=(0, 33)  size=1512x884  scale=1.0
2026-06-01 19:21:13,264 [INFO] detector: Window info set — origin=(0, 33)  size=1512x884  scale=1.0
2026-06-01 19:21:13,765 [INFO] detector: Window info set — origin=(0, 33)  size=1512x884  scale=1.0
2026-06-01 19:21:14,268 [INFO] detector: Window info set — origin=(0, 33)  size=1512x884  scale=1.0
2026-06-01 19:21:14,770 [INFO] detector: Window info set — origin=(0, 33)  size=1512x884  scale=1.0
2026-06-01 19:21:15,272 [INFO] detector: Window info set — origin=(0, 33)  size=1512x884  scale=1.0
2026-06-01 19:21:15,773 [INFO] detector: Window info set — origin=(0, 33)  size=1512x884  scale=1.0
2026-06-01 19:21:16,275 [INFO] detector: Window info set — origin=(0, 33)  size=1512x884  scale=1.0
2026-06-01 19:21:16,776 [INFO] detector: Window info set — origin=(0, 33)  size=1512x884  scale=1.0
2026-06-01 19:21:17,279 [INFO] detector: Window info set — origin=(0, 33)  size=1512x884  scale=1.0
2026-06-01 19:21:17,780 [INFO] detector: Window info set — origin=(0, 33)  size=1512x884  scale=1.0
2026-06-01 19:21:18,285 [INFO] detector: Window info set — origin=(0, 33)  size=1512x884  scale=1.0
2026-06-01 19:21:18,787 [INFO] detector: Window info set — origin=(0, 33)  size=1512x884  scale=1.0
2026-06-01 19:21:19,289 [INFO] detector: Window info set — origin=(0, 33)  size=1512x884  scale=1.0
2026-06-01 19:21:19,790 [INFO] detector: Window info set — origin=(0, 33)  size=1512x884  scale=1.0
2026-06-01 19:21:20,293 [INFO] detector: Window info set — origin=(0, 33)  size=1512x884  scale=1.0
2026-06-01 19:21:20,796 [INFO] detector: Window info set — origin=(0, 33)  size=1512x884  scale=1.0
2026-06-01 19:21:21,297 [INFO] detector: Window info set — origin=(0, 33)  size=1512x884  scale=1.0
2026-06-01 19:21:21,799 [INFO] detector: Window info set — origin=(0, 33)  size=1512x884  scale=1.0
2026-06-01 19:21:22,302 [INFO] detector: Window info set — origin=(0, 33)  size=1512x884  scale=1.0
2026-06-01 19:21:22,804 [INFO] detector: Window info set — origin=(0, 33)  size=1512x884  scale=1.0
2026-06-01 19:21:23,306 [INFO] detector: Window info set — origin=(0, 33)  size=1512x884  scale=1.0
2026-06-01 19:21:23,807 [INFO] detector: Window info set — origin=(0, 33)  size=1512x884  scale=1.0
2026-06-01 19:21:24,310 [INFO] detector: Window info set — origin=(0, 33)  size=1512x884  scale=1.0
2026-06-01 19:21:24,812 [INFO] detector: Window info set — origin=(0, 33)  size=1512x884  scale=1.0
2026-06-01 19:21:25,313 [INFO] detector: Window info set — origin=(0, 33)  size=1512x884  scale=1.0
2026-06-01 19:21:25,814 [INFO] detector: Window info set — origin=(0, 33)  size=1512x884  scale=1.0
2026-06-01 19:21:26,319 [INFO] detector: Window info set — origin=(0, 33)  size=1512x884  scale=1.0
2026-06-01 19:21:26,820 [INFO] detector: Window info set — origin=(0, 33)  size=1512x884  scale=1.0
2026-06-01 19:21:27,322 [INFO] detector: Window info set — origin=(0, 33)  size=1512x884  scale=1.0
2026-06-01 19:21:27,823 [INFO] detector: Window info set — origin=(0, 33)  size=1512x884  scale=1.0
2026-06-01 19:21:28,327 [INFO] detector: Window info set — origin=(0, 33)  size=1512x884  scale=1.0
2026-06-01 19:21:28,829 [INFO] detector: Window info set — origin=(0, 33)  size=1512x884  scale=1.0
2026-06-01 19:21:29,330 [INFO] detector: Window info set — origin=(0, 33)  size=1512x884  scale=1.0
2026-06-01 19:21:29,832 [INFO] detector: Window info set — origin=(0, 33)  size=1512x884  scale=1.0
2026-06-01 19:21:30,335 [INFO] detector: Window info set — origin=(0, 33)  size=1512x884  scale=1.0
2026-06-01 19:21:30,837 [INFO] detector: Window info set — origin=(0, 33)  size=1512x884  scale=1.0
2026-06-01 19:21:31,339 [INFO] detector: Window info set — origin=(0, 33)  size=1512x884  scale=1.0
2026-06-01 19:21:31,840 [INFO] detector: Window info set — origin=(0, 33)  size=1512x884  scale=1.0
2026-06-01 19:21:32,343 [INFO] detector: Window info set — origin=(0, 33)  size=1512x884  scale=1.0
2026-06-01 19:21:32,845 [INFO] detector: Window info set — origin=(0, 33)  size=1512x884  scale=1.0
2026-06-01 19:21:33,347 [INFO] detector: Window info set — origin=(0, 33)  size=1512x884  scale=1.0
2026-06-01 19:21:33,848 [INFO] detector: Window info set — origin=(0, 33)  size=1512x884  scale=1.0
2026-06-01 19:21:34,352 [INFO] detector: Window info set — origin=(0, 33)  size=1512x884  scale=1.0
2026-06-01 19:21:34,854 [INFO] detector: Window info set — origin=(0, 33)  size=1512x884  scale=1.0
2026-06-01 19:21:35,354 [INFO] detector: Window info set — origin=(0, 33)  size=1512x884  scale=1.0
2026-06-01 19:21:35,856 [INFO] detector: Window info set — origin=(0, 33)  size=1512x884  scale=1.0
2026-06-01 19:21:36,360 [INFO] detector: Window info set — origin=(0, 33)  size=1512x884  scale=1.0
2026-06-01 19:21:36,862 [INFO] detector: Window info set — origin=(0, 33)  size=1512x884  scale=1.0
2026-06-01 19:21:37,363 [INFO] detector: Window info set — origin=(0, 33)  size=1512x884  scale=1.0
2026-06-01 19:21:37,865 [INFO] detector: Window info set — origin=(0, 33)  size=1512x884  scale=1.0
2026-06-01 19:21:38,369 [INFO] detector: Window info set — origin=(0, 33)  size=1512x884  scale=1.0
2026-06-01 19:21:38,871 [INFO] detector: Window info set — origin=(0, 33)  size=1512x884  scale=1.0
2026-06-01 19:21:39,372 [INFO] detector: Window info set — origin=(0, 33)  size=1512x884  scale=1.0
2026-06-01 19:21:39,873 [INFO] detector: Window info set — origin=(0, 33)  size=1512x884  scale=1.0
2026-06-01 19:21:40,376 [INFO] detector: Window info set — origin=(0, 33)  size=1512x884  scale=1.0
2026-06-01 19:21:40,878 [INFO] detector: Window info set — origin=(0, 33)  size=1512x884  scale=1.0
2026-06-01 19:21:41,379 [INFO] detector: Window info set — origin=(0, 33)  size=1512x884  scale=1.0
2026-06-01 19:21:41,880 [INFO] detector: Window info set — origin=(0, 33)  size=1512x884  scale=1.0
2026-06-01 19:21:42,385 [INFO] detector: Window info set — origin=(0, 33)  size=1512x884  scale=1.0
2026-06-01 19:21:42,887 [INFO] detector: Window info set — origin=(0, 33)  size=1512x884  scale=1.0
2026-06-01 19:21:43,389 [INFO] detector: Window info set — origin=(0, 33)  size=1512x884  scale=1.0
2026-06-01 19:21:43,891 [INFO] detector: Window info set — origin=(0, 33)  size=1512x884  scale=1.0
2026-06-01 19:21:44,394 [INFO] detector: Window info set — origin=(0, 33)  size=1512x884  scale=1.0
2026-06-01 19:21:44,896 [INFO] detector: Window info set — origin=(0, 33)  size=1512x884  scale=1.0
2026-06-01 19:21:45,398 [INFO] detector: Window info set — origin=(0, 33)  size=1512x884  scale=1.0
2026-06-01 19:21:45,898 [INFO] detector: Window info set — origin=(0, 33)  size=1512x884  scale=1.0
2026-06-01 19:21:46,401 [INFO] detector: Window info set — origin=(0, 33)  size=1512x884  scale=1.0
2026-06-01 19:21:46,903 [INFO] detector: Window info set — origin=(0, 33)  size=1512x884  scale=1.0
2026-06-01 19:21:47,405 [INFO] detector: Window info set — origin=(0, 33)  size=1512x884  scale=1.0
2026-06-01 19:21:47,907 [INFO] detector: Window info set — origin=(0, 33)  size=1512x884  scale=1.0
2026-06-01 19:21:48,410 [INFO] detector: Window info set — origin=(0, 33)  size=1512x884  scale=1.0
2026-06-01 19:21:48,912 [INFO] detector: Window info set — origin=(0, 33)  size=1512x884  scale=1.0
2026-06-01 19:21:49,414 [INFO] detector: Window info set — origin=(0, 33)  size=1512x884  scale=1.0
2026-06-01 19:21:49,915 [INFO] detector: Window info set — origin=(0, 33)  size=1512x884  scale=1.0
2026-06-01 19:21:50,418 [INFO] detector: Window info set — origin=(0, 33)  size=1512x884  scale=1.0
2026-06-01 19:21:50,920 [INFO] detector: Window info set — origin=(0, 33)  size=1512x884  scale=1.0
2026-06-01 19:21:51,422 [INFO] detector: Window info set — origin=(0, 33)  size=1512x884  scale=1.0
2026-06-01 19:21:51,924 [INFO] detector: Window info set — origin=(0, 33)  size=1512x884  scale=1.0
2026-06-01 19:21:52,426 [INFO] detector: Window info set — origin=(0, 33)  size=1512x884  scale=1.0
2026-06-01 19:21:52,928 [INFO] detector: Window info set — origin=(0, 33)  size=1512x884  scale=1.0
2026-06-01 19:21:53,430 [INFO] detector: Window info set — origin=(0, 33)  size=1512x884  scale=1.0
2026-06-01 19:21:53,932 [INFO] detector: Window info set — origin=(0, 33)  size=1512x884  scale=1.0
2026-06-01 19:21:54,435 [INFO] detector: Window info set — origin=(0, 33)  size=1512x884  scale=1.0
2026-06-01 19:21:54,937 [INFO] detector: Window info set — origin=(0, 33)  size=1512x884  scale=1.0
2026-06-01 19:21:55,439 [INFO] detector: Window info set — origin=(0, 33)  size=1512x884  scale=1.0
2026-06-01 19:21:55,940 [INFO] detector: Window info set — origin=(0, 33)  size=1512x884  scale=1.0
2026-06-01 19:21:56,444 [INFO] detector: Window info set — origin=(0, 33)  size=1512x884  scale=1.0
2026-06-01 19:21:56,945 [INFO] detector: Window info set — origin=(0, 33)  size=1512x884  scale=1.0
2026-06-01 19:21:57,447 [INFO] detector: Window info set — origin=(0, 33)  size=1512x884  scale=1.0
2026-06-01 19:21:57,949 [INFO] detector: Window info set — origin=(0, 33)  size=1512x884  scale=1.0
2026-06-01 19:21:58,452 [INFO] detector: Window info set — origin=(0, 33)  size=1512x884  scale=1.0
2026-06-01 19:21:58,953 [INFO] detector: Window info set — origin=(0, 33)  size=1512x884  scale=1.0
2026-06-01 19:21:59,455 [INFO] detector: Window info set — origin=(0, 33)  size=1512x884  scale=1.0
2026-06-01 19:21:59,956 [INFO] detector: Window info set — origin=(0, 33)  size=1512x884  scale=1.0
2026-06-01 19:22:00,461 [INFO] detector: Window info set — origin=(0, 33)  size=1512x884  scale=1.0
2026-06-01 19:22:00,962 [INFO] detector: Window info set — origin=(0, 33)  size=1512x884  scale=1.0
2026-06-01 19:22:01,464 [INFO] detector: Window info set — origin=(0, 33)  size=1512x884  scale=1.0
2026-06-01 19:22:01,965 [INFO] detector: Window info set — origin=(0, 33)  size=1512x884  scale=1.0
2026-06-01 19:22:02,469 [INFO] detector: Window info set — origin=(0, 33)  size=1512x884  scale=1.0
2026-06-01 19:22:02,970 [INFO] detector: Window info set — origin=(0, 33)  size=1512x884  scale=1.0
2026-06-01 19:22:03,472 [INFO] detector: Window info set — origin=(0, 33)  size=1512x884  scale=1.0
2026-06-01 19:22:03,973 [INFO] detector: Window info set — origin=(0, 33)  size=1512x884  scale=1.0
2026-06-01 19:22:04,477 [INFO] detector: Window info set — origin=(0, 33)  size=1512x884  scale=1.0
2026-06-01 19:22:04,978 [INFO] detector: Window info set — origin=(0, 33)  size=1512x884  scale=1.0
2026-06-01 19:22:05,480 [INFO] detector: Window info set — origin=(0, 33)  size=1512x884  scale=1.0
2026-06-01 19:22:05,982 [INFO] detector: Window info set — origin=(0, 33)  size=1512x884  scale=1.0
2026-06-01 19:22:06,486 [INFO] detector: Window info set — origin=(0, 33)  size=1512x884  scale=1.0
2026-06-01 19:22:06,987 [INFO] detector: Window info set — origin=(0, 33)  size=1512x884  scale=1.0
2026-06-01 19:22:07,489 [INFO] detector: Window info set — origin=(0, 33)  size=1512x884  scale=1.0
2026-06-01 19:22:07,990 [INFO] detector: Window info set — origin=(0, 33)  size=1512x884  scale=1.0
2026-06-01 19:22:08,494 [INFO] detector: Window info set — origin=(0, 33)  size=1512x884  scale=1.0
2026-06-01 19:22:08,995 [INFO] detector: Window info set — origin=(0, 33)  size=1512x884  scale=1.0
2026-06-01 19:22:09,497 [INFO] detector: Window info set — origin=(0, 33)  size=1512x884  scale=1.0
2026-06-01 19:22:09,998 [INFO] detector: Window info set — origin=(0, 33)  size=1512x884  scale=1.0
2026-06-01 19:22:10,501 [INFO] detector: Window info set — origin=(0, 33)  size=1512x884  scale=1.0
2026-06-01 19:22:11,003 [INFO] detector: Window info set — origin=(0, 33)  size=1512x884  scale=1.0
2026-06-01 19:22:11,505 [INFO] detector: Window info set — origin=(0, 33)  size=1512x884  scale=1.0
2026-06-01 19:22:12,007 [INFO] detector: Window info set — origin=(0, 33)  size=1512x884  scale=1.0
2026-06-01 19:22:12,510 [INFO] detector: Window info set — origin=(0, 33)  size=1512x884  scale=1.0
2026-06-01 19:22:13,012 [INFO] detector: Window info set — origin=(0, 33)  size=1512x884  scale=1.0
2026-06-01 19:22:13,513 [INFO] detector: Window info set — origin=(0, 33)  size=1512x884  scale=1.0
2026-06-01 19:22:14,015 [INFO] detector: Window info set — origin=(0, 33)  size=1512x884  scale=1.0
2026-06-01 19:22:14,518 [INFO] detector: Window info set — origin=(0, 33)  size=1512x884  scale=1.0
2026-06-01 19:22:15,020 [INFO] detector: Window info set — origin=(0, 33)  size=1512x884  scale=1.0
2026-06-01 19:22:15,521 [INFO] detector: Window info set — origin=(0, 33)  size=1512x884  scale=1.0
2026-06-01 19:22:16,022 [INFO] detector: Window info set — origin=(0, 33)  size=1512x884  scale=1.0
2026-06-01 19:22:16,525 [INFO] detector: Window info set — origin=(0, 33)  size=1512x884  scale=1.0
2026-06-01 19:22:17,026 [INFO] detector: Window info set — origin=(0, 33)  size=1512x884  scale=1.0
2026-06-01 19:22:17,528 [INFO] detector: Window info set — origin=(0, 33)  size=1512x884  scale=1.0
2026-06-01 19:22:18,030 [INFO] detector: Window info set — origin=(0, 33)  size=1512x884  scale=1.0
2026-06-01 19:22:18,535 [INFO] detector: Window info set — origin=(0, 33)  size=1512x884  scale=1.0
2026-06-01 19:22:19,036 [INFO] detector: Window info set — origin=(0, 33)  size=1512x884  scale=1.0
2026-06-01 19:22:19,537 [INFO] detector: Window info set — origin=(0, 33)  size=1512x884  scale=1.0
2026-06-01 19:22:20,039 [INFO] detector: Window info set — origin=(0, 33)  size=1512x884  scale=1.0
2026-06-01 19:22:20,542 [INFO] detector: Window info set — origin=(0, 33)  size=1512x884  scale=1.0
2026-06-01 19:22:21,043 [INFO] detector: Window info set — origin=(0, 33)  size=1512x884  scale=1.0
2026-06-01 19:22:21,545 [INFO] detector: Window info set — origin=(0, 33)  size=1512x884  scale=1.0
2026-06-01 19:22:22,047 [INFO] detector: Window info set — origin=(0, 33)  size=1512x884  scale=1.0
2026-06-01 19:22:22,550 [INFO] detector: Window info set — origin=(0, 33)  size=1512x884  scale=1.0
2026-06-01 19:22:23,051 [INFO] detector: Window info set — origin=(0, 33)  size=1512x884  scale=1.0
2026-06-01 19:22:23,553 [INFO] detector: Window info set — origin=(0, 33)  size=1512x884  scale=1.0
2026-06-01 19:22:24,055 [INFO] detector: Window info set — origin=(0, 33)  size=1512x884  scale=1.0
2026-06-01 19:22:24,561 [INFO] detector: Window info set — origin=(0, 33)  size=1512x884  scale=1.0
2026-06-01 19:22:25,062 [INFO] detector: Window info set — origin=(0, 33)  size=1512x884  scale=1.0
2026-06-01 19:22:25,564 [INFO] detector: Window info set — origin=(0, 33)  size=1512x884  scale=1.0
2026-06-01 19:22:26,065 [INFO] detector: Window info set — origin=(0, 33)  size=1512x884  scale=1.0
2026-06-01 19:22:26,569 [INFO] detector: Window info set — origin=(0, 33)  size=1512x884  scale=1.0
2026-06-01 19:22:27,071 [INFO] detector: Window info set — origin=(0, 33)  size=1512x884  scale=1.0
2026-06-01 19:22:27,572 [INFO] detector: Window info set — origin=(0, 33)  size=1512x884  scale=1.0
2026-06-01 19:22:28,073 [INFO] detector: Window info set — origin=(0, 33)  size=1512x884  scale=1.0
2026-06-01 19:22:28,577 [INFO] detector: Window info set — origin=(0, 33)  size=1512x884  scale=1.0
2026-06-01 19:22:29,079 [INFO] detector: Window info set — origin=(0, 33)  size=1512x884  scale=1.0
2026-06-01 19:22:29,581 [INFO] detector: Window info set — origin=(0, 33)  size=1512x884  scale=1.0
2026-06-01 19:22:30,082 [INFO] detector: Window info set — origin=(0, 33)  size=1512x884  scale=1.0
2026-06-01 19:22:30,585 [INFO] detector: Window info set — origin=(0, 33)  size=1512x884  scale=1.0
2026-06-01 19:22:31,086 [INFO] detector: Window info set — origin=(0, 33)  size=1512x884  scale=1.0
2026-06-01 19:22:31,587 [INFO] detector: Window info set — origin=(0, 33)  size=1512x884  scale=1.0
2026-06-01 19:22:32,089 [INFO] detector: Window info set — origin=(0, 33)  size=1512x884  scale=1.0
2026-06-01 19:22:32,593 [INFO] detector: Window info set — origin=(0, 33)  size=1512x884  scale=1.0
2026-06-01 19:22:33,095 [INFO] detector: Window info set — origin=(0, 33)  size=1512x884  scale=1.0
2026-06-01 19:22:33,597 [INFO] detector: Window info set — origin=(0, 33)  size=1512x884  scale=1.0
2026-06-01 19:22:34,099 [INFO] detector: Window info set — origin=(0, 33)  size=1512x884  scale=1.0
2026-06-01 19:22:34,605 [INFO] detector: Window info set — origin=(0, 33)  size=1512x884  scale=1.0
2026-06-01 19:22:35,106 [INFO] detector: Window info set — origin=(0, 33)  size=1512x884  scale=1.0
2026-06-01 19:22:35,608 [INFO] detector: Window info set — origin=(0, 33)  size=1512x884  scale=1.0
2026-06-01 19:22:36,110 [INFO] detector: Window info set — origin=(0, 33)  size=1512x884  scale=1.0
2026-06-01 19:22:36,613 [INFO] detector: Window info set — origin=(0, 33)  size=1512x884  scale=1.0
2026-06-01 19:22:37,115 [INFO] detector: Window info set — origin=(0, 33)  size=1512x884  scale=1.0
2026-06-01 19:22:37,616 [INFO] detector: Window info set — origin=(0, 33)  size=1512x884  scale=1.0
2026-06-01 19:22:38,118 [INFO] detector: Window info set — origin=(0, 33)  size=1512x884  scale=1.0
2026-06-01 19:22:38,621 [INFO] detector: Window info set — origin=(0, 33)  size=1512x884  scale=1.0
2026-06-01 19:22:39,123 [INFO] detector: Window info set — origin=(0, 33)  size=1512x884  scale=1.0
2026-06-01 19:22:39,625 [INFO] detector: Window info set — origin=(0, 33)  size=1512x884  scale=1.0
2026-06-01 19:22:40,126 [INFO] detector: Window info set — origin=(0, 33)  size=1512x884  scale=1.0
2026-06-01 19:22:40,630 [INFO] detector: Window info set — origin=(0, 33)  size=1512x884  scale=1.0
2026-06-01 19:22:41,131 [INFO] detector: Window info set — origin=(0, 33)  size=1512x884  scale=1.0
2026-06-01 19:22:41,633 [INFO] detector: Window info set — origin=(0, 33)  size=1512x884  scale=1.0
2026-06-01 19:22:42,135 [INFO] detector: Window info set — origin=(0, 33)  size=1512x884  scale=1.0
2026-06-01 19:22:42,638 [INFO] detector: Window info set — origin=(0, 33)  size=1512x884  scale=1.0
2026-06-01 19:22:43,140 [INFO] detector: Window info set — origin=(0, 33)  size=1512x884  scale=1.0
2026-06-01 19:22:43,641 [INFO] detector: Window info set — origin=(0, 33)  size=1512x884  scale=1.0
2026-06-01 19:22:44,143 [INFO] detector: Window info set — origin=(0, 33)  size=1512x884  scale=1.0
2026-06-01 19:22:44,647 [INFO] detector: Window info set — origin=(0, 33)  size=1512x884  scale=1.0
2026-06-01 19:22:45,148 [INFO] detector: Window info set — origin=(0, 33)  size=1512x884  scale=1.0
2026-06-01 19:22:45,650 [INFO] detector: Window info set — origin=(0, 33)  size=1512x884  scale=1.0
2026-06-01 19:22:46,151 [INFO] detector: Window info set — origin=(0, 33)  size=1512x884  scale=1.0
2026-06-01 19:22:46,655 [INFO] detector: Window info set — origin=(0, 33)  size=1512x884  scale=1.0
2026-06-01 19:22:47,156 [INFO] detector: Window info set — origin=(0, 33)  size=1512x884  scale=1.0
2026-06-01 19:22:47,658 [INFO] detector: Window info set — origin=(0, 33)  size=1512x884  scale=1.0
2026-06-01 19:22:48,160 [INFO] detector: Window info set — origin=(0, 33)  size=1512x884  scale=1.0
2026-06-01 19:22:48,663 [INFO] detector: Window info set — origin=(0, 33)  size=1512x884  scale=1.0
2026-06-01 19:22:49,165 [INFO] detector: Window info set — origin=(0, 33)  size=1512x884  scale=1.0
2026-06-01 19:22:49,666 [INFO] detector: Window info set — origin=(0, 33)  size=1512x884  scale=1.0
2026-06-01 19:22:50,168 [INFO] detector: Window info set — origin=(0, 33)  size=1512x884  scale=1.0
2026-06-01 19:22:50,670 [INFO] detector: Window info set — origin=(0, 33)  size=1512x884  scale=1.0
2026-06-01 19:22:51,172 [INFO] detector: Window info set — origin=(0, 33)  size=1512x884  scale=1.0
2026-06-01 19:22:51,673 [INFO] detector: Window info set — origin=(0, 33)  size=1512x884  scale=1.0
2026-06-01 19:22:52,175 [INFO] detector: Window info set — origin=(0, 33)  size=1512x884  scale=1.0
2026-06-01 19:22:52,678 [INFO] detector: Window info set — origin=(0, 33)  size=1512x884  scale=1.0
2026-06-01 19:22:53,179 [INFO] detector: Window info set — origin=(0, 33)  size=1512x884  scale=1.0
2026-06-01 19:22:53,681 [INFO] detector: Window info set — origin=(0, 33)  size=1512x884  scale=1.0
2026-06-01 19:22:54,182 [INFO] detector: Window info set — origin=(0, 33)  size=1512x884  scale=1.0
2026-06-01 19:22:54,684 [INFO] detector: Window info set — origin=(0, 33)  size=1512x884  scale=1.0
2026-06-01 19:22:55,185 [INFO] detector: Window info set — origin=(0, 33)  size=1512x884  scale=1.0
2026-06-01 19:22:55,686 [INFO] detector: Window info set — origin=(0, 33)  size=1512x884  scale=1.0
2026-06-01 19:22:56,188 [INFO] detector: Window info set — origin=(0, 33)  size=1512x884  scale=1.0
2026-06-01 19:22:56,691 [INFO] detector: Window info set — origin=(0, 33)  size=1512x884  scale=1.0
2026-06-01 19:22:57,193 [INFO] detector: Window info set — origin=(0, 33)  size=1512x884  scale=1.0
2026-06-01 19:22:57,695 [INFO] detector: Window info set — origin=(0, 33)  size=1512x884  scale=1.0
2026-06-01 19:22:58,197 [INFO] detector: Window info set — origin=(0, 33)  size=1512x884  scale=1.0
2026-06-01 19:22:58,701 [INFO] detector: Window info set — origin=(0, 33)  size=1512x884  scale=1.0
2026-06-01 19:22:59,202 [INFO] detector: Window info set — origin=(0, 33)  size=1512x884  scale=1.0
2026-06-01 19:22:59,704 [INFO] detector: Window info set — origin=(0, 33)  size=1512x884  scale=1.0
2026-06-01 19:23:00,206 [INFO] detector: Window info set — origin=(0, 33)  size=1512x884  scale=1.0
2026-06-01 19:23:00,711 [INFO] detector: Window info set — origin=(0, 33)  size=1512x884  scale=1.0
2026-06-01 19:23:01,212 [INFO] detector: Window info set — origin=(0, 33)  size=1512x884  scale=1.0
2026-06-01 19:23:01,714 [INFO] detector: Window info set — origin=(0, 33)  size=1512x884  scale=1.0
2026-06-01 19:23:02,215 [INFO] detector: Window info set — origin=(0, 33)  size=1512x884  scale=1.0
2026-06-01 19:23:02,720 [INFO] detector: Window info set — origin=(0, 33)  size=1512x884  scale=1.0
2026-06-01 19:23:03,222 [INFO] detector: Window info set — origin=(0, 33)  size=1512x884  scale=1.0
2026-06-01 19:23:03,723 [INFO] detector: Window info set — origin=(0, 33)  size=1512x884  scale=1.0
2026-06-01 19:23:04,225 [INFO] detector: Window info set — origin=(0, 33)  size=1512x884  scale=1.0
2026-06-01 19:23:04,728 [INFO] detector: Window info set — origin=(0, 33)  size=1512x884  scale=1.0
2026-06-01 19:23:05,230 [INFO] detector: Window info set — origin=(0, 33)  size=1512x884  scale=1.0
2026-06-01 19:23:05,732 [INFO] detector: Window info set — origin=(0, 33)  size=1512x884  scale=1.0
2026-06-01 19:23:06,232 [INFO] detector: Window info set — origin=(0, 33)  size=1512x884  scale=1.0
2026-06-01 19:23:06,735 [INFO] detector: Window info set — origin=(0, 33)  size=1512x884  scale=1.0
2026-06-01 19:23:07,237 [INFO] detector: Window info set — origin=(0, 33)  size=1512x884  scale=1.0
2026-06-01 19:23:07,739 [INFO] detector: Window info set — origin=(0, 33)  size=1512x884  scale=1.0
2026-06-01 19:23:07,742 [INFO] controller: Global hotkey pressed: f6
2026-06-01 19:23:07,763 [INFO] controller: Controller stopped.
2026-06-01 19:23:07,764 [INFO] macro: State: Reeling → Stopped
2026-06-01 19:23:07,840 [INFO] macro: Macro loop ended (stop requested)
2026-06-01 19:23:10,764 [INFO] macro: Macro engine stopped
2026-06-01 19:23:12,819 [INFO] controller: Global hotkey pressed: f6
2026-06-01 19:23:12,820 [INFO] detector: Window info set — origin=(0, 33)  size=1512x884  scale=1.0
2026-06-01 19:23:12,823 [INFO] controller: Controller started.
2026-06-01 19:23:12,823 [INFO] macro: State: Stopped → Casting
2026-06-01 19:23:12,824 [INFO] macro: Macro engine started
2026-06-01 19:23:13,278 [INFO] detector: Window info set — origin=(0, 33)  size=1512x884  scale=1.0
2026-06-01 19:23:13,779 [INFO] detector: Window info set — origin=(0, 33)  size=1512x884  scale=1.0
2026-06-01 19:23:14,281 [INFO] detector: Window info set — origin=(0, 33)  size=1512x884  scale=1.0
2026-06-01 19:23:14,428 [INFO] macro: State: Casting → Waiting for Bite
2026-06-01 19:23:14,671 [INFO] macro: Bite confirmed — fish on the line!
2026-06-01 19:23:14,781 [INFO] macro: State: Waiting for Bite → Reeling
2026-06-01 19:23:14,785 [INFO] detector: Window info set — origin=(0, 33)  size=1512x884  scale=1.0
2026-06-01 19:23:15,286 [INFO] detector: Window info set — origin=(0, 33)  size=1512x884  scale=1.0
2026-06-01 19:23:15,787 [INFO] detector: Window info set — origin=(0, 33)  size=1512x884  scale=1.0
2026-06-01 19:23:16,288 [INFO] detector: Window info set — origin=(0, 33)  size=1512x884  scale=1.0
2026-06-01 19:23:16,791 [INFO] detector: Window info set — origin=(0, 33)  size=1512x884  scale=1.0
2026-06-01 19:23:17,293 [INFO] detector: Window info set — origin=(0, 33)  size=1512x884  scale=1.0
2026-06-01 19:23:17,794 [INFO] detector: Window info set — origin=(0, 33)  size=1512x884  scale=1.0
2026-06-01 19:23:18,295 [INFO] detector: Window info set — origin=(0, 33)  size=1512x884  scale=1.0
2026-06-01 19:23:18,798 [INFO] detector: Window info set — origin=(0, 33)  size=1512x884  scale=1.0
2026-06-01 19:23:19,299 [INFO] detector: Window info set — origin=(0, 33)  size=1512x884  scale=1.0
2026-06-01 19:23:19,801 [INFO] detector: Window info set — origin=(0, 33)  size=1512x884  scale=1.0
2026-06-01 19:23:20,301 [INFO] detector: Window info set — origin=(0, 33)  size=1512x884  scale=1.0
2026-06-01 19:23:20,803 [INFO] detector: Window info set — origin=(0, 33)  size=1512x884  scale=1.0
2026-06-01 19:23:21,305 [INFO] detector: Window info set — origin=(0, 33)  size=1512x884  scale=1.0
2026-06-01 19:23:21,806 [INFO] detector: Window info set — origin=(0, 33)  size=1512x884  scale=1.0
2026-06-01 19:23:22,307 [INFO] detector: Window info set — origin=(0, 33)  size=1512x884  scale=1.0
2026-06-01 19:23:22,809 [INFO] detector: Window info set — origin=(0, 33)  size=1512x884  scale=1.0
2026-06-01 19:23:23,311 [INFO] detector: Window info set — origin=(0, 33)  size=1512x884  scale=1.0
2026-06-01 19:23:23,812 [INFO] detector: Window info set — origin=(0, 33)  size=1512x884  scale=1.0
2026-06-01 19:23:24,313 [INFO] detector: Window info set — origin=(0, 33)  size=1512x884  scale=1.0
2026-06-01 19:23:24,817 [INFO] detector: Window info set — origin=(0, 33)  size=1512x884  scale=1.0
2026-06-01 19:23:25,318 [INFO] detector: Window info set — origin=(0, 33)  size=1512x884  scale=1.0
2026-06-01 19:23:25,820 [INFO] detector: Window info set — origin=(0, 33)  size=1512x884  scale=1.0
2026-06-01 19:23:26,321 [INFO] detector: Window info set — origin=(0, 33)  size=1512x884  scale=1.0
2026-06-01 19:23:26,826 [INFO] detector: Window info set — origin=(0, 33)  size=1512x884  scale=1.0
2026-06-01 19:23:27,327 [INFO] detector: Window info set — origin=(0, 33)  size=1512x884  scale=1.0
2026-06-01 19:23:27,828 [INFO] detector: Window info set — origin=(0, 33)  size=1512x884  scale=1.0
2026-06-01 19:23:28,330 [INFO] detector: Window info set — origin=(0, 33)  size=1512x884  scale=1.0
2026-06-01 19:23:28,834 [INFO] detector: Window info set — origin=(0, 33)  size=1512x884  scale=1.0
2026-06-01 19:23:29,335 [INFO] detector: Window info set — origin=(0, 33)  size=1512x884  scale=1.0
2026-06-01 19:23:29,836 [INFO] detector: Window info set — origin=(0, 33)  size=1512x884  scale=1.0
2026-06-01 19:23:30,338 [INFO] detector: Window info set — origin=(0, 33)  size=1512x884  scale=1.0
2026-06-01 19:23:30,843 [INFO] detector: Window info set — origin=(0, 33)  size=1512x884  scale=1.0
2026-06-01 19:23:31,345 [INFO] detector: Window info set — origin=(0, 33)  size=1512x884  scale=1.0
2026-06-01 19:23:31,846 [INFO] detector: Window info set — origin=(0, 33)  size=1512x884  scale=1.0
2026-06-01 19:23:32,347 [INFO] detector: Window info set — origin=(0, 33)  size=1512x884  scale=1.0
2026-06-01 19:23:32,851 [INFO] detector: Window info set — origin=(0, 33)  size=1512x884  scale=1.0
2026-06-01 19:23:33,353 [INFO] detector: Window info set — origin=(0, 33)  size=1512x884  scale=1.0
2026-06-01 19:23:33,855 [INFO] detector: Window info set — origin=(0, 33)  size=1512x884  scale=1.0
2026-06-01 19:23:34,356 [INFO] detector: Window info set — origin=(0, 33)  size=1512x884  scale=1.0
2026-06-01 19:23:34,859 [INFO] detector: Window info set — origin=(0, 33)  size=1512x884  scale=1.0
2026-06-01 19:23:35,361 [INFO] detector: Window info set — origin=(0, 33)  size=1512x884  scale=1.0
2026-06-01 19:23:35,858 [INFO] controller: Global hotkey pressed: f6
2026-06-01 19:23:35,859 [INFO] controller: Controller stopped.
2026-06-01 19:23:35,859 [INFO] macro: State: Reeling → Stopped
2026-06-01 19:23:36,023 [INFO] macro: Macro loop ended (stop requested)
2026-06-01 19:23:38,861 [INFO] macro: Macro engine stopped
2026-06-01 19:32:04,726 [INFO] main: Cleaning up...
2026-06-01 19:32:04,727 [INFO] controller: Controller cleaned up.
2026-06-01 19:32:04,727 [INFO] main: Exiting.
2026-06-01 19:32:06,017 [INFO] main: Starting Fisch Macro...
2026-06-01 19:32:06,044 [INFO] main: Initializing configuration...
2026-06-01 19:32:06,045 [INFO] main: Initializing window tracker...
2026-06-01 19:32:06,045 [INFO] main: Initializing detector...
2026-06-01 19:32:06,045 [INFO] main: Initializing controller...
2026-06-01 19:32:06,045 [INFO] main: Setting up start/stop hotkey on key: f6
2026-06-01 19:32:06,063 [INFO] controller: Global hotkey active: press 'f6' to start/stop the macro.
2026-06-01 19:32:06,063 [INFO] main: Initializing macro engine...
2026-06-01 19:32:06,063 [INFO] main: Starting GUI...
2026-06-01 19:32:09,613 [INFO] controller: Global hotkey pressed: f6
2026-06-01 19:32:09,615 [INFO] src.window_tracker: Display scale factor (Quartz): 1.00
2026-06-01 19:32:09,615 [INFO] detector: Window info set — origin=(-1, 33)  size=1512x884  scale=1.0
2026-06-01 19:32:09,617 [INFO] controller: Controller started.
2026-06-01 19:32:09,618 [INFO] macro: State: Idle → Casting
2026-06-01 19:32:09,618 [INFO] macro: Macro engine started
2026-06-01 19:32:09,745 [INFO] detector: Window info set — origin=(-1, 33)  size=1512x884  scale=1.0
2026-06-01 19:32:10,246 [INFO] detector: Window info set — origin=(-1, 33)  size=1512x884  scale=1.0
2026-06-01 19:32:10,748 [INFO] detector: Window info set — origin=(-1, 33)  size=1512x884  scale=1.0
2026-06-01 19:32:11,251 [INFO] macro: State: Casting → Waiting for Bite
2026-06-01 19:32:11,252 [INFO] detector: Window info set — origin=(-1, 33)  size=1512x884  scale=1.0
2026-06-01 19:32:11,502 [INFO] macro: Bite confirmed — fish on the line!
2026-06-01 19:32:11,668 [INFO] macro: State: Waiting for Bite → Reeling
2026-06-01 19:32:11,753 [INFO] detector: Window info set — origin=(-1, 33)  size=1512x884  scale=1.0
2026-06-01 19:32:12,254 [INFO] detector: Window info set — origin=(-1, 33)  size=1512x884  scale=1.0
2026-06-01 19:32:12,755 [INFO] detector: Window info set — origin=(-1, 33)  size=1512x884  scale=1.0
2026-06-01 19:32:13,259 [INFO] detector: Window info set — origin=(-1, 33)  size=1512x884  scale=1.0
2026-06-01 19:32:13,760 [INFO] detector: Window info set — origin=(-1, 33)  size=1512x884  scale=1.0
2026-06-01 19:32:14,261 [INFO] detector: Window info set — origin=(-1, 33)  size=1512x884  scale=1.0
2026-06-01 19:32:14,763 [INFO] detector: Window info set — origin=(-1, 33)  size=1512x884  scale=1.0
2026-06-01 19:32:15,267 [INFO] detector: Window info set — origin=(-1, 33)  size=1512x884  scale=1.0
2026-06-01 19:32:15,768 [INFO] detector: Window info set — origin=(-1, 33)  size=1512x884  scale=1.0
2026-06-01 19:32:16,269 [INFO] detector: Window info set — origin=(-1, 33)  size=1512x884  scale=1.0
2026-06-01 19:32:16,771 [INFO] detector: Window info set — origin=(-1, 33)  size=1512x884  scale=1.0
2026-06-01 19:32:17,274 [INFO] detector: Window info set — origin=(-1, 33)  size=1512x884  scale=1.0
2026-06-01 19:32:17,776 [INFO] detector: Window info set — origin=(-1, 33)  size=1512x884  scale=1.0
2026-06-01 19:32:18,277 [INFO] detector: Window info set — origin=(-1, 33)  size=1512x884  scale=1.0
2026-06-01 19:32:18,778 [INFO] detector: Window info set — origin=(-1, 33)  size=1512x884  scale=1.0
2026-06-01 19:32:19,280 [INFO] detector: Window info set — origin=(-1, 33)  size=1512x884  scale=1.0
2026-06-01 19:32:19,781 [INFO] detector: Window info set — origin=(-1, 33)  size=1512x884  scale=1.0
2026-06-01 19:32:20,282 [INFO] detector: Window info set — origin=(-1, 33)  size=1512x884  scale=1.0
2026-06-01 19:32:20,783 [INFO] detector: Window info set — origin=(-1, 33)  size=1512x884  scale=1.0
2026-06-01 19:32:21,284 [INFO] detector: Window info set — origin=(-1, 33)  size=1512x884  scale=1.0
2026-06-01 19:32:21,786 [INFO] detector: Window info set — origin=(-1, 33)  size=1512x884  scale=1.0
2026-06-01 19:32:22,287 [INFO] detector: Window info set — origin=(-1, 33)  size=1512x884  scale=1.0
2026-06-01 19:32:22,788 [INFO] detector: Window info set — origin=(-1, 33)  size=1512x884  scale=1.0
2026-06-01 19:32:23,291 [INFO] detector: Window info set — origin=(-1, 33)  size=1512x884  scale=1.0
2026-06-01 19:32:23,792 [INFO] detector: Window info set — origin=(-1, 33)  size=1512x884  scale=1.0
2026-06-01 19:32:24,293 [INFO] detector: Window info set — origin=(-1, 33)  size=1512x884  scale=1.0
2026-06-01 19:32:24,795 [INFO] detector: Window info set — origin=(-1, 33)  size=1512x884  scale=1.0
2026-06-01 19:32:25,304 [INFO] detector: Window info set — origin=(-1, 33)  size=1512x884  scale=1.0
2026-06-01 19:32:25,805 [INFO] detector: Window info set — origin=(-1, 33)  size=1512x884  scale=1.0
2026-06-01 19:32:26,306 [INFO] detector: Window info set — origin=(-1, 33)  size=1512x884  scale=1.0
2026-06-01 19:32:26,808 [INFO] detector: Window info set — origin=(-1, 33)  size=1512x884  scale=1.0
2026-06-01 19:32:27,312 [INFO] detector: Window info set — origin=(-1, 33)  size=1512x884  scale=1.0
2026-06-01 19:32:27,814 [INFO] detector: Window info set — origin=(-1, 33)  size=1512x884  scale=1.0
2026-06-01 19:32:28,315 [INFO] detector: Window info set — origin=(-1, 33)  size=1512x884  scale=1.0
2026-06-01 19:32:28,817 [INFO] detector: Window info set — origin=(-1, 33)  size=1512x884  scale=1.0
2026-06-01 19:32:29,321 [INFO] detector: Window info set — origin=(-1, 33)  size=1512x884  scale=1.0
2026-06-01 19:32:29,822 [INFO] detector: Window info set — origin=(-1, 33)  size=1512x884  scale=1.0
2026-06-01 19:32:30,323 [INFO] detector: Window info set — origin=(-1, 33)  size=1512x884  scale=1.0
2026-06-01 19:32:30,825 [INFO] detector: Window info set — origin=(-1, 33)  size=1512x884  scale=1.0
2026-06-01 19:32:31,328 [INFO] detector: Window info set — origin=(-1, 33)  size=1512x884  scale=1.0
2026-06-01 19:32:31,829 [INFO] detector: Window info set — origin=(-1, 33)  size=1512x884  scale=1.0
2026-06-01 19:32:32,330 [INFO] detector: Window info set — origin=(-1, 33)  size=1512x884  scale=1.0
2026-06-01 19:32:32,832 [INFO] detector: Window info set — origin=(-1, 33)  size=1512x884  scale=1.0
2026-06-01 19:32:33,335 [INFO] detector: Window info set — origin=(-1, 33)  size=1512x884  scale=1.0
2026-06-01 19:32:33,837 [INFO] detector: Window info set — origin=(-1, 33)  size=1512x884  scale=1.0
2026-06-01 19:32:34,338 [INFO] detector: Window info set — origin=(-1, 33)  size=1512x884  scale=1.0
2026-06-01 19:32:34,840 [INFO] detector: Window info set — origin=(-1, 33)  size=1512x884  scale=1.0
2026-06-01 19:32:34,915 [INFO] controller: Global hotkey pressed: f6
2026-06-01 19:32:34,964 [INFO] controller: Controller stopped.
2026-06-01 19:32:34,964 [INFO] macro: State: Reeling → Stopped
2026-06-01 19:32:35,032 [INFO] macro: Macro loop ended (stop requested)
2026-06-01 19:32:37,966 [INFO] macro: Macro engine stopped
2026-06-01 19:35:30,646 [INFO] main: Cleaning up...
2026-06-01 19:35:30,651 [INFO] controller: Controller cleaned up.
2026-06-01 19:35:30,652 [INFO] main: Exiting.
2026-06-01 19:35:31,136 [INFO] main: Starting Fisch Macro...
2026-06-01 19:35:31,166 [INFO] main: Initializing configuration...
2026-06-01 19:35:31,167 [INFO] main: Initializing window tracker...
2026-06-01 19:35:31,167 [INFO] main: Initializing detector...
2026-06-01 19:35:31,167 [INFO] main: Initializing controller...
2026-06-01 19:35:31,167 [INFO] main: Setting up start/stop hotkey on key: f6
2026-06-01 19:35:31,188 [INFO] controller: Global hotkey active: press 'f6' to start/stop the macro.
2026-06-01 19:35:31,188 [INFO] main: Initializing macro engine...
2026-06-01 19:35:31,188 [INFO] main: Starting GUI...
2026-06-01 19:35:35,503 [INFO] main: Cleaning up...
2026-06-01 19:35:35,503 [INFO] controller: Controller cleaned up.
2026-06-01 19:35:35,503 [INFO] main: Exiting.
2026-06-01 19:37:03,692 [INFO] main: Starting Fisch Macro...
2026-06-01 19:37:03,722 [INFO] main: Initializing configuration...
2026-06-01 19:37:03,723 [INFO] main: Initializing window tracker...
2026-06-01 19:37:03,723 [INFO] main: Initializing detector...
2026-06-01 19:37:03,723 [INFO] main: Initializing controller...
2026-06-01 19:37:03,723 [INFO] main: Setting up start/stop hotkey on key: f6
2026-06-01 19:37:03,746 [INFO] controller: Global hotkey active: press 'f6' to start/stop the macro.
2026-06-01 19:37:03,746 [INFO] main: Initializing macro engine...
2026-06-01 19:37:03,746 [INFO] main: Starting GUI...
2026-06-01 19:37:07,214 [INFO] src.window_tracker: Display scale factor (Quartz): 1.00
2026-06-01 19:37:07,214 [INFO] detector: Window info set — origin=(-1, 33)  size=1512x884  scale=1.0
2026-06-01 19:37:15,071 [INFO] detector: Window info set — origin=(-1, 33)  size=1512x884  scale=1.0
2026-06-01 19:37:26,417 [INFO] controller: Global hotkey pressed: f6
2026-06-01 19:37:26,420 [INFO] detector: Window info set — origin=(-1, 33)  size=1512x884  scale=1.0
2026-06-01 19:37:26,421 [INFO] controller: Controller started.
2026-06-01 19:37:26,422 [INFO] macro: State: Idle → Casting
2026-06-01 19:37:26,422 [INFO] macro: Macro engine started
2026-06-01 19:37:26,527 [INFO] detector: Window info set — origin=(-1, 33)  size=1512x884  scale=1.0
2026-06-01 19:37:27,029 [INFO] detector: Window info set — origin=(-1, 33)  size=1512x884  scale=1.0
2026-06-01 19:37:27,536 [INFO] detector: Window info set — origin=(-1, 33)  size=1512x884  scale=1.0
2026-06-01 19:37:28,038 [INFO] detector: Window info set — origin=(-1, 33)  size=1512x884  scale=1.0
2026-06-01 19:37:28,068 [INFO] macro: State: Casting → Waiting for Bite
2026-06-01 19:37:28,294 [INFO] macro: Bite confirmed — fish on the line!
2026-06-01 19:37:28,423 [INFO] macro: State: Waiting for Bite → Reeling
2026-06-01 19:37:28,539 [INFO] detector: Window info set — origin=(-1, 33)  size=1512x884  scale=1.0
2026-06-01 19:37:28,955 [INFO] macro: State: Reeling → Catch Complete
2026-06-01 19:37:29,040 [INFO] detector: Window info set — origin=(-1, 33)  size=1512x884  scale=1.0
2026-06-01 19:37:29,544 [INFO] detector: Window info set — origin=(-1, 33)  size=1512x884  scale=1.0
2026-06-01 19:37:30,045 [INFO] detector: Window info set — origin=(-1, 33)  size=1512x884  scale=1.0
2026-06-01 19:37:30,546 [INFO] detector: Window info set — origin=(-1, 33)  size=1512x884  scale=1.0
2026-06-01 19:37:31,048 [INFO] detector: Window info set — origin=(-1, 33)  size=1512x884  scale=1.0
2026-06-01 19:37:31,553 [INFO] detector: Window info set — origin=(-1, 33)  size=1512x884  scale=1.0
2026-06-01 19:37:31,670 [INFO] macro: State: Catch Complete → Casting
2026-06-01 19:37:32,054 [INFO] detector: Window info set — origin=(-1, 33)  size=1512x884  scale=1.0
2026-06-01 19:37:32,555 [INFO] detector: Window info set — origin=(-1, 33)  size=1512x884  scale=1.0
2026-06-01 19:37:33,057 [INFO] detector: Window info set — origin=(-1, 33)  size=1512x884  scale=1.0
2026-06-01 19:37:33,290 [INFO] macro: State: Casting → Waiting for Bite
2026-06-01 19:37:33,510 [INFO] macro: Bite confirmed — fish on the line!
2026-06-01 19:37:33,558 [INFO] macro: State: Waiting for Bite → Reeling
2026-06-01 19:37:33,560 [INFO] detector: Window info set — origin=(-1, 33)  size=1512x884  scale=1.0
2026-06-01 19:37:34,062 [INFO] detector: Window info set — origin=(-1, 33)  size=1512x884  scale=1.0
2026-06-01 19:37:34,563 [INFO] detector: Window info set — origin=(-1, 33)  size=1512x884  scale=1.0
2026-06-01 19:37:35,065 [INFO] detector: Window info set — origin=(-1, 33)  size=1512x884  scale=1.0
2026-06-01 19:37:35,569 [INFO] detector: Window info set — origin=(-1, 33)  size=1512x884  scale=1.0
2026-06-01 19:37:36,070 [INFO] detector: Window info set — origin=(-1, 33)  size=1512x884  scale=1.0
2026-06-01 19:37:36,571 [INFO] detector: Window info set — origin=(-1, 33)  size=1512x884  scale=1.0
2026-06-01 19:37:37,072 [INFO] detector: Window info set — origin=(-1, 33)  size=1512x884  scale=1.0
2026-06-01 19:37:37,576 [INFO] detector: Window info set — origin=(-1, 33)  size=1512x884  scale=1.0
2026-06-01 19:37:38,078 [INFO] detector: Window info set — origin=(-1, 33)  size=1512x884  scale=1.0
2026-06-01 19:37:38,580 [INFO] detector: Window info set — origin=(-1, 33)  size=1512x884  scale=1.0
2026-06-01 19:37:39,058 [INFO] macro: State: Reeling → Catch Complete
2026-06-01 19:37:39,082 [INFO] detector: Window info set — origin=(-1, 33)  size=1512x884  scale=1.0
2026-06-01 19:37:39,586 [INFO] detector: Window info set — origin=(-1, 33)  size=1512x884  scale=1.0
2026-06-01 19:37:40,087 [INFO] detector: Window info set — origin=(-1, 33)  size=1512x884  scale=1.0
2026-06-01 19:37:40,589 [INFO] detector: Window info set — origin=(-1, 33)  size=1512x884  scale=1.0
2026-06-01 19:37:41,090 [INFO] detector: Window info set — origin=(-1, 33)  size=1512x884  scale=1.0
2026-06-01 19:37:41,594 [INFO] detector: Window info set — origin=(-1, 33)  size=1512x884  scale=1.0
2026-06-01 19:37:41,765 [INFO] macro: State: Catch Complete → Casting
2026-06-01 19:37:42,095 [INFO] detector: Window info set — origin=(-1, 33)  size=1512x884  scale=1.0
2026-06-01 19:37:42,597 [INFO] detector: Window info set — origin=(-1, 33)  size=1512x884  scale=1.0
2026-06-01 19:37:43,098 [INFO] detector: Window info set — origin=(-1, 33)  size=1512x884  scale=1.0
2026-06-01 19:37:43,496 [INFO] macro: State: Casting → Waiting for Bite
2026-06-01 19:37:43,602 [INFO] detector: Window info set — origin=(-1, 33)  size=1512x884  scale=1.0
2026-06-01 19:37:43,767 [INFO] macro: Bite confirmed — fish on the line!
2026-06-01 19:37:43,768 [INFO] macro: State: Waiting for Bite → Reeling
2026-06-01 19:37:43,874 [INFO] macro: State: Reeling → Catch Complete
2026-06-01 19:37:44,103 [INFO] detector: Window info set — origin=(-1, 33)  size=1512x884  scale=1.0
2026-06-01 19:37:44,605 [INFO] detector: Window info set — origin=(-1, 33)  size=1512x884  scale=1.0
2026-06-01 19:37:45,106 [INFO] detector: Window info set — origin=(-1, 33)  size=1512x884  scale=1.0
2026-06-01 19:37:45,610 [INFO] detector: Window info set — origin=(-1, 33)  size=1512x884  scale=1.0
2026-06-01 19:37:46,112 [INFO] detector: Window info set — origin=(-1, 33)  size=1512x884  scale=1.0
2026-06-01 19:37:46,575 [INFO] macro: State: Catch Complete → Casting
2026-06-01 19:37:46,613 [INFO] detector: Window info set — origin=(-1, 33)  size=1512x884  scale=1.0
2026-06-01 19:37:47,113 [INFO] detector: Window info set — origin=(-1, 33)  size=1512x884  scale=1.0
2026-06-01 19:37:47,617 [INFO] detector: Window info set — origin=(-1, 33)  size=1512x884  scale=1.0
2026-06-01 19:37:48,119 [INFO] detector: Window info set — origin=(-1, 33)  size=1512x884  scale=1.0
2026-06-01 19:37:48,202 [INFO] macro: State: Casting → Waiting for Bite
2026-06-01 19:37:48,377 [INFO] macro: Bite confirmed — fish on the line!
2026-06-01 19:37:48,515 [INFO] macro: State: Waiting for Bite → Reeling
2026-06-01 19:37:48,620 [INFO] detector: Window info set — origin=(-1, 33)  size=1512x884  scale=1.0
2026-06-01 19:37:49,121 [INFO] detector: Window info set — origin=(-1, 33)  size=1512x884  scale=1.0
2026-06-01 19:37:49,625 [INFO] detector: Window info set — origin=(-1, 33)  size=1512x884  scale=1.0
2026-06-01 19:37:50,126 [INFO] detector: Window info set — origin=(-1, 33)  size=1512x884  scale=1.0
2026-06-01 19:37:50,628 [INFO] detector: Window info set — origin=(-1, 33)  size=1512x884  scale=1.0
2026-06-01 19:37:51,128 [INFO] detector: Window info set — origin=(-1, 33)  size=1512x884  scale=1.0
2026-06-01 19:37:51,633 [INFO] detector: Window info set — origin=(-1, 33)  size=1512x884  scale=1.0
2026-06-01 19:37:52,134 [INFO] detector: Window info set — origin=(-1, 33)  size=1512x884  scale=1.0
2026-06-01 19:37:52,636 [INFO] detector: Window info set — origin=(-1, 33)  size=1512x884  scale=1.0
2026-06-01 19:37:52,737 [INFO] macro: State: Reeling → Catch Complete
2026-06-01 19:37:53,137 [INFO] detector: Window info set — origin=(-1, 33)  size=1512x884  scale=1.0
2026-06-01 19:37:53,644 [INFO] detector: Window info set — origin=(-1, 33)  size=1512x884  scale=1.0
2026-06-01 19:37:54,146 [INFO] detector: Window info set — origin=(-1, 33)  size=1512x884  scale=1.0
2026-06-01 19:37:54,647 [INFO] detector: Window info set — origin=(-1, 33)  size=1512x884  scale=1.0
2026-06-01 19:37:54,819 [INFO] controller: Global hotkey pressed: f6
2026-06-01 19:37:54,945 [INFO] controller: Controller stopped.
2026-06-01 19:37:54,945 [INFO] macro: State: Catch Complete → Stopped
2026-06-01 19:37:55,087 [INFO] macro: Macro loop ended (stop requested)
2026-06-01 19:37:57,947 [INFO] macro: Macro engine stopped
2026-06-01 19:39:56,128 [INFO] detector: Window info set — origin=(-1, 33)  size=1512x884  scale=1.0
2026-06-01 19:40:11,853 [INFO] calibrator: ROI from rect (394,785,608,21) → x=[0.261, 0.663]  y=[0.851, 0.874]
2026-06-01 19:40:20,382 [INFO] calibrator: ROI from rect (523,825,344,16) → x=[0.347, 0.574]  y=[0.896, 0.914]
2026-06-01 19:40:41,075 [INFO] controller: Global hotkey pressed: f6
2026-06-01 19:40:41,077 [INFO] detector: Window info set — origin=(-1, 33)  size=1512x884  scale=1.0
2026-06-01 19:40:41,080 [INFO] controller: Controller started.
2026-06-01 19:40:41,080 [INFO] macro: State: Stopped → Casting
2026-06-01 19:40:41,080 [INFO] macro: Macro engine started
2026-06-01 19:40:41,578 [INFO] detector: Window info set — origin=(-1, 33)  size=1512x884  scale=1.0
2026-06-01 19:40:42,080 [INFO] detector: Window info set — origin=(-1, 33)  size=1512x884  scale=1.0
2026-06-01 19:40:42,585 [INFO] detector: Window info set — origin=(-1, 33)  size=1512x884  scale=1.0
2026-06-01 19:40:42,688 [INFO] macro: State: Casting → Waiting for Bite
2026-06-01 19:40:42,972 [INFO] macro: Bite confirmed — fish on the line!
2026-06-01 19:40:42,972 [INFO] macro: State: Waiting for Bite → Reeling
2026-06-01 19:40:43,073 [INFO] macro: State: Reeling → Catch Complete
2026-06-01 19:40:43,086 [INFO] detector: Window info set — origin=(-1, 33)  size=1512x884  scale=1.0
2026-06-01 19:40:43,588 [INFO] detector: Window info set — origin=(-1, 33)  size=1512x884  scale=1.0
2026-06-01 19:40:44,089 [INFO] detector: Window info set — origin=(-1, 33)  size=1512x884  scale=1.0
2026-06-01 19:40:44,592 [INFO] detector: Window info set — origin=(-1, 33)  size=1512x884  scale=1.0
2026-06-01 19:40:45,097 [INFO] detector: Window info set — origin=(-1, 33)  size=1512x884  scale=1.0
2026-06-01 19:40:45,598 [INFO] detector: Window info set — origin=(-1, 33)  size=1512x884  scale=1.0
2026-06-01 19:40:45,788 [INFO] macro: State: Catch Complete → Casting
2026-06-01 19:40:46,100 [INFO] detector: Window info set — origin=(-1, 33)  size=1512x884  scale=1.0
2026-06-01 19:40:46,603 [INFO] detector: Window info set — origin=(-1, 33)  size=1512x884  scale=1.0
2026-06-01 19:40:47,105 [INFO] detector: Window info set — origin=(-1, 33)  size=1512x884  scale=1.0
2026-06-01 19:40:47,553 [INFO] macro: State: Casting → Waiting for Bite
2026-06-01 19:40:47,606 [INFO] detector: Window info set — origin=(-1, 33)  size=1512x884  scale=1.0
2026-06-01 19:40:47,670 [INFO] macro: Bite confirmed — fish on the line!
2026-06-01 19:40:47,728 [INFO] macro: State: Waiting for Bite → Reeling
2026-06-01 19:40:48,108 [INFO] detector: Window info set — origin=(-1, 33)  size=1512x884  scale=1.0
2026-06-01 19:40:48,609 [INFO] detector: Window info set — origin=(-1, 33)  size=1512x884  scale=1.0
2026-06-01 19:40:49,111 [INFO] detector: Window info set — origin=(-1, 33)  size=1512x884  scale=1.0
2026-06-01 19:40:49,612 [INFO] detector: Window info set — origin=(-1, 33)  size=1512x884  scale=1.0
2026-06-01 19:40:50,113 [INFO] detector: Window info set — origin=(-1, 33)  size=1512x884  scale=1.0
2026-06-01 19:40:50,617 [INFO] detector: Window info set — origin=(-1, 33)  size=1512x884  scale=1.0
2026-06-01 19:40:50,821 [INFO] macro: State: Reeling → Catch Complete
2026-06-01 19:40:51,118 [INFO] detector: Window info set — origin=(-1, 33)  size=1512x884  scale=1.0
2026-06-01 19:40:51,619 [INFO] detector: Window info set — origin=(-1, 33)  size=1512x884  scale=1.0
2026-06-01 19:40:52,120 [INFO] detector: Window info set — origin=(-1, 33)  size=1512x884  scale=1.0
2026-06-01 19:40:52,622 [INFO] detector: Window info set — origin=(-1, 33)  size=1512x884  scale=1.0
2026-06-01 19:40:53,122 [INFO] detector: Window info set — origin=(-1, 33)  size=1512x884  scale=1.0
2026-06-01 19:40:53,469 [INFO] controller: Controller stopped.
2026-06-01 19:40:53,469 [INFO] macro: State: Catch Complete → Stopped
2026-06-01 19:40:53,564 [INFO] macro: Macro loop ended (stop requested)
2026-06-01 19:40:56,471 [INFO] macro: Macro engine stopped
2026-06-01 19:43:18,950 [INFO] main: Cleaning up...
2026-06-01 19:43:18,950 [INFO] controller: Controller cleaned up.
2026-06-01 19:43:18,951 [INFO] main: Exiting.
2026-06-01 19:43:19,418 [INFO] main: Starting Fisch Macro...
2026-06-01 19:43:19,453 [INFO] main: Initializing configuration...
2026-06-01 19:43:19,454 [INFO] main: Initializing window tracker...
2026-06-01 19:43:19,454 [INFO] main: Initializing detector...
2026-06-01 19:43:19,454 [INFO] main: Initializing controller...
2026-06-01 19:43:19,454 [INFO] main: Setting up start/stop hotkey on key: f6
2026-06-01 19:43:19,474 [INFO] controller: Global hotkey active: press 'f6' to start/stop the macro.
2026-06-01 19:43:19,475 [INFO] main: Initializing macro engine...
2026-06-01 19:43:19,475 [INFO] main: Starting GUI...
2026-06-01 19:43:22,085 [INFO] controller: Global hotkey pressed: f6
2026-06-01 19:43:22,088 [INFO] src.window_tracker: Display scale factor (Quartz): 1.00
2026-06-01 19:43:22,088 [INFO] detector: Window info set — origin=(-1, 33)  size=1512x884  scale=1.0
2026-06-01 19:43:22,091 [INFO] controller: Controller started.
2026-06-01 19:43:22,091 [INFO] macro: State: Idle → Casting
2026-06-01 19:43:22,091 [INFO] macro: Macro engine started
2026-06-01 19:43:22,152 [INFO] detector: Window info set — origin=(-1, 33)  size=1512x884  scale=1.0
2026-06-01 19:43:22,653 [INFO] detector: Window info set — origin=(-1, 33)  size=1512x884  scale=1.0
2026-06-01 19:43:23,155 [INFO] detector: Window info set — origin=(-1, 33)  size=1512x884  scale=1.0
2026-06-01 19:43:23,658 [INFO] detector: Window info set — origin=(-1, 33)  size=1512x884  scale=1.0
2026-06-01 19:43:23,718 [INFO] macro: State: Casting → Waiting for Bite
2026-06-01 19:43:24,056 [INFO] macro: Bite confirmed — fish on the line!
2026-06-01 19:43:24,056 [INFO] macro: State: Waiting for Bite → Reeling
2026-06-01 19:43:24,159 [INFO] detector: Window info set — origin=(-1, 33)  size=1512x884  scale=1.0
2026-06-01 19:43:24,164 [INFO] macro: State: Reeling → Catch Complete
2026-06-01 19:43:24,660 [INFO] detector: Window info set — origin=(-1, 33)  size=1512x884  scale=1.0
2026-06-01 19:43:25,162 [INFO] detector: Window info set — origin=(-1, 33)  size=1512x884  scale=1.0
2026-06-01 19:43:25,669 [INFO] detector: Window info set — origin=(-1, 33)  size=1512x884  scale=1.0
2026-06-01 19:43:26,171 [INFO] detector: Window info set — origin=(-1, 33)  size=1512x884  scale=1.0
2026-06-01 19:43:26,673 [INFO] detector: Window info set — origin=(-1, 33)  size=1512x884  scale=1.0
2026-06-01 19:43:26,875 [INFO] macro: State: Catch Complete → Casting
2026-06-01 19:43:27,175 [INFO] detector: Window info set — origin=(-1, 33)  size=1512x884  scale=1.0
2026-06-01 19:43:27,677 [INFO] detector: Window info set — origin=(-1, 33)  size=1512x884  scale=1.0
2026-06-01 19:43:28,178 [INFO] detector: Window info set — origin=(-1, 33)  size=1512x884  scale=1.0
2026-06-01 19:43:28,497 [INFO] macro: State: Casting → Waiting for Bite
2026-06-01 19:43:28,562 [INFO] macro: Bite confirmed — fish on the line!
2026-06-01 19:43:28,607 [INFO] macro: State: Waiting for Bite → Reeling
2026-06-01 19:43:28,680 [INFO] detector: Window info set — origin=(-1, 33)  size=1512x884  scale=1.0
2026-06-01 19:43:29,180 [INFO] detector: Window info set — origin=(-1, 33)  size=1512x884  scale=1.0
2026-06-01 19:43:29,684 [INFO] detector: Window info set — origin=(-1, 33)  size=1512x884  scale=1.0
2026-06-01 19:43:30,184 [INFO] detector: Window info set — origin=(-1, 33)  size=1512x884  scale=1.0
2026-06-01 19:43:30,686 [INFO] detector: Window info set — origin=(-1, 33)  size=1512x884  scale=1.0
2026-06-01 19:43:31,187 [INFO] detector: Window info set — origin=(-1, 33)  size=1512x884  scale=1.0
2026-06-01 19:43:31,692 [INFO] detector: Window info set — origin=(-1, 33)  size=1512x884  scale=1.0
2026-06-01 19:43:32,100 [INFO] macro: State: Reeling → Catch Complete
2026-06-01 19:43:32,194 [INFO] detector: Window info set — origin=(-1, 33)  size=1512x884  scale=1.0
2026-06-01 19:43:32,695 [INFO] detector: Window info set — origin=(-1, 33)  size=1512x884  scale=1.0
2026-06-01 19:43:33,197 [INFO] detector: Window info set — origin=(-1, 33)  size=1512x884  scale=1.0
2026-06-01 19:43:33,701 [INFO] detector: Window info set — origin=(-1, 33)  size=1512x884  scale=1.0
2026-06-01 19:43:34,203 [INFO] detector: Window info set — origin=(-1, 33)  size=1512x884  scale=1.0
2026-06-01 19:43:34,705 [INFO] detector: Window info set — origin=(-1, 33)  size=1512x884  scale=1.0
2026-06-01 19:43:34,804 [INFO] macro: State: Catch Complete → Casting
2026-06-01 19:43:35,206 [INFO] detector: Window info set — origin=(-1, 33)  size=1512x884  scale=1.0
2026-06-01 19:43:35,708 [INFO] detector: Window info set — origin=(-1, 33)  size=1512x884  scale=1.0
2026-06-01 19:43:36,209 [INFO] detector: Window info set — origin=(-1, 33)  size=1512x884  scale=1.0
2026-06-01 19:43:36,436 [INFO] macro: State: Casting → Waiting for Bite
2026-06-01 19:43:36,702 [INFO] macro: Bite confirmed — fish on the line!
2026-06-01 19:43:36,711 [INFO] macro: State: Waiting for Bite → Reeling
2026-06-01 19:43:36,711 [INFO] detector: Window info set — origin=(-1, 33)  size=1512x884  scale=1.0
2026-06-01 19:43:36,770 [INFO] macro: State: Reeling → Catch Complete
2026-06-01 19:43:37,213 [INFO] detector: Window info set — origin=(-1, 33)  size=1512x884  scale=1.0
2026-06-01 19:43:37,718 [INFO] detector: Window info set — origin=(-1, 33)  size=1512x884  scale=1.0
2026-06-01 19:43:38,220 [INFO] detector: Window info set — origin=(-1, 33)  size=1512x884  scale=1.0
2026-06-01 19:43:38,721 [INFO] detector: Window info set — origin=(-1, 33)  size=1512x884  scale=1.0
2026-06-01 19:43:39,223 [INFO] detector: Window info set — origin=(-1, 33)  size=1512x884  scale=1.0
2026-06-01 19:43:39,467 [INFO] macro: State: Catch Complete → Casting
2026-06-01 19:43:39,726 [INFO] detector: Window info set — origin=(-1, 33)  size=1512x884  scale=1.0
2026-06-01 19:43:40,228 [INFO] detector: Window info set — origin=(-1, 33)  size=1512x884  scale=1.0
2026-06-01 19:43:40,729 [INFO] detector: Window info set — origin=(-1, 33)  size=1512x884  scale=1.0
2026-06-01 19:43:41,089 [INFO] macro: State: Casting → Waiting for Bite
2026-06-01 19:43:41,147 [INFO] macro: Bite confirmed — fish on the line!
2026-06-01 19:43:41,147 [INFO] macro: State: Waiting for Bite → Reeling
2026-06-01 19:43:41,230 [INFO] detector: Window info set — origin=(-1, 33)  size=1512x884  scale=1.0
2026-06-01 19:43:41,734 [INFO] detector: Window info set — origin=(-1, 33)  size=1512x884  scale=1.0
2026-06-01 19:43:42,236 [INFO] detector: Window info set — origin=(-1, 33)  size=1512x884  scale=1.0
2026-06-01 19:43:42,737 [INFO] detector: Window info set — origin=(-1, 33)  size=1512x884  scale=1.0
2026-06-01 19:43:43,238 [INFO] detector: Window info set — origin=(-1, 33)  size=1512x884  scale=1.0
2026-06-01 19:43:43,741 [INFO] detector: Window info set — origin=(-1, 33)  size=1512x884  scale=1.0
2026-06-01 19:43:44,242 [INFO] detector: Window info set — origin=(-1, 33)  size=1512x884  scale=1.0
2026-06-01 19:43:44,614 [INFO] macro: State: Reeling → Catch Complete
2026-06-01 19:43:44,743 [INFO] detector: Window info set — origin=(-1, 33)  size=1512x884  scale=1.0
2026-06-01 19:43:45,136 [INFO] controller: Controller stopped.
2026-06-01 19:43:45,136 [INFO] macro: State: Catch Complete → Stopped
2026-06-01 19:43:45,208 [INFO] macro: Macro loop ended (stop requested)
2026-06-01 19:43:48,137 [INFO] macro: Macro engine stopped
2026-06-01 21:57:54,623 [INFO] main: Starting Fisch Macro...
2026-06-01 21:57:54,650 [INFO] main: Initializing configuration...
2026-06-01 21:57:54,651 [INFO] main: Initializing window tracker...
2026-06-01 21:57:54,651 [INFO] main: Initializing detector...
2026-06-01 21:57:54,651 [INFO] main: Initializing controller...
2026-06-01 21:57:54,651 [INFO] main: Setting up start/stop hotkey on key: f6
2026-06-01 21:57:54,673 [INFO] controller: Global hotkey active: press 'f6' to start/stop the macro.
2026-06-01 21:57:54,673 [INFO] main: Initializing macro engine...
2026-06-01 21:57:54,673 [INFO] main: Starting GUI...
2026-06-01 21:58:05,407 [INFO] controller: Global hotkey pressed: f6
2026-06-01 21:58:05,412 [INFO] src.window_tracker: Display scale factor (Quartz): 1.00
2026-06-01 21:58:05,413 [INFO] detector: Window info set — origin=(0, 33)  size=1512x884  scale=1.0
2026-06-01 21:58:05,415 [INFO] controller: Controller started.
2026-06-01 21:58:05,415 [INFO] macro: State: Idle → Casting
2026-06-01 21:58:05,415 [INFO] macro: Macro engine started
2026-06-01 21:58:05,912 [INFO] detector: Window info set — origin=(0, 33)  size=1512x884  scale=1.0
2026-06-01 21:58:06,412 [INFO] detector: Window info set — origin=(0, 33)  size=1512x884  scale=1.0
2026-06-01 21:58:06,918 [INFO] detector: Window info set — origin=(0, 33)  size=1512x884  scale=1.0
2026-06-01 21:58:07,067 [INFO] macro: State: Casting → Waiting for Bite
2026-06-01 21:58:07,419 [INFO] detector: Window info set — origin=(0, 33)  size=1512x884  scale=1.0
2026-06-01 21:58:07,920 [INFO] detector: Window info set — origin=(0, 33)  size=1512x884  scale=1.0
2026-06-01 21:58:08,422 [INFO] detector: Window info set — origin=(0, 33)  size=1512x884  scale=1.0
2026-06-01 21:58:08,925 [INFO] detector: Window info set — origin=(0, 33)  size=1512x884  scale=1.0
2026-06-01 21:58:09,426 [INFO] detector: Window info set — origin=(0, 33)  size=1512x884  scale=1.0
2026-06-01 21:58:09,927 [INFO] detector: Window info set — origin=(0, 33)  size=1512x884  scale=1.0
2026-06-01 21:58:10,429 [INFO] detector: Window info set — origin=(0, 33)  size=1512x884  scale=1.0
2026-06-01 21:58:10,933 [INFO] detector: Window info set — origin=(0, 33)  size=1512x884  scale=1.0
2026-06-01 21:58:11,434 [INFO] detector: Window info set — origin=(0, 33)  size=1512x884  scale=1.0
2026-06-01 21:58:11,935 [INFO] detector: Window info set — origin=(0, 33)  size=1512x884  scale=1.0
2026-06-01 21:58:12,436 [INFO] detector: Window info set — origin=(0, 33)  size=1512x884  scale=1.0
2026-06-01 21:58:12,939 [INFO] detector: Window info set — origin=(0, 33)  size=1512x884  scale=1.0
2026-06-01 21:58:13,440 [INFO] detector: Window info set — origin=(0, 33)  size=1512x884  scale=1.0
2026-06-01 21:58:13,941 [INFO] detector: Window info set — origin=(0, 33)  size=1512x884  scale=1.0
2026-06-01 21:58:14,442 [INFO] detector: Window info set — origin=(0, 33)  size=1512x884  scale=1.0
2026-06-01 21:58:14,945 [INFO] detector: Window info set — origin=(0, 33)  size=1512x884  scale=1.0
2026-06-01 21:58:15,446 [INFO] detector: Window info set — origin=(0, 33)  size=1512x884  scale=1.0
2026-06-01 21:58:15,947 [INFO] detector: Window info set — origin=(0, 33)  size=1512x884  scale=1.0
2026-06-01 21:58:16,448 [INFO] detector: Window info set — origin=(0, 33)  size=1512x884  scale=1.0
2026-06-01 21:58:16,950 [INFO] detector: Window info set — origin=(0, 33)  size=1512x884  scale=1.0
2026-06-01 21:58:17,451 [INFO] detector: Window info set — origin=(0, 33)  size=1512x884  scale=1.0
2026-06-01 21:58:17,952 [INFO] detector: Window info set — origin=(0, 33)  size=1512x884  scale=1.0
2026-06-01 21:58:18,453 [INFO] detector: Window info set — origin=(0, 33)  size=1512x884  scale=1.0
2026-06-01 21:58:18,958 [INFO] detector: Window info set — origin=(0, 33)  size=1512x884  scale=1.0
2026-06-01 21:58:19,459 [INFO] detector: Window info set — origin=(0, 33)  size=1512x884  scale=1.0
2026-06-01 21:58:19,961 [INFO] detector: Window info set — origin=(0, 33)  size=1512x884  scale=1.0
2026-06-01 21:58:20,462 [INFO] detector: Window info set — origin=(0, 33)  size=1512x884  scale=1.0
2026-06-01 21:58:20,965 [INFO] detector: Window info set — origin=(0, 33)  size=1512x884  scale=1.0
2026-06-01 21:58:21,466 [INFO] detector: Window info set — origin=(0, 33)  size=1512x884  scale=1.0
2026-06-01 21:58:21,967 [INFO] detector: Window info set — origin=(0, 33)  size=1512x884  scale=1.0
2026-06-01 21:58:22,469 [INFO] detector: Window info set — origin=(0, 33)  size=1512x884  scale=1.0
2026-06-01 21:58:22,971 [INFO] detector: Window info set — origin=(0, 33)  size=1512x884  scale=1.0
2026-06-01 21:58:23,472 [INFO] detector: Window info set — origin=(0, 33)  size=1512x884  scale=1.0
2026-06-01 21:58:23,973 [INFO] detector: Window info set — origin=(0, 33)  size=1512x884  scale=1.0
2026-06-01 21:58:24,474 [INFO] detector: Window info set — origin=(0, 33)  size=1512x884  scale=1.0
2026-06-01 21:58:24,976 [INFO] detector: Window info set — origin=(0, 33)  size=1512x884  scale=1.0
2026-06-01 21:58:25,477 [INFO] detector: Window info set — origin=(0, 33)  size=1512x884  scale=1.0
2026-06-01 21:58:25,524 [INFO] controller: Controller stopped.
2026-06-01 21:58:25,524 [INFO] macro: State: Waiting for Bite → Stopped
2026-06-01 21:58:25,564 [INFO] macro: Macro loop ended (stop requested)
2026-06-01 21:58:28,525 [INFO] macro: Macro engine stopped
2026-06-01 21:58:28,538 [INFO] controller: Controller stopped.
2026-06-01 21:58:28,538 [INFO] macro: Macro engine stopped
2026-06-01 21:58:28,798 [INFO] detector: Window info set — origin=(0, 33)  size=1512x884  scale=1.0
2026-06-01 21:58:28,799 [INFO] controller: Controller started.
2026-06-01 21:58:28,799 [INFO] macro: State: Stopped → Casting
2026-06-01 21:58:28,799 [INFO] macro: Macro engine started
2026-06-01 21:58:29,067 [INFO] controller: Controller stopped.
2026-06-01 21:58:29,068 [INFO] macro: State: Casting → Stopped
2026-06-01 21:58:29,163 [INFO] macro: Macro loop ended (stop requested)
2026-06-01 21:58:32,069 [INFO] macro: Macro engine stopped
2026-06-01 22:01:08,411 [INFO] controller: Global hotkey pressed: f6
2026-06-01 22:01:08,469 [INFO] detector: Window info set — origin=(0, 33)  size=1512x884  scale=1.0
2026-06-01 22:01:08,472 [INFO] controller: Controller started.
2026-06-01 22:01:08,473 [INFO] macro: State: Stopped → Casting
2026-06-01 22:01:08,473 [INFO] macro: Macro engine started
2026-06-01 22:01:08,969 [INFO] detector: Window info set — origin=(0, 33)  size=1512x884  scale=1.0
2026-06-01 22:01:09,470 [INFO] detector: Window info set — origin=(0, 33)  size=1512x884  scale=1.0
2026-06-01 22:01:09,972 [INFO] detector: Window info set — origin=(0, 33)  size=1512x884  scale=1.0
2026-06-01 22:01:10,086 [INFO] macro: State: Casting → Waiting for Bite
2026-06-01 22:01:10,474 [INFO] detector: Window info set — origin=(0, 33)  size=1512x884  scale=1.0
2026-06-01 22:01:10,494 [INFO] macro: Bite confirmed — fish on the line!
2026-06-01 22:01:10,515 [INFO] macro: State: Waiting for Bite → Reeling
2026-06-01 22:01:10,976 [INFO] detector: Window info set — origin=(0, 33)  size=1512x884  scale=1.0
2026-06-01 22:01:11,318 [INFO] macro: State: Reeling → Catch Complete
2026-06-01 22:01:11,477 [INFO] detector: Window info set — origin=(0, 33)  size=1512x884  scale=1.0
2026-06-01 22:01:11,979 [INFO] detector: Window info set — origin=(0, 33)  size=1512x884  scale=1.0
2026-06-01 22:01:12,480 [INFO] detector: Window info set — origin=(0, 33)  size=1512x884  scale=1.0
2026-06-01 22:01:12,984 [INFO] detector: Window info set — origin=(0, 33)  size=1512x884  scale=1.0
2026-06-01 22:01:13,485 [INFO] detector: Window info set — origin=(0, 33)  size=1512x884  scale=1.0
2026-06-01 22:01:13,986 [INFO] detector: Window info set — origin=(0, 33)  size=1512x884  scale=1.0
2026-06-01 22:01:14,157 [INFO] macro: State: Catch Complete → Casting
2026-06-01 22:01:14,488 [INFO] detector: Window info set — origin=(0, 33)  size=1512x884  scale=1.0
2026-06-01 22:01:14,990 [INFO] detector: Window info set — origin=(0, 33)  size=1512x884  scale=1.0
2026-06-01 22:01:15,492 [INFO] detector: Window info set — origin=(0, 33)  size=1512x884  scale=1.0
2026-06-01 22:01:15,959 [INFO] macro: State: Casting → Waiting for Bite
2026-06-01 22:01:15,994 [INFO] detector: Window info set — origin=(0, 33)  size=1512x884  scale=1.0
2026-06-01 22:01:16,064 [INFO] macro: Bite confirmed — fish on the line!
2026-06-01 22:01:16,064 [INFO] macro: State: Waiting for Bite → Reeling
2026-06-01 22:01:16,495 [INFO] detector: Window info set — origin=(0, 33)  size=1512x884  scale=1.0
2026-06-01 22:01:16,998 [INFO] detector: Window info set — origin=(0, 33)  size=1512x884  scale=1.0
2026-06-01 22:01:17,499 [INFO] detector: Window info set — origin=(0, 33)  size=1512x884  scale=1.0
2026-06-01 22:01:18,000 [INFO] detector: Window info set — origin=(0, 33)  size=1512x884  scale=1.0
2026-06-01 22:01:18,502 [INFO] detector: Window info set — origin=(0, 33)  size=1512x884  scale=1.0
2026-06-01 22:01:18,587 [INFO] macro: State: Reeling → Catch Complete
2026-06-01 22:01:19,008 [INFO] detector: Window info set — origin=(0, 33)  size=1512x884  scale=1.0
2026-06-01 22:01:19,510 [INFO] detector: Window info set — origin=(0, 33)  size=1512x884  scale=1.0
2026-06-01 22:01:20,011 [INFO] detector: Window info set — origin=(0, 33)  size=1512x884  scale=1.0
2026-06-01 22:01:20,512 [INFO] detector: Window info set — origin=(0, 33)  size=1512x884  scale=1.0
2026-06-01 22:01:21,016 [INFO] detector: Window info set — origin=(0, 33)  size=1512x884  scale=1.0
2026-06-01 22:01:21,289 [INFO] macro: State: Catch Complete → Casting
2026-06-01 22:01:21,518 [INFO] detector: Window info set — origin=(0, 33)  size=1512x884  scale=1.0
2026-06-01 22:01:22,020 [INFO] detector: Window info set — origin=(0, 33)  size=1512x884  scale=1.0
2026-06-01 22:01:22,521 [INFO] detector: Window info set — origin=(0, 33)  size=1512x884  scale=1.0
2026-06-01 22:01:22,916 [INFO] macro: State: Casting → Waiting for Bite
2026-06-01 22:01:23,024 [INFO] detector: Window info set — origin=(0, 33)  size=1512x884  scale=1.0
2026-06-01 22:01:23,109 [INFO] macro: Bite confirmed — fish on the line!
2026-06-01 22:01:23,169 [INFO] macro: State: Waiting for Bite → Reeling
2026-06-01 22:01:23,525 [INFO] detector: Window info set — origin=(0, 33)  size=1512x884  scale=1.0
2026-06-01 22:01:23,909 [INFO] macro: State: Reeling → Catch Complete
2026-06-01 22:01:24,026 [INFO] detector: Window info set — origin=(0, 33)  size=1512x884  scale=1.0
2026-06-01 22:01:24,527 [INFO] detector: Window info set — origin=(0, 33)  size=1512x884  scale=1.0
2026-06-01 22:01:25,033 [INFO] detector: Window info set — origin=(0, 33)  size=1512x884  scale=1.0
2026-06-01 22:01:25,539 [INFO] detector: Window info set — origin=(0, 33)  size=1512x884  scale=1.0
2026-06-01 22:01:26,040 [INFO] detector: Window info set — origin=(0, 33)  size=1512x884  scale=1.0
2026-06-01 22:01:26,541 [INFO] detector: Window info set — origin=(0, 33)  size=1512x884  scale=1.0
2026-06-01 22:01:26,653 [INFO] macro: State: Catch Complete → Casting
2026-06-01 22:01:27,045 [INFO] detector: Window info set — origin=(0, 33)  size=1512x884  scale=1.0
2026-06-01 22:01:27,545 [INFO] detector: Window info set — origin=(0, 33)  size=1512x884  scale=1.0
2026-06-01 22:01:28,047 [INFO] detector: Window info set — origin=(0, 33)  size=1512x884  scale=1.0
2026-06-01 22:01:28,291 [INFO] macro: State: Casting → Waiting for Bite
2026-06-01 22:01:28,449 [INFO] macro: Bite confirmed — fish on the line!
2026-06-01 22:01:28,548 [INFO] macro: State: Waiting for Bite → Reeling
2026-06-01 22:01:28,548 [INFO] detector: Window info set — origin=(0, 33)  size=1512x884  scale=1.0
2026-06-01 22:01:29,050 [INFO] detector: Window info set — origin=(0, 33)  size=1512x884  scale=1.0
2026-06-01 22:01:29,551 [INFO] detector: Window info set — origin=(0, 33)  size=1512x884  scale=1.0
2026-06-01 22:01:30,052 [INFO] detector: Window info set — origin=(0, 33)  size=1512x884  scale=1.0
2026-06-01 22:01:30,553 [INFO] detector: Window info set — origin=(0, 33)  size=1512x884  scale=1.0
2026-06-01 22:01:31,056 [INFO] detector: Window info set — origin=(0, 33)  size=1512x884  scale=1.0
2026-06-01 22:01:31,557 [INFO] detector: Window info set — origin=(0, 33)  size=1512x884  scale=1.0
2026-06-01 22:01:32,059 [INFO] detector: Window info set — origin=(0, 33)  size=1512x884  scale=1.0
2026-06-01 22:01:32,560 [INFO] detector: Window info set — origin=(0, 33)  size=1512x884  scale=1.0
2026-06-01 22:01:33,062 [INFO] detector: Window info set — origin=(0, 33)  size=1512x884  scale=1.0
2026-06-01 22:01:33,564 [INFO] detector: Window info set — origin=(0, 33)  size=1512x884  scale=1.0
2026-06-01 22:01:34,064 [INFO] detector: Window info set — origin=(0, 33)  size=1512x884  scale=1.0
2026-06-01 22:01:34,565 [INFO] detector: Window info set — origin=(0, 33)  size=1512x884  scale=1.0
2026-06-01 22:01:35,068 [INFO] detector: Window info set — origin=(0, 33)  size=1512x884  scale=1.0
2026-06-01 22:01:35,570 [INFO] detector: Window info set — origin=(0, 33)  size=1512x884  scale=1.0
2026-06-01 22:01:36,070 [INFO] detector: Window info set — origin=(0, 33)  size=1512x884  scale=1.0
2026-06-01 22:01:36,151 [INFO] macro: State: Reeling → Catch Complete
2026-06-01 22:01:36,572 [INFO] detector: Window info set — origin=(0, 33)  size=1512x884  scale=1.0
2026-06-01 22:01:37,074 [INFO] detector: Window info set — origin=(0, 33)  size=1512x884  scale=1.0
2026-06-01 22:01:37,577 [INFO] detector: Window info set — origin=(0, 33)  size=1512x884  scale=1.0
2026-06-01 22:01:38,078 [INFO] detector: Window info set — origin=(0, 33)  size=1512x884  scale=1.0
2026-06-01 22:01:38,580 [INFO] detector: Window info set — origin=(0, 33)  size=1512x884  scale=1.0
2026-06-01 22:01:38,866 [INFO] macro: State: Catch Complete → Casting
2026-06-01 22:01:39,083 [INFO] detector: Window info set — origin=(0, 33)  size=1512x884  scale=1.0
2026-06-01 22:01:39,585 [INFO] detector: Window info set — origin=(0, 33)  size=1512x884  scale=1.0
2026-06-01 22:01:40,087 [INFO] detector: Window info set — origin=(0, 33)  size=1512x884  scale=1.0
2026-06-01 22:01:40,588 [INFO] detector: Window info set — origin=(0, 33)  size=1512x884  scale=1.0
2026-06-01 22:01:40,661 [INFO] macro: State: Casting → Waiting for Bite
2026-06-01 22:01:40,985 [INFO] macro: Bite confirmed — fish on the line!
2026-06-01 22:01:41,040 [INFO] macro: State: Waiting for Bite → Reeling
2026-06-01 22:01:41,090 [INFO] detector: Window info set — origin=(0, 33)  size=1512x884  scale=1.0
2026-06-01 22:01:41,592 [INFO] detector: Window info set — origin=(0, 33)  size=1512x884  scale=1.0
2026-06-01 22:01:41,824 [INFO] macro: State: Reeling → Catch Complete
2026-06-01 22:01:42,093 [INFO] detector: Window info set — origin=(0, 33)  size=1512x884  scale=1.0
2026-06-01 22:01:42,594 [INFO] detector: Window info set — origin=(0, 33)  size=1512x884  scale=1.0
2026-06-01 22:01:43,101 [INFO] detector: Window info set — origin=(0, 33)  size=1512x884  scale=1.0
2026-06-01 22:01:43,602 [INFO] detector: Window info set — origin=(0, 33)  size=1512x884  scale=1.0
2026-06-01 22:01:44,104 [INFO] detector: Window info set — origin=(0, 33)  size=1512x884  scale=1.0
2026-06-01 22:01:44,529 [INFO] macro: State: Catch Complete → Casting
2026-06-01 22:01:44,605 [INFO] detector: Window info set — origin=(0, 33)  size=1512x884  scale=1.0
2026-06-01 22:01:45,109 [INFO] detector: Window info set — origin=(0, 33)  size=1512x884  scale=1.0
2026-06-01 22:01:45,611 [INFO] detector: Window info set — origin=(0, 33)  size=1512x884  scale=1.0
2026-06-01 22:01:46,112 [INFO] detector: Window info set — origin=(0, 33)  size=1512x884  scale=1.0
2026-06-01 22:01:46,236 [INFO] macro: State: Casting → Waiting for Bite
2026-06-01 22:01:46,301 [INFO] macro: Bite confirmed — fish on the line!
2026-06-01 22:01:46,460 [INFO] macro: State: Waiting for Bite → Reeling
2026-06-01 22:01:46,613 [INFO] detector: Window info set — origin=(0, 33)  size=1512x884  scale=1.0
2026-06-01 22:01:47,115 [INFO] detector: Window info set — origin=(0, 33)  size=1512x884  scale=1.0
2026-06-01 22:01:47,617 [INFO] detector: Window info set — origin=(0, 33)  size=1512x884  scale=1.0
2026-06-01 22:01:48,118 [INFO] detector: Window info set — origin=(0, 33)  size=1512x884  scale=1.0
2026-06-01 22:01:48,620 [INFO] detector: Window info set — origin=(0, 33)  size=1512x884  scale=1.0
2026-06-01 22:01:49,123 [INFO] detector: Window info set — origin=(0, 33)  size=1512x884  scale=1.0
2026-06-01 22:01:49,624 [INFO] detector: Window info set — origin=(0, 33)  size=1512x884  scale=1.0
2026-06-01 22:01:50,125 [INFO] detector: Window info set — origin=(0, 33)  size=1512x884  scale=1.0
2026-06-01 22:01:50,627 [INFO] detector: Window info set — origin=(0, 33)  size=1512x884  scale=1.0
2026-06-01 22:01:51,131 [INFO] detector: Window info set — origin=(0, 33)  size=1512x884  scale=1.0
2026-06-01 22:01:51,632 [INFO] detector: Window info set — origin=(0, 33)  size=1512x884  scale=1.0
2026-06-01 22:01:52,134 [INFO] detector: Window info set — origin=(0, 33)  size=1512x884  scale=1.0
2026-06-01 22:01:52,635 [INFO] detector: Window info set — origin=(0, 33)  size=1512x884  scale=1.0
2026-06-01 22:01:53,137 [INFO] detector: Window info set — origin=(0, 33)  size=1512x884  scale=1.0
2026-06-01 22:01:53,638 [INFO] detector: Window info set — origin=(0, 33)  size=1512x884  scale=1.0
2026-06-01 22:01:54,140 [INFO] detector: Window info set — origin=(0, 33)  size=1512x884  scale=1.0
2026-06-01 22:01:54,640 [INFO] detector: Window info set — origin=(0, 33)  size=1512x884  scale=1.0
2026-06-01 22:01:55,142 [INFO] detector: Window info set — origin=(0, 33)  size=1512x884  scale=1.0
2026-06-01 22:01:55,643 [INFO] detector: Window info set — origin=(0, 33)  size=1512x884  scale=1.0
2026-06-01 22:01:56,144 [INFO] detector: Window info set — origin=(0, 33)  size=1512x884  scale=1.0
2026-06-01 22:01:56,645 [INFO] detector: Window info set — origin=(0, 33)  size=1512x884  scale=1.0
2026-06-01 22:01:57,148 [INFO] detector: Window info set — origin=(0, 33)  size=1512x884  scale=1.0
2026-06-01 22:01:57,650 [INFO] detector: Window info set — origin=(0, 33)  size=1512x884  scale=1.0
2026-06-01 22:01:58,151 [INFO] detector: Window info set — origin=(0, 33)  size=1512x884  scale=1.0
2026-06-01 22:01:58,652 [INFO] detector: Window info set — origin=(0, 33)  size=1512x884  scale=1.0
2026-06-01 22:01:58,725 [INFO] macro: State: Reeling → Catch Complete
2026-06-01 22:01:59,158 [INFO] detector: Window info set — origin=(0, 33)  size=1512x884  scale=1.0
2026-06-01 22:01:59,659 [INFO] detector: Window info set — origin=(0, 33)  size=1512x884  scale=1.0
2026-06-01 22:02:00,161 [INFO] detector: Window info set — origin=(0, 33)  size=1512x884  scale=1.0
2026-06-01 22:02:00,662 [INFO] detector: Window info set — origin=(0, 33)  size=1512x884  scale=1.0
2026-06-01 22:02:01,167 [INFO] detector: Window info set — origin=(0, 33)  size=1512x884  scale=1.0
2026-06-01 22:02:01,443 [INFO] macro: State: Catch Complete → Casting
2026-06-01 22:02:01,669 [INFO] detector: Window info set — origin=(0, 33)  size=1512x884  scale=1.0
2026-06-01 22:02:02,170 [INFO] detector: Window info set — origin=(0, 33)  size=1512x884  scale=1.0
2026-06-01 22:02:02,672 [INFO] detector: Window info set — origin=(0, 33)  size=1512x884  scale=1.0
2026-06-01 22:02:03,150 [INFO] macro: State: Casting → Waiting for Bite
2026-06-01 22:02:03,175 [INFO] detector: Window info set — origin=(0, 33)  size=1512x884  scale=1.0
2026-06-01 22:02:03,521 [INFO] macro: Bite confirmed — fish on the line!
2026-06-01 22:02:03,527 [INFO] macro: State: Waiting for Bite → Reeling
2026-06-01 22:02:03,676 [INFO] detector: Window info set — origin=(0, 33)  size=1512x884  scale=1.0
2026-06-01 22:02:04,177 [INFO] detector: Window info set — origin=(0, 33)  size=1512x884  scale=1.0
2026-06-01 22:02:04,358 [INFO] macro: State: Reeling → Catch Complete
2026-06-01 22:02:04,678 [INFO] detector: Window info set — origin=(0, 33)  size=1512x884  scale=1.0
2026-06-01 22:02:05,183 [INFO] detector: Window info set — origin=(0, 33)  size=1512x884  scale=1.0
2026-06-01 22:02:05,684 [INFO] detector: Window info set — origin=(0, 33)  size=1512x884  scale=1.0
2026-06-01 22:02:06,185 [INFO] detector: Window info set — origin=(0, 33)  size=1512x884  scale=1.0
2026-06-01 22:02:06,687 [INFO] detector: Window info set — origin=(0, 33)  size=1512x884  scale=1.0
2026-06-01 22:02:07,082 [INFO] macro: State: Catch Complete → Casting
2026-06-01 22:02:07,191 [INFO] detector: Window info set — origin=(0, 33)  size=1512x884  scale=1.0
2026-06-01 22:02:07,692 [INFO] detector: Window info set — origin=(0, 33)  size=1512x884  scale=1.0
2026-06-01 22:02:08,194 [INFO] detector: Window info set — origin=(0, 33)  size=1512x884  scale=1.0
2026-06-01 22:02:08,695 [INFO] detector: Window info set — origin=(0, 33)  size=1512x884  scale=1.0
2026-06-01 22:02:08,775 [INFO] macro: State: Casting → Waiting for Bite
2026-06-01 22:02:09,019 [INFO] macro: Bite confirmed — fish on the line!
2026-06-01 22:02:09,153 [INFO] macro: State: Waiting for Bite → Reeling
2026-06-01 22:02:09,199 [INFO] detector: Window info set — origin=(0, 33)  size=1512x884  scale=1.0
2026-06-01 22:02:09,387 [INFO] macro: State: Reeling → Catch Complete
2026-06-01 22:02:09,701 [INFO] detector: Window info set — origin=(0, 33)  size=1512x884  scale=1.0
2026-06-01 22:02:10,202 [INFO] detector: Window info set — origin=(0, 33)  size=1512x884  scale=1.0
2026-06-01 22:02:10,703 [INFO] detector: Window info set — origin=(0, 33)  size=1512x884  scale=1.0
2026-06-01 22:02:11,208 [INFO] detector: Window info set — origin=(0, 33)  size=1512x884  scale=1.0
2026-06-01 22:02:11,710 [INFO] detector: Window info set — origin=(0, 33)  size=1512x884  scale=1.0
2026-06-01 22:02:12,100 [INFO] macro: State: Catch Complete → Casting
2026-06-01 22:02:12,211 [INFO] detector: Window info set — origin=(0, 33)  size=1512x884  scale=1.0
2026-06-01 22:02:12,713 [INFO] detector: Window info set — origin=(0, 33)  size=1512x884  scale=1.0
2026-06-01 22:02:13,217 [INFO] detector: Window info set — origin=(0, 33)  size=1512x884  scale=1.0
2026-06-01 22:02:13,719 [INFO] detector: Window info set — origin=(0, 33)  size=1512x884  scale=1.0
2026-06-01 22:02:13,736 [INFO] macro: State: Casting → Waiting for Bite
2026-06-01 22:02:13,987 [INFO] macro: Bite confirmed — fish on the line!
2026-06-01 22:02:13,987 [INFO] macro: State: Waiting for Bite → Reeling
2026-06-01 22:02:14,220 [INFO] detector: Window info set — origin=(0, 33)  size=1512x884  scale=1.0
2026-06-01 22:02:14,721 [INFO] detector: Window info set — origin=(0, 33)  size=1512x884  scale=1.0
2026-06-01 22:02:14,862 [INFO] macro: State: Reeling → Catch Complete
2026-06-01 22:02:15,225 [INFO] detector: Window info set — origin=(0, 33)  size=1512x884  scale=1.0
2026-06-01 22:02:15,727 [INFO] detector: Window info set — origin=(0, 33)  size=1512x884  scale=1.0
2026-06-01 22:02:16,228 [INFO] detector: Window info set — origin=(0, 33)  size=1512x884  scale=1.0
2026-06-01 22:02:16,730 [INFO] detector: Window info set — origin=(0, 33)  size=1512x884  scale=1.0
2026-06-01 22:02:17,233 [INFO] detector: Window info set — origin=(0, 33)  size=1512x884  scale=1.0
2026-06-01 22:02:17,585 [INFO] macro: State: Catch Complete → Casting
2026-06-01 22:02:17,734 [INFO] detector: Window info set — origin=(0, 33)  size=1512x884  scale=1.0
2026-06-01 22:02:18,235 [INFO] detector: Window info set — origin=(0, 33)  size=1512x884  scale=1.0
2026-06-01 22:02:18,736 [INFO] detector: Window info set — origin=(0, 33)  size=1512x884  scale=1.0
2026-06-01 22:02:19,218 [INFO] macro: State: Casting → Waiting for Bite
2026-06-01 22:02:19,242 [INFO] detector: Window info set — origin=(0, 33)  size=1512x884  scale=1.0
2026-06-01 22:02:19,291 [INFO] macro: Bite confirmed — fish on the line!
2026-06-01 22:02:19,291 [INFO] macro: State: Waiting for Bite → Reeling
2026-06-01 22:02:19,743 [INFO] detector: Window info set — origin=(0, 33)  size=1512x884  scale=1.0
2026-06-01 22:02:20,244 [INFO] detector: Window info set — origin=(0, 33)  size=1512x884  scale=1.0
2026-06-01 22:02:20,745 [INFO] detector: Window info set — origin=(0, 33)  size=1512x884  scale=1.0
2026-06-01 22:02:21,247 [INFO] detector: Window info set — origin=(0, 33)  size=1512x884  scale=1.0
2026-06-01 22:02:21,749 [INFO] detector: Window info set — origin=(0, 33)  size=1512x884  scale=1.0
2026-06-01 22:02:22,020 [INFO] macro: State: Reeling → Catch Complete
2026-06-01 22:02:22,250 [INFO] detector: Window info set — origin=(0, 33)  size=1512x884  scale=1.0
2026-06-01 22:02:22,752 [INFO] detector: Window info set — origin=(0, 33)  size=1512x884  scale=1.0
2026-06-01 22:02:23,256 [INFO] detector: Window info set — origin=(0, 33)  size=1512x884  scale=1.0
2026-06-01 22:02:23,757 [INFO] detector: Window info set — origin=(0, 33)  size=1512x884  scale=1.0
2026-06-01 22:02:24,259 [INFO] detector: Window info set — origin=(0, 33)  size=1512x884  scale=1.0
2026-06-01 22:02:24,731 [INFO] macro: State: Catch Complete → Casting
2026-06-01 22:02:24,760 [INFO] detector: Window info set — origin=(0, 33)  size=1512x884  scale=1.0
2026-06-01 22:02:25,265 [INFO] detector: Window info set — origin=(0, 33)  size=1512x884  scale=1.0
2026-06-01 22:02:25,768 [INFO] detector: Window info set — origin=(0, 33)  size=1512x884  scale=1.0
2026-06-01 22:02:26,269 [INFO] detector: Window info set — origin=(0, 33)  size=1512x884  scale=1.0
2026-06-01 22:02:26,395 [INFO] macro: State: Casting → Waiting for Bite
2026-06-01 22:02:26,611 [INFO] macro: Bite confirmed — fish on the line!
2026-06-01 22:02:26,611 [INFO] macro: State: Waiting for Bite → Reeling
2026-06-01 22:02:26,770 [INFO] detector: Window info set — origin=(0, 33)  size=1512x884  scale=1.0
2026-06-01 22:02:27,274 [INFO] detector: Window info set — origin=(0, 33)  size=1512x884  scale=1.0
2026-06-01 22:02:27,502 [INFO] macro: State: Reeling → Catch Complete
2026-06-01 22:02:27,775 [INFO] detector: Window info set — origin=(0, 33)  size=1512x884  scale=1.0
2026-06-01 22:02:28,277 [INFO] detector: Window info set — origin=(0, 33)  size=1512x884  scale=1.0
2026-06-01 22:02:28,778 [INFO] detector: Window info set — origin=(0, 33)  size=1512x884  scale=1.0
2026-06-01 22:02:29,283 [INFO] detector: Window info set — origin=(0, 33)  size=1512x884  scale=1.0
2026-06-01 22:02:29,785 [INFO] detector: Window info set — origin=(0, 33)  size=1512x884  scale=1.0
2026-06-01 22:02:30,219 [INFO] macro: State: Catch Complete → Casting
2026-06-01 22:02:30,287 [INFO] detector: Window info set — origin=(0, 33)  size=1512x884  scale=1.0
2026-06-01 22:02:30,788 [INFO] detector: Window info set — origin=(0, 33)  size=1512x884  scale=1.0
2026-06-01 22:02:31,292 [INFO] detector: Window info set — origin=(0, 33)  size=1512x884  scale=1.0
2026-06-01 22:02:31,794 [INFO] detector: Window info set — origin=(0, 33)  size=1512x884  scale=1.0
2026-06-01 22:02:31,873 [INFO] macro: State: Casting → Waiting for Bite
2026-06-01 22:02:32,127 [INFO] macro: Bite confirmed — fish on the line!
2026-06-01 22:02:32,260 [INFO] macro: State: Waiting for Bite → Reeling
2026-06-01 22:02:32,299 [INFO] detector: Window info set — origin=(0, 33)  size=1512x884  scale=1.0
2026-06-01 22:02:32,800 [INFO] detector: Window info set — origin=(0, 33)  size=1512x884  scale=1.0
2026-06-01 22:02:33,302 [INFO] detector: Window info set — origin=(0, 33)  size=1512x884  scale=1.0
2026-06-01 22:02:33,804 [INFO] detector: Window info set — origin=(0, 33)  size=1512x884  scale=1.0
2026-06-01 22:02:34,305 [INFO] detector: Window info set — origin=(0, 33)  size=1512x884  scale=1.0
2026-06-01 22:02:34,806 [INFO] detector: Window info set — origin=(0, 33)  size=1512x884  scale=1.0
2026-06-01 22:02:35,307 [INFO] detector: Window info set — origin=(0, 33)  size=1512x884  scale=1.0
2026-06-01 22:02:35,809 [INFO] detector: Window info set — origin=(0, 33)  size=1512x884  scale=1.0
2026-06-01 22:02:36,310 [INFO] detector: Window info set — origin=(0, 33)  size=1512x884  scale=1.0
2026-06-01 22:02:36,811 [INFO] detector: Window info set — origin=(0, 33)  size=1512x884  scale=1.0
2026-06-01 22:02:37,314 [INFO] detector: Window info set — origin=(0, 33)  size=1512x884  scale=1.0
2026-06-01 22:02:37,815 [INFO] detector: Window info set — origin=(0, 33)  size=1512x884  scale=1.0
2026-06-01 22:02:38,316 [INFO] detector: Window info set — origin=(0, 33)  size=1512x884  scale=1.0
2026-06-01 22:02:38,816 [INFO] detector: Window info set — origin=(0, 33)  size=1512x884  scale=1.0
2026-06-01 22:02:39,318 [INFO] detector: Window info set — origin=(0, 33)  size=1512x884  scale=1.0
2026-06-01 22:02:39,819 [INFO] detector: Window info set — origin=(0, 33)  size=1512x884  scale=1.0
2026-06-01 22:02:40,321 [INFO] detector: Window info set — origin=(0, 33)  size=1512x884  scale=1.0
2026-06-01 22:02:40,823 [INFO] detector: Window info set — origin=(0, 33)  size=1512x884  scale=1.0
2026-06-01 22:02:41,324 [INFO] detector: Window info set — origin=(0, 33)  size=1512x884  scale=1.0
2026-06-01 22:02:41,826 [INFO] detector: Window info set — origin=(0, 33)  size=1512x884  scale=1.0
2026-06-01 22:02:42,327 [INFO] detector: Window info set — origin=(0, 33)  size=1512x884  scale=1.0
2026-06-01 22:02:42,828 [INFO] detector: Window info set — origin=(0, 33)  size=1512x884  scale=1.0
2026-06-01 22:02:43,331 [INFO] detector: Window info set — origin=(0, 33)  size=1512x884  scale=1.0
2026-06-01 22:02:43,832 [INFO] detector: Window info set — origin=(0, 33)  size=1512x884  scale=1.0
2026-06-01 22:02:44,333 [INFO] detector: Window info set — origin=(0, 33)  size=1512x884  scale=1.0
2026-06-01 22:02:44,835 [INFO] detector: Window info set — origin=(0, 33)  size=1512x884  scale=1.0
2026-06-01 22:02:45,341 [INFO] detector: Window info set — origin=(0, 33)  size=1512x884  scale=1.0
2026-06-01 22:02:45,843 [INFO] detector: Window info set — origin=(0, 33)  size=1512x884  scale=1.0
2026-06-01 22:02:46,317 [INFO] macro: State: Reeling → Catch Complete
2026-06-01 22:02:46,343 [INFO] detector: Window info set — origin=(0, 33)  size=1512x884  scale=1.0
2026-06-01 22:02:46,844 [INFO] detector: Window info set — origin=(0, 33)  size=1512x884  scale=1.0
2026-06-01 22:02:47,350 [INFO] detector: Window info set — origin=(0, 33)  size=1512x884  scale=1.0
2026-06-01 22:02:47,852 [INFO] detector: Window info set — origin=(0, 33)  size=1512x884  scale=1.0
2026-06-01 22:02:48,353 [INFO] detector: Window info set — origin=(0, 33)  size=1512x884  scale=1.0
2026-06-01 22:02:48,855 [INFO] detector: Window info set — origin=(0, 33)  size=1512x884  scale=1.0
2026-06-01 22:02:49,030 [INFO] macro: State: Catch Complete → Casting
2026-06-01 22:02:49,359 [INFO] detector: Window info set — origin=(0, 33)  size=1512x884  scale=1.0
2026-06-01 22:02:49,860 [INFO] detector: Window info set — origin=(0, 33)  size=1512x884  scale=1.0
2026-06-01 22:02:50,362 [INFO] detector: Window info set — origin=(0, 33)  size=1512x884  scale=1.0
2026-06-01 22:02:50,658 [INFO] macro: State: Casting → Waiting for Bite
2026-06-01 22:02:50,863 [INFO] detector: Window info set — origin=(0, 33)  size=1512x884  scale=1.0
2026-06-01 22:02:50,929 [INFO] macro: Bite confirmed — fish on the line!
2026-06-01 22:02:50,929 [INFO] macro: State: Waiting for Bite → Reeling
2026-06-01 22:02:51,366 [INFO] detector: Window info set — origin=(0, 33)  size=1512x884  scale=1.0
2026-06-01 22:02:51,867 [INFO] detector: Window info set — origin=(0, 33)  size=1512x884  scale=1.0
2026-06-01 22:02:51,869 [INFO] macro: State: Reeling → Catch Complete
2026-06-01 22:02:52,369 [INFO] detector: Window info set — origin=(0, 33)  size=1512x884  scale=1.0
2026-06-01 22:02:52,870 [INFO] detector: Window info set — origin=(0, 33)  size=1512x884  scale=1.0
2026-06-01 22:02:53,376 [INFO] detector: Window info set — origin=(0, 33)  size=1512x884  scale=1.0
2026-06-01 22:02:53,878 [INFO] detector: Window info set — origin=(0, 33)  size=1512x884  scale=1.0
2026-06-01 22:02:54,380 [INFO] detector: Window info set — origin=(0, 33)  size=1512x884  scale=1.0
2026-06-01 22:02:54,580 [INFO] macro: State: Catch Complete → Casting
2026-06-01 22:02:54,882 [INFO] detector: Window info set — origin=(0, 33)  size=1512x884  scale=1.0
2026-06-01 22:02:55,385 [INFO] detector: Window info set — origin=(0, 33)  size=1512x884  scale=1.0
2026-06-01 22:02:55,887 [INFO] detector: Window info set — origin=(0, 33)  size=1512x884  scale=1.0
2026-06-01 22:02:56,384 [INFO] macro: State: Casting → Waiting for Bite
2026-06-01 22:02:56,387 [INFO] detector: Window info set — origin=(0, 33)  size=1512x884  scale=1.0
2026-06-01 22:02:56,447 [INFO] macro: Bite confirmed — fish on the line!
2026-06-01 22:02:56,447 [INFO] macro: State: Waiting for Bite → Reeling
2026-06-01 22:02:56,889 [INFO] detector: Window info set — origin=(0, 33)  size=1512x884  scale=1.0
2026-06-01 22:02:57,391 [INFO] detector: Window info set — origin=(0, 33)  size=1512x884  scale=1.0
2026-06-01 22:02:57,892 [INFO] detector: Window info set — origin=(0, 33)  size=1512x884  scale=1.0
2026-06-01 22:02:58,393 [INFO] detector: Window info set — origin=(0, 33)  size=1512x884  scale=1.0
2026-06-01 22:02:58,894 [INFO] detector: Window info set — origin=(0, 33)  size=1512x884  scale=1.0
2026-06-01 22:02:58,955 [INFO] macro: State: Reeling → Catch Complete
2026-06-01 22:02:59,399 [INFO] detector: Window info set — origin=(0, 33)  size=1512x884  scale=1.0
2026-06-01 22:02:59,900 [INFO] detector: Window info set — origin=(0, 33)  size=1512x884  scale=1.0
2026-06-01 22:03:00,402 [INFO] detector: Window info set — origin=(0, 33)  size=1512x884  scale=1.0
2026-06-01 22:03:00,651 [INFO] controller: Global hotkey pressed: f6
2026-06-01 22:03:00,653 [INFO] controller: Controller stopped.
2026-06-01 22:03:00,653 [INFO] macro: State: Catch Complete → Stopped
2026-06-01 22:03:00,790 [INFO] macro: Macro loop ended (stop requested)
2026-06-01 22:03:03,655 [INFO] macro: Macro engine stopped
2026-06-01 22:04:49,711 [INFO] main: Cleaning up...
2026-06-01 22:04:49,712 [INFO] controller: Controller cleaned up.
2026-06-01 22:04:49,713 [INFO] main: Exiting.
2026-06-01 22:14:25,014 [INFO] main: Starting Fisch Macro...
2026-06-01 22:14:25,047 [INFO] main: Initializing configuration...
2026-06-01 22:14:25,048 [INFO] main: Initializing window tracker...
2026-06-01 22:14:25,048 [INFO] main: Initializing detector...
2026-06-01 22:14:25,048 [INFO] main: Initializing controller...
2026-06-01 22:14:25,048 [INFO] main: Setting up start/stop hotkey on key: f6
2026-06-01 22:14:25,071 [INFO] controller: Global hotkey active: press 'f6' to start/stop the macro.
2026-06-01 22:14:25,071 [INFO] main: Initializing macro engine...
2026-06-01 22:14:25,071 [INFO] main: Starting GUI...
2026-06-01 22:14:29,164 [INFO] controller: Global hotkey pressed: f6
2026-06-01 22:14:29,166 [INFO] src.window_tracker: Display scale factor (Quartz): 1.00
2026-06-01 22:14:29,166 [INFO] detector: Window info set — origin=(-1, 33)  size=1512x884  scale=1.0
2026-06-01 22:14:29,168 [INFO] controller: Controller started.
2026-06-01 22:14:29,168 [INFO] macro: State: Idle → Casting
2026-06-01 22:14:29,168 [INFO] macro: Macro engine started
2026-06-01 22:14:29,270 [INFO] detector: Window info set — origin=(-1, 33)  size=1512x884  scale=1.0
2026-06-01 22:14:29,772 [INFO] detector: Window info set — origin=(-1, 33)  size=1512x884  scale=1.0
2026-06-01 22:14:30,274 [INFO] detector: Window info set — origin=(-1, 33)  size=1512x884  scale=1.0
2026-06-01 22:14:30,775 [INFO] detector: Window info set — origin=(-1, 33)  size=1512x884  scale=1.0
2026-06-01 22:14:30,808 [INFO] macro: State: Casting → Waiting for Bite
2026-06-01 22:14:31,097 [INFO] macro: Bite confirmed — fish on the line!
2026-06-01 22:14:31,201 [INFO] macro: State: Waiting for Bite → Reeling
2026-06-01 22:14:31,279 [INFO] detector: Window info set — origin=(-1, 33)  size=1512x884  scale=1.0
2026-06-01 22:14:31,780 [INFO] detector: Window info set — origin=(-1, 33)  size=1512x884  scale=1.0
2026-06-01 22:14:31,909 [INFO] macro: State: Reeling → Catch Complete
2026-06-01 22:14:32,281 [INFO] detector: Window info set — origin=(-1, 33)  size=1512x884  scale=1.0
2026-06-01 22:14:32,783 [INFO] detector: Window info set — origin=(-1, 33)  size=1512x884  scale=1.0
2026-06-01 22:14:33,288 [INFO] detector: Window info set — origin=(-1, 33)  size=1512x884  scale=1.0
2026-06-01 22:14:33,790 [INFO] detector: Window info set — origin=(-1, 33)  size=1512x884  scale=1.0
2026-06-01 22:14:34,291 [INFO] detector: Window info set — origin=(-1, 33)  size=1512x884  scale=1.0
2026-06-01 22:14:34,627 [INFO] macro: State: Catch Complete → Casting
2026-06-01 22:14:34,793 [INFO] detector: Window info set — origin=(-1, 33)  size=1512x884  scale=1.0
2026-06-01 22:14:35,297 [INFO] detector: Window info set — origin=(-1, 33)  size=1512x884  scale=1.0
2026-06-01 22:14:35,798 [INFO] detector: Window info set — origin=(-1, 33)  size=1512x884  scale=1.0
2026-06-01 22:14:36,239 [INFO] macro: State: Casting → Waiting for Bite
2026-06-01 22:14:36,299 [INFO] detector: Window info set — origin=(-1, 33)  size=1512x884  scale=1.0
2026-06-01 22:14:36,306 [INFO] macro: Bite confirmed — fish on the line!
2026-06-01 22:14:36,423 [INFO] macro: State: Waiting for Bite → Reeling
2026-06-01 22:14:36,800 [INFO] detector: Window info set — origin=(-1, 33)  size=1512x884  scale=1.0
2026-06-01 22:14:37,302 [INFO] detector: Window info set — origin=(-1, 33)  size=1512x884  scale=1.0
2026-06-01 22:14:37,804 [INFO] detector: Window info set — origin=(-1, 33)  size=1512x884  scale=1.0
2026-06-01 22:14:38,305 [INFO] detector: Window info set — origin=(-1, 33)  size=1512x884  scale=1.0
2026-06-01 22:14:38,806 [INFO] detector: Window info set — origin=(-1, 33)  size=1512x884  scale=1.0
2026-06-01 22:14:39,308 [INFO] detector: Window info set — origin=(-1, 33)  size=1512x884  scale=1.0
2026-06-01 22:14:39,808 [INFO] detector: Window info set — origin=(-1, 33)  size=1512x884  scale=1.0
2026-06-01 22:14:40,310 [INFO] detector: Window info set — origin=(-1, 33)  size=1512x884  scale=1.0
2026-06-01 22:14:40,811 [INFO] detector: Window info set — origin=(-1, 33)  size=1512x884  scale=1.0
2026-06-01 22:14:41,313 [INFO] detector: Window info set — origin=(-1, 33)  size=1512x884  scale=1.0
2026-06-01 22:14:41,814 [INFO] detector: Window info set — origin=(-1, 33)  size=1512x884  scale=1.0
2026-06-01 22:14:42,314 [INFO] detector: Window info set — origin=(-1, 33)  size=1512x884  scale=1.0
2026-06-01 22:14:42,816 [INFO] detector: Window info set — origin=(-1, 33)  size=1512x884  scale=1.0
2026-06-01 22:14:43,319 [INFO] detector: Window info set — origin=(-1, 33)  size=1512x884  scale=1.0
2026-06-01 22:14:43,820 [INFO] detector: Window info set — origin=(-1, 33)  size=1512x884  scale=1.0
2026-06-01 22:14:44,322 [INFO] detector: Window info set — origin=(-1, 33)  size=1512x884  scale=1.0
2026-06-01 22:14:44,823 [INFO] detector: Window info set — origin=(-1, 33)  size=1512x884  scale=1.0
2026-06-01 22:14:45,325 [INFO] detector: Window info set — origin=(-1, 33)  size=1512x884  scale=1.0
2026-06-01 22:14:45,826 [INFO] detector: Window info set — origin=(-1, 33)  size=1512x884  scale=1.0
2026-06-01 22:14:46,327 [INFO] detector: Window info set — origin=(-1, 33)  size=1512x884  scale=1.0
2026-06-01 22:14:46,828 [INFO] detector: Window info set — origin=(-1, 33)  size=1512x884  scale=1.0
2026-06-01 22:14:47,329 [INFO] detector: Window info set — origin=(-1, 33)  size=1512x884  scale=1.0
2026-06-01 22:14:47,831 [INFO] detector: Window info set — origin=(-1, 33)  size=1512x884  scale=1.0
2026-06-01 22:14:48,332 [INFO] detector: Window info set — origin=(-1, 33)  size=1512x884  scale=1.0
2026-06-01 22:14:48,833 [INFO] detector: Window info set — origin=(-1, 33)  size=1512x884  scale=1.0
2026-06-01 22:14:49,337 [INFO] detector: Window info set — origin=(-1, 33)  size=1512x884  scale=1.0
2026-06-01 22:14:49,838 [INFO] detector: Window info set — origin=(-1, 33)  size=1512x884  scale=1.0
2026-06-01 22:14:50,339 [INFO] detector: Window info set — origin=(-1, 33)  size=1512x884  scale=1.0
2026-06-01 22:14:50,841 [INFO] detector: Window info set — origin=(-1, 33)  size=1512x884  scale=1.0
2026-06-01 22:14:50,842 [INFO] macro: State: Reeling → Catch Complete
2026-06-01 22:14:51,346 [INFO] detector: Window info set — origin=(-1, 33)  size=1512x884  scale=1.0
2026-06-01 22:14:51,848 [INFO] detector: Window info set — origin=(-1, 33)  size=1512x884  scale=1.0
2026-06-01 22:14:52,349 [INFO] detector: Window info set — origin=(-1, 33)  size=1512x884  scale=1.0
2026-06-01 22:14:52,851 [INFO] detector: Window info set — origin=(-1, 33)  size=1512x884  scale=1.0
2026-06-01 22:14:53,355 [INFO] detector: Window info set — origin=(-1, 33)  size=1512x884  scale=1.0
2026-06-01 22:14:53,561 [INFO] macro: State: Catch Complete → Casting
2026-06-01 22:14:53,856 [INFO] detector: Window info set — origin=(-1, 33)  size=1512x884  scale=1.0
2026-06-01 22:14:54,358 [INFO] detector: Window info set — origin=(-1, 33)  size=1512x884  scale=1.0
2026-06-01 22:14:54,859 [INFO] detector: Window info set — origin=(-1, 33)  size=1512x884  scale=1.0
2026-06-01 22:14:55,317 [INFO] macro: State: Casting → Waiting for Bite
2026-06-01 22:14:55,363 [INFO] detector: Window info set — origin=(-1, 33)  size=1512x884  scale=1.0
2026-06-01 22:14:55,684 [INFO] macro: Bite confirmed — fish on the line!
2026-06-01 22:14:55,702 [INFO] macro: State: Waiting for Bite → Reeling
2026-06-01 22:14:55,864 [INFO] detector: Window info set — origin=(-1, 33)  size=1512x884  scale=1.0
2026-06-01 22:14:56,366 [INFO] detector: Window info set — origin=(-1, 33)  size=1512x884  scale=1.0
2026-06-01 22:14:56,559 [INFO] macro: State: Reeling → Catch Complete
2026-06-01 22:14:56,867 [INFO] detector: Window info set — origin=(-1, 33)  size=1512x884  scale=1.0
2026-06-01 22:14:57,370 [INFO] detector: Window info set — origin=(-1, 33)  size=1512x884  scale=1.0
2026-06-01 22:14:57,872 [INFO] detector: Window info set — origin=(-1, 33)  size=1512x884  scale=1.0
2026-06-01 22:14:58,373 [INFO] detector: Window info set — origin=(-1, 33)  size=1512x884  scale=1.0
2026-06-01 22:14:58,874 [INFO] detector: Window info set — origin=(-1, 33)  size=1512x884  scale=1.0
2026-06-01 22:14:59,284 [INFO] macro: State: Catch Complete → Casting
2026-06-01 22:14:59,378 [INFO] detector: Window info set — origin=(-1, 33)  size=1512x884  scale=1.0
2026-06-01 22:14:59,879 [INFO] detector: Window info set — origin=(-1, 33)  size=1512x884  scale=1.0
2026-06-01 22:15:00,381 [INFO] detector: Window info set — origin=(-1, 33)  size=1512x884  scale=1.0
2026-06-01 22:15:00,883 [INFO] detector: Window info set — origin=(-1, 33)  size=1512x884  scale=1.0
2026-06-01 22:15:00,910 [INFO] macro: State: Casting → Waiting for Bite
2026-06-01 22:15:00,985 [INFO] macro: Bite confirmed — fish on the line!
2026-06-01 22:15:00,985 [INFO] macro: State: Waiting for Bite → Reeling
2026-06-01 22:15:01,386 [INFO] detector: Window info set — origin=(-1, 33)  size=1512x884  scale=1.0
2026-06-01 22:15:01,887 [INFO] detector: Window info set — origin=(-1, 33)  size=1512x884  scale=1.0
2026-06-01 22:15:02,388 [INFO] detector: Window info set — origin=(-1, 33)  size=1512x884  scale=1.0
2026-06-01 22:15:02,877 [INFO] macro: State: Reeling → Catch Complete
2026-06-01 22:15:02,891 [INFO] detector: Window info set — origin=(-1, 33)  size=1512x884  scale=1.0
2026-06-01 22:15:03,396 [INFO] detector: Window info set — origin=(-1, 33)  size=1512x884  scale=1.0
2026-06-01 22:15:03,898 [INFO] detector: Window info set — origin=(-1, 33)  size=1512x884  scale=1.0
2026-06-01 22:15:04,400 [INFO] detector: Window info set — origin=(-1, 33)  size=1512x884  scale=1.0
2026-06-01 22:15:04,902 [INFO] detector: Window info set — origin=(-1, 33)  size=1512x884  scale=1.0
2026-06-01 22:15:05,404 [INFO] detector: Window info set — origin=(-1, 33)  size=1512x884  scale=1.0
2026-06-01 22:15:05,591 [INFO] macro: State: Catch Complete → Casting
2026-06-01 22:15:05,906 [INFO] detector: Window info set — origin=(-1, 33)  size=1512x884  scale=1.0
2026-06-01 22:15:06,407 [INFO] detector: Window info set — origin=(-1, 33)  size=1512x884  scale=1.0
2026-06-01 22:15:06,908 [INFO] detector: Window info set — origin=(-1, 33)  size=1512x884  scale=1.0
2026-06-01 22:15:07,215 [INFO] macro: State: Casting → Waiting for Bite
2026-06-01 22:15:07,412 [INFO] detector: Window info set — origin=(-1, 33)  size=1512x884  scale=1.0
2026-06-01 22:15:07,518 [INFO] macro: Bite confirmed — fish on the line!
2026-06-01 22:15:07,518 [INFO] macro: State: Waiting for Bite → Reeling
2026-06-01 22:15:07,913 [INFO] detector: Window info set — origin=(-1, 33)  size=1512x884  scale=1.0
2026-06-01 22:15:08,368 [INFO] macro: State: Reeling → Catch Complete
2026-06-01 22:15:08,414 [INFO] detector: Window info set — origin=(-1, 33)  size=1512x884  scale=1.0
2026-06-01 22:15:08,916 [INFO] detector: Window info set — origin=(-1, 33)  size=1512x884  scale=1.0
2026-06-01 22:15:09,421 [INFO] detector: Window info set — origin=(-1, 33)  size=1512x884  scale=1.0
2026-06-01 22:15:09,923 [INFO] detector: Window info set — origin=(-1, 33)  size=1512x884  scale=1.0
2026-06-01 22:15:10,424 [INFO] detector: Window info set — origin=(-1, 33)  size=1512x884  scale=1.0
2026-06-01 22:15:10,926 [INFO] detector: Window info set — origin=(-1, 33)  size=1512x884  scale=1.0
2026-06-01 22:15:11,088 [INFO] macro: State: Catch Complete → Casting
2026-06-01 22:15:11,430 [INFO] detector: Window info set — origin=(-1, 33)  size=1512x884  scale=1.0
2026-06-01 22:15:11,931 [INFO] detector: Window info set — origin=(-1, 33)  size=1512x884  scale=1.0
2026-06-01 22:15:12,432 [INFO] detector: Window info set — origin=(-1, 33)  size=1512x884  scale=1.0
2026-06-01 22:15:12,791 [INFO] macro: State: Casting → Waiting for Bite
2026-06-01 22:15:12,846 [INFO] macro: Bite confirmed — fish on the line!
2026-06-01 22:15:12,847 [INFO] macro: State: Waiting for Bite → Reeling
2026-06-01 22:15:12,933 [INFO] detector: Window info set — origin=(-1, 33)  size=1512x884  scale=1.0
2026-06-01 22:15:13,435 [INFO] detector: Window info set — origin=(-1, 33)  size=1512x884  scale=1.0
2026-06-01 22:15:13,937 [INFO] detector: Window info set — origin=(-1, 33)  size=1512x884  scale=1.0
2026-06-01 22:15:14,438 [INFO] detector: Window info set — origin=(-1, 33)  size=1512x884  scale=1.0
2026-06-01 22:15:14,939 [INFO] detector: Window info set — origin=(-1, 33)  size=1512x884  scale=1.0
2026-06-01 22:15:15,442 [INFO] detector: Window info set — origin=(-1, 33)  size=1512x884  scale=1.0
2026-06-01 22:15:15,943 [INFO] detector: Window info set — origin=(-1, 33)  size=1512x884  scale=1.0
2026-06-01 22:15:16,444 [INFO] detector: Window info set — origin=(-1, 33)  size=1512x884  scale=1.0
2026-06-01 22:15:16,945 [INFO] detector: Window info set — origin=(-1, 33)  size=1512x884  scale=1.0
2026-06-01 22:15:17,447 [INFO] detector: Window info set — origin=(-1, 33)  size=1512x884  scale=1.0
2026-06-01 22:15:17,949 [INFO] detector: Window info set — origin=(-1, 33)  size=1512x884  scale=1.0
2026-06-01 22:15:18,450 [INFO] detector: Window info set — origin=(-1, 33)  size=1512x884  scale=1.0
2026-06-01 22:15:18,951 [INFO] detector: Window info set — origin=(-1, 33)  size=1512x884  scale=1.0
2026-06-01 22:15:19,453 [INFO] detector: Window info set — origin=(-1, 33)  size=1512x884  scale=1.0
2026-06-01 22:15:19,954 [INFO] detector: Window info set — origin=(-1, 33)  size=1512x884  scale=1.0
2026-06-01 22:15:20,455 [INFO] detector: Window info set — origin=(-1, 33)  size=1512x884  scale=1.0
2026-06-01 22:15:20,956 [INFO] detector: Window info set — origin=(-1, 33)  size=1512x884  scale=1.0
2026-06-01 22:15:21,459 [INFO] detector: Window info set — origin=(-1, 33)  size=1512x884  scale=1.0
2026-06-01 22:15:21,961 [INFO] detector: Window info set — origin=(-1, 33)  size=1512x884  scale=1.0
2026-06-01 22:15:22,462 [INFO] detector: Window info set — origin=(-1, 33)  size=1512x884  scale=1.0
2026-06-01 22:15:22,963 [INFO] detector: Window info set — origin=(-1, 33)  size=1512x884  scale=1.0
2026-06-01 22:15:23,465 [INFO] detector: Window info set — origin=(-1, 33)  size=1512x884  scale=1.0
2026-06-01 22:15:23,966 [INFO] detector: Window info set — origin=(-1, 33)  size=1512x884  scale=1.0
2026-06-01 22:15:24,468 [INFO] detector: Window info set — origin=(-1, 33)  size=1512x884  scale=1.0
2026-06-01 22:15:24,968 [INFO] detector: Window info set — origin=(-1, 33)  size=1512x884  scale=1.0
2026-06-01 22:15:25,470 [INFO] detector: Window info set — origin=(-1, 33)  size=1512x884  scale=1.0
2026-06-01 22:15:25,971 [INFO] detector: Window info set — origin=(-1, 33)  size=1512x884  scale=1.0
2026-06-01 22:15:26,367 [INFO] macro: State: Reeling → Catch Complete
2026-06-01 22:15:26,472 [INFO] detector: Window info set — origin=(-1, 33)  size=1512x884  scale=1.0
2026-06-01 22:15:26,974 [INFO] detector: Window info set — origin=(-1, 33)  size=1512x884  scale=1.0
2026-06-01 22:15:27,479 [INFO] detector: Window info set — origin=(-1, 33)  size=1512x884  scale=1.0
2026-06-01 22:15:27,980 [INFO] detector: Window info set — origin=(-1, 33)  size=1512x884  scale=1.0
2026-06-01 22:15:28,482 [INFO] detector: Window info set — origin=(-1, 33)  size=1512x884  scale=1.0
2026-06-01 22:15:28,983 [INFO] detector: Window info set — origin=(-1, 33)  size=1512x884  scale=1.0
2026-06-01 22:15:29,116 [INFO] macro: State: Catch Complete → Casting
2026-06-01 22:15:29,488 [INFO] detector: Window info set — origin=(-1, 33)  size=1512x884  scale=1.0
2026-06-01 22:15:29,488 [INFO] controller: Global hotkey pressed: f6
2026-06-01 22:15:29,513 [INFO] controller: Controller stopped.
2026-06-01 22:15:29,513 [INFO] macro: State: Casting → Stopped
2026-06-01 22:15:29,580 [INFO] macro: Macro loop ended (stop requested)
2026-06-01 22:15:32,514 [INFO] macro: Macro engine stopped
2026-06-01 22:20:26,473 [INFO] controller: Global hotkey pressed: f6
2026-06-01 22:20:26,500 [INFO] detector: Window info set — origin=(-1, 33)  size=1512x884  scale=1.0
2026-06-01 22:20:26,502 [INFO] controller: Controller started.
2026-06-01 22:20:26,503 [INFO] macro: State: Stopped → Casting
2026-06-01 22:20:26,503 [INFO] macro: Macro engine started
2026-06-01 22:20:27,000 [INFO] detector: Window info set — origin=(-1, 33)  size=1512x884  scale=1.0
2026-06-01 22:20:27,504 [INFO] detector: Window info set — origin=(-1, 33)  size=1512x884  scale=1.0
2026-06-01 22:20:28,006 [INFO] detector: Window info set — origin=(-1, 33)  size=1512x884  scale=1.0
2026-06-01 22:20:28,100 [INFO] macro: State: Casting → Waiting for Bite
2026-06-01 22:20:28,273 [INFO] macro: Bite confirmed — fish on the line!
2026-06-01 22:20:28,419 [INFO] macro: State: Waiting for Bite → Reeling
2026-06-01 22:20:28,507 [INFO] detector: Window info set — origin=(-1, 33)  size=1512x884  scale=1.0
2026-06-01 22:20:29,009 [INFO] detector: Window info set — origin=(-1, 33)  size=1512x884  scale=1.0
2026-06-01 22:20:29,156 [INFO] macro: State: Reeling → Catch Complete
2026-06-01 22:20:29,511 [INFO] detector: Window info set — origin=(-1, 33)  size=1512x884  scale=1.0
2026-06-01 22:20:30,012 [INFO] detector: Window info set — origin=(-1, 33)  size=1512x884  scale=1.0
2026-06-01 22:20:30,513 [INFO] detector: Window info set — origin=(-1, 33)  size=1512x884  scale=1.0
2026-06-01 22:20:31,015 [INFO] detector: Window info set — origin=(-1, 33)  size=1512x884  scale=1.0
2026-06-01 22:20:31,520 [INFO] detector: Window info set — origin=(-1, 33)  size=1512x884  scale=1.0
2026-06-01 22:20:31,882 [INFO] macro: State: Catch Complete → Casting
2026-06-01 22:20:32,022 [INFO] detector: Window info set — origin=(-1, 33)  size=1512x884  scale=1.0
2026-06-01 22:20:32,523 [INFO] detector: Window info set — origin=(-1, 33)  size=1512x884  scale=1.0
2026-06-01 22:20:33,024 [INFO] detector: Window info set — origin=(-1, 33)  size=1512x884  scale=1.0
2026-06-01 22:20:33,524 [INFO] macro: State: Casting → Waiting for Bite
2026-06-01 22:20:33,527 [INFO] detector: Window info set — origin=(-1, 33)  size=1512x884  scale=1.0
2026-06-01 22:20:33,591 [INFO] macro: Bite confirmed — fish on the line!
2026-06-01 22:20:33,591 [INFO] macro: State: Waiting for Bite → Reeling
2026-06-01 22:20:34,028 [INFO] detector: Window info set — origin=(-1, 33)  size=1512x884  scale=1.0
2026-06-01 22:20:34,530 [INFO] detector: Window info set — origin=(-1, 33)  size=1512x884  scale=1.0
2026-06-01 22:20:35,031 [INFO] detector: Window info set — origin=(-1, 33)  size=1512x884  scale=1.0
2026-06-01 22:20:35,534 [INFO] detector: Window info set — origin=(-1, 33)  size=1512x884  scale=1.0
2026-06-01 22:20:36,036 [INFO] detector: Window info set — origin=(-1, 33)  size=1512x884  scale=1.0
2026-06-01 22:20:36,537 [INFO] detector: Window info set — origin=(-1, 33)  size=1512x884  scale=1.0
2026-06-01 22:20:37,038 [INFO] detector: Window info set — origin=(-1, 33)  size=1512x884  scale=1.0
2026-06-01 22:20:37,540 [INFO] detector: Window info set — origin=(-1, 33)  size=1512x884  scale=1.0
2026-06-01 22:20:38,040 [INFO] detector: Window info set — origin=(-1, 33)  size=1512x884  scale=1.0
2026-06-01 22:20:38,542 [INFO] detector: Window info set — origin=(-1, 33)  size=1512x884  scale=1.0
2026-06-01 22:20:39,043 [INFO] detector: Window info set — origin=(-1, 33)  size=1512x884  scale=1.0
2026-06-01 22:20:39,545 [INFO] detector: Window info set — origin=(-1, 33)  size=1512x884  scale=1.0
2026-06-01 22:20:40,046 [INFO] detector: Window info set — origin=(-1, 33)  size=1512x884  scale=1.0
2026-06-01 22:20:40,548 [INFO] detector: Window info set — origin=(-1, 33)  size=1512x884  scale=1.0
2026-06-01 22:20:41,049 [INFO] detector: Window info set — origin=(-1, 33)  size=1512x884  scale=1.0
2026-06-01 22:20:41,551 [INFO] detector: Window info set — origin=(-1, 33)  size=1512x884  scale=1.0
2026-06-01 22:20:42,052 [INFO] detector: Window info set — origin=(-1, 33)  size=1512x884  scale=1.0
2026-06-01 22:20:42,553 [INFO] detector: Window info set — origin=(-1, 33)  size=1512x884  scale=1.0
2026-06-01 22:20:43,054 [INFO] detector: Window info set — origin=(-1, 33)  size=1512x884  scale=1.0
2026-06-01 22:20:43,555 [INFO] detector: Window info set — origin=(-1, 33)  size=1512x884  scale=1.0
2026-06-01 22:20:44,057 [INFO] detector: Window info set — origin=(-1, 33)  size=1512x884  scale=1.0
2026-06-01 22:20:44,557 [INFO] detector: Window info set — origin=(-1, 33)  size=1512x884  scale=1.0
2026-06-01 22:20:45,058 [INFO] detector: Window info set — origin=(-1, 33)  size=1512x884  scale=1.0
2026-06-01 22:20:45,561 [INFO] detector: Window info set — origin=(-1, 33)  size=1512x884  scale=1.0
2026-06-01 22:20:46,063 [INFO] detector: Window info set — origin=(-1, 33)  size=1512x884  scale=1.0
2026-06-01 22:20:46,563 [INFO] detector: Window info set — origin=(-1, 33)  size=1512x884  scale=1.0
2026-06-01 22:20:47,064 [INFO] detector: Window info set — origin=(-1, 33)  size=1512x884  scale=1.0
2026-06-01 22:20:47,568 [INFO] detector: Window info set — origin=(-1, 33)  size=1512x884  scale=1.0
2026-06-01 22:20:48,069 [INFO] detector: Window info set — origin=(-1, 33)  size=1512x884  scale=1.0
2026-06-01 22:20:48,570 [INFO] detector: Window info set — origin=(-1, 33)  size=1512x884  scale=1.0
2026-06-01 22:20:49,071 [INFO] detector: Window info set — origin=(-1, 33)  size=1512x884  scale=1.0
2026-06-01 22:20:49,576 [INFO] detector: Window info set — origin=(-1, 33)  size=1512x884  scale=1.0
2026-06-01 22:20:50,077 [INFO] detector: Window info set — origin=(-1, 33)  size=1512x884  scale=1.0
2026-06-01 22:20:50,578 [INFO] detector: Window info set — origin=(-1, 33)  size=1512x884  scale=1.0
2026-06-01 22:20:51,080 [INFO] detector: Window info set — origin=(-1, 33)  size=1512x884  scale=1.0
2026-06-01 22:20:51,581 [INFO] detector: Window info set — origin=(-1, 33)  size=1512x884  scale=1.0
2026-06-01 22:20:52,082 [INFO] detector: Window info set — origin=(-1, 33)  size=1512x884  scale=1.0
2026-06-01 22:20:52,583 [INFO] detector: Window info set — origin=(-1, 33)  size=1512x884  scale=1.0
2026-06-01 22:20:53,085 [INFO] detector: Window info set — origin=(-1, 33)  size=1512x884  scale=1.0
2026-06-01 22:20:53,586 [INFO] detector: Window info set — origin=(-1, 33)  size=1512x884  scale=1.0
2026-06-01 22:20:53,726 [INFO] macro: State: Reeling → Catch Complete
2026-06-01 22:20:54,088 [INFO] detector: Window info set — origin=(-1, 33)  size=1512x884  scale=1.0
2026-06-01 22:20:54,590 [INFO] detector: Window info set — origin=(-1, 33)  size=1512x884  scale=1.0
2026-06-01 22:20:55,090 [INFO] detector: Window info set — origin=(-1, 33)  size=1512x884  scale=1.0
2026-06-01 22:20:55,593 [INFO] detector: Window info set — origin=(-1, 33)  size=1512x884  scale=1.0
2026-06-01 22:20:56,095 [INFO] detector: Window info set — origin=(-1, 33)  size=1512x884  scale=1.0
2026-06-01 22:20:56,447 [INFO] macro: State: Catch Complete → Casting
2026-06-01 22:20:56,597 [INFO] detector: Window info set — origin=(-1, 33)  size=1512x884  scale=1.0
2026-06-01 22:20:57,098 [INFO] detector: Window info set — origin=(-1, 33)  size=1512x884  scale=1.0
2026-06-01 22:20:57,603 [INFO] detector: Window info set — origin=(-1, 33)  size=1512x884  scale=1.0
2026-06-01 22:20:58,104 [INFO] detector: Window info set — origin=(-1, 33)  size=1512x884  scale=1.0
2026-06-01 22:20:58,141 [INFO] macro: State: Casting → Waiting for Bite
2026-06-01 22:20:58,446 [INFO] macro: Bite confirmed — fish on the line!
2026-06-01 22:20:58,546 [INFO] macro: State: Waiting for Bite → Reeling
2026-06-01 22:20:58,606 [INFO] detector: Window info set — origin=(-1, 33)  size=1512x884  scale=1.0
2026-06-01 22:20:59,107 [INFO] detector: Window info set — origin=(-1, 33)  size=1512x884  scale=1.0
2026-06-01 22:20:59,278 [INFO] macro: State: Reeling → Catch Complete
2026-06-01 22:20:59,610 [INFO] detector: Window info set — origin=(-1, 33)  size=1512x884  scale=1.0
2026-06-01 22:21:00,112 [INFO] detector: Window info set — origin=(-1, 33)  size=1512x884  scale=1.0
2026-06-01 22:21:00,613 [INFO] detector: Window info set — origin=(-1, 33)  size=1512x884  scale=1.0
2026-06-01 22:21:01,115 [INFO] detector: Window info set — origin=(-1, 33)  size=1512x884  scale=1.0
2026-06-01 22:21:01,620 [INFO] detector: Window info set — origin=(-1, 33)  size=1512x884  scale=1.0
2026-06-01 22:21:01,981 [INFO] macro: State: Catch Complete → Casting
2026-06-01 22:21:02,122 [INFO] detector: Window info set — origin=(-1, 33)  size=1512x884  scale=1.0
2026-06-01 22:21:02,624 [INFO] detector: Window info set — origin=(-1, 33)  size=1512x884  scale=1.0
2026-06-01 22:21:03,125 [INFO] detector: Window info set — origin=(-1, 33)  size=1512x884  scale=1.0
2026-06-01 22:21:03,601 [INFO] macro: State: Casting → Waiting for Bite
2026-06-01 22:21:03,628 [INFO] detector: Window info set — origin=(-1, 33)  size=1512x884  scale=1.0
2026-06-01 22:21:03,681 [INFO] macro: Bite confirmed — fish on the line!
2026-06-01 22:21:03,769 [INFO] macro: State: Waiting for Bite → Reeling
2026-06-01 22:21:04,130 [INFO] detector: Window info set — origin=(-1, 33)  size=1512x884  scale=1.0
2026-06-01 22:21:04,631 [INFO] detector: Window info set — origin=(-1, 33)  size=1512x884  scale=1.0
2026-06-01 22:21:05,132 [INFO] detector: Window info set — origin=(-1, 33)  size=1512x884  scale=1.0
2026-06-01 22:21:05,634 [INFO] detector: Window info set — origin=(-1, 33)  size=1512x884  scale=1.0
2026-06-01 22:21:06,135 [INFO] detector: Window info set — origin=(-1, 33)  size=1512x884  scale=1.0
2026-06-01 22:21:06,386 [INFO] macro: State: Reeling → Catch Complete
2026-06-01 22:21:06,636 [INFO] detector: Window info set — origin=(-1, 33)  size=1512x884  scale=1.0
2026-06-01 22:21:07,138 [INFO] detector: Window info set — origin=(-1, 33)  size=1512x884  scale=1.0
2026-06-01 22:21:07,641 [INFO] detector: Window info set — origin=(-1, 33)  size=1512x884  scale=1.0
2026-06-01 22:21:08,142 [INFO] detector: Window info set — origin=(-1, 33)  size=1512x884  scale=1.0
2026-06-01 22:21:08,644 [INFO] detector: Window info set — origin=(-1, 33)  size=1512x884  scale=1.0
2026-06-01 22:21:09,103 [INFO] macro: State: Catch Complete → Casting
2026-06-01 22:21:09,146 [INFO] detector: Window info set — origin=(-1, 33)  size=1512x884  scale=1.0
2026-06-01 22:21:09,649 [INFO] detector: Window info set — origin=(-1, 33)  size=1512x884  scale=1.0
2026-06-01 22:21:10,151 [INFO] detector: Window info set — origin=(-1, 33)  size=1512x884  scale=1.0
2026-06-01 22:21:10,653 [INFO] detector: Window info set — origin=(-1, 33)  size=1512x884  scale=1.0
2026-06-01 22:21:10,777 [INFO] macro: State: Casting → Waiting for Bite
2026-06-01 22:21:11,097 [INFO] macro: Bite confirmed — fish on the line!
2026-06-01 22:21:11,153 [INFO] macro: State: Waiting for Bite → Reeling
2026-06-01 22:21:11,154 [INFO] detector: Window info set — origin=(-1, 33)  size=1512x884  scale=1.0
2026-06-01 22:21:11,656 [INFO] detector: Window info set — origin=(-1, 33)  size=1512x884  scale=1.0
2026-06-01 22:21:11,955 [INFO] macro: State: Reeling → Catch Complete
2026-06-01 22:21:12,157 [INFO] detector: Window info set — origin=(-1, 33)  size=1512x884  scale=1.0
2026-06-01 22:21:12,658 [INFO] detector: Window info set — origin=(-1, 33)  size=1512x884  scale=1.0
2026-06-01 22:21:13,160 [INFO] detector: Window info set — origin=(-1, 33)  size=1512x884  scale=1.0
2026-06-01 22:21:13,663 [INFO] detector: Window info set — origin=(-1, 33)  size=1512x884  scale=1.0
2026-06-01 22:21:14,165 [INFO] detector: Window info set — origin=(-1, 33)  size=1512x884  scale=1.0
2026-06-01 22:21:14,657 [INFO] macro: State: Catch Complete → Casting
2026-06-01 22:21:14,667 [INFO] detector: Window info set — origin=(-1, 33)  size=1512x884  scale=1.0
2026-06-01 22:21:15,168 [INFO] detector: Window info set — origin=(-1, 33)  size=1512x884  scale=1.0
2026-06-01 22:21:15,671 [INFO] detector: Window info set — origin=(-1, 33)  size=1512x884  scale=1.0
2026-06-01 22:21:16,172 [INFO] detector: Window info set — origin=(-1, 33)  size=1512x884  scale=1.0
2026-06-01 22:21:16,297 [INFO] macro: State: Casting → Waiting for Bite
2026-06-01 22:21:16,487 [INFO] macro: Bite confirmed — fish on the line!
2026-06-01 22:21:16,627 [INFO] macro: State: Waiting for Bite → Reeling
2026-06-01 22:21:16,674 [INFO] detector: Window info set — origin=(-1, 33)  size=1512x884  scale=1.0
2026-06-01 22:21:17,175 [INFO] detector: Window info set — origin=(-1, 33)  size=1512x884  scale=1.0
2026-06-01 22:21:17,677 [INFO] detector: Window info set — origin=(-1, 33)  size=1512x884  scale=1.0
2026-06-01 22:21:18,178 [INFO] detector: Window info set — origin=(-1, 33)  size=1512x884  scale=1.0
2026-06-01 22:21:18,679 [INFO] detector: Window info set — origin=(-1, 33)  size=1512x884  scale=1.0
2026-06-01 22:21:19,180 [INFO] detector: Window info set — origin=(-1, 33)  size=1512x884  scale=1.0
2026-06-01 22:21:19,682 [INFO] detector: Window info set — origin=(-1, 33)  size=1512x884  scale=1.0
2026-06-01 22:21:20,183 [INFO] detector: Window info set — origin=(-1, 33)  size=1512x884  scale=1.0
2026-06-01 22:21:20,685 [INFO] detector: Window info set — origin=(-1, 33)  size=1512x884  scale=1.0
2026-06-01 22:21:21,186 [INFO] detector: Window info set — origin=(-1, 33)  size=1512x884  scale=1.0
2026-06-01 22:21:21,688 [INFO] detector: Window info set — origin=(-1, 33)  size=1512x884  scale=1.0
2026-06-01 22:21:22,189 [INFO] detector: Window info set — origin=(-1, 33)  size=1512x884  scale=1.0
2026-06-01 22:21:22,690 [INFO] detector: Window info set — origin=(-1, 33)  size=1512x884  scale=1.0
2026-06-01 22:21:23,191 [INFO] detector: Window info set — origin=(-1, 33)  size=1512x884  scale=1.0
2026-06-01 22:21:23,694 [INFO] detector: Window info set — origin=(-1, 33)  size=1512x884  scale=1.0
2026-06-01 22:21:24,194 [INFO] detector: Window info set — origin=(-1, 33)  size=1512x884  scale=1.0
2026-06-01 22:21:24,696 [INFO] detector: Window info set — origin=(-1, 33)  size=1512x884  scale=1.0
2026-06-01 22:21:25,197 [INFO] detector: Window info set — origin=(-1, 33)  size=1512x884  scale=1.0
2026-06-01 22:21:25,699 [INFO] detector: Window info set — origin=(-1, 33)  size=1512x884  scale=1.0
2026-06-01 22:21:26,200 [INFO] detector: Window info set — origin=(-1, 33)  size=1512x884  scale=1.0
2026-06-01 22:21:26,701 [INFO] detector: Window info set — origin=(-1, 33)  size=1512x884  scale=1.0
2026-06-01 22:21:27,202 [INFO] detector: Window info set — origin=(-1, 33)  size=1512x884  scale=1.0
2026-06-01 22:21:27,705 [INFO] detector: Window info set — origin=(-1, 33)  size=1512x884  scale=1.0
2026-06-01 22:21:28,206 [INFO] detector: Window info set — origin=(-1, 33)  size=1512x884  scale=1.0
2026-06-01 22:21:28,707 [INFO] detector: Window info set — origin=(-1, 33)  size=1512x884  scale=1.0
2026-06-01 22:21:29,208 [INFO] detector: Window info set — origin=(-1, 33)  size=1512x884  scale=1.0
2026-06-01 22:21:29,710 [INFO] detector: Window info set — origin=(-1, 33)  size=1512x884  scale=1.0
2026-06-01 22:21:30,211 [INFO] detector: Window info set — origin=(-1, 33)  size=1512x884  scale=1.0
2026-06-01 22:21:30,713 [INFO] detector: Window info set — origin=(-1, 33)  size=1512x884  scale=1.0
2026-06-01 22:21:31,214 [INFO] detector: Window info set — origin=(-1, 33)  size=1512x884  scale=1.0
2026-06-01 22:21:31,721 [INFO] detector: Window info set — origin=(-1, 33)  size=1512x884  scale=1.0
2026-06-01 22:21:32,222 [INFO] detector: Window info set — origin=(-1, 33)  size=1512x884  scale=1.0
2026-06-01 22:21:32,724 [INFO] detector: Window info set — origin=(-1, 33)  size=1512x884  scale=1.0
2026-06-01 22:21:33,225 [INFO] detector: Window info set — origin=(-1, 33)  size=1512x884  scale=1.0
2026-06-01 22:21:33,726 [INFO] detector: Window info set — origin=(-1, 33)  size=1512x884  scale=1.0
2026-06-01 22:21:34,228 [INFO] detector: Window info set — origin=(-1, 33)  size=1512x884  scale=1.0
2026-06-01 22:21:34,729 [INFO] detector: Window info set — origin=(-1, 33)  size=1512x884  scale=1.0
2026-06-01 22:21:35,231 [INFO] detector: Window info set — origin=(-1, 33)  size=1512x884  scale=1.0
2026-06-01 22:21:35,736 [INFO] detector: Window info set — origin=(-1, 33)  size=1512x884  scale=1.0
2026-06-01 22:21:36,237 [INFO] detector: Window info set — origin=(-1, 33)  size=1512x884  scale=1.0
2026-06-01 22:21:36,738 [INFO] detector: Window info set — origin=(-1, 33)  size=1512x884  scale=1.0
2026-06-01 22:21:37,240 [INFO] detector: Window info set — origin=(-1, 33)  size=1512x884  scale=1.0
2026-06-01 22:21:37,743 [INFO] detector: Window info set — origin=(-1, 33)  size=1512x884  scale=1.0
2026-06-01 22:21:38,244 [INFO] detector: Window info set — origin=(-1, 33)  size=1512x884  scale=1.0
2026-06-01 22:21:38,746 [INFO] detector: Window info set — origin=(-1, 33)  size=1512x884  scale=1.0
2026-06-01 22:21:39,215 [INFO] macro: State: Reeling → Catch Complete
2026-06-01 22:21:39,247 [INFO] detector: Window info set — origin=(-1, 33)  size=1512x884  scale=1.0
2026-06-01 22:21:39,753 [INFO] detector: Window info set — origin=(-1, 33)  size=1512x884  scale=1.0
2026-06-01 22:21:40,254 [INFO] detector: Window info set — origin=(-1, 33)  size=1512x884  scale=1.0
2026-06-01 22:21:40,756 [INFO] detector: Window info set — origin=(-1, 33)  size=1512x884  scale=1.0
2026-06-01 22:21:41,257 [INFO] detector: Window info set — origin=(-1, 33)  size=1512x884  scale=1.0
2026-06-01 22:21:41,762 [INFO] detector: Window info set — origin=(-1, 33)  size=1512x884  scale=1.0
2026-06-01 22:21:41,926 [INFO] macro: State: Catch Complete → Casting
2026-06-01 22:21:42,264 [INFO] detector: Window info set — origin=(-1, 33)  size=1512x884  scale=1.0
2026-06-01 22:21:42,765 [INFO] detector: Window info set — origin=(-1, 33)  size=1512x884  scale=1.0
2026-06-01 22:21:43,266 [INFO] detector: Window info set — origin=(-1, 33)  size=1512x884  scale=1.0
2026-06-01 22:21:43,574 [INFO] macro: State: Casting → Waiting for Bite
2026-06-01 22:21:43,769 [INFO] detector: Window info set — origin=(-1, 33)  size=1512x884  scale=1.0
2026-06-01 22:21:43,866 [INFO] macro: Bite confirmed — fish on the line!
2026-06-01 22:21:43,866 [INFO] macro: State: Waiting for Bite → Reeling
2026-06-01 22:21:44,269 [INFO] detector: Window info set — origin=(-1, 33)  size=1512x884  scale=1.0
2026-06-01 22:21:44,757 [INFO] macro: State: Reeling → Catch Complete
2026-06-01 22:21:44,771 [INFO] detector: Window info set — origin=(-1, 33)  size=1512x884  scale=1.0
2026-06-01 22:21:45,273 [INFO] detector: Window info set — origin=(-1, 33)  size=1512x884  scale=1.0
2026-06-01 22:21:45,778 [INFO] detector: Window info set — origin=(-1, 33)  size=1512x884  scale=1.0
2026-06-01 22:21:46,279 [INFO] detector: Window info set — origin=(-1, 33)  size=1512x884  scale=1.0
2026-06-01 22:21:46,781 [INFO] detector: Window info set — origin=(-1, 33)  size=1512x884  scale=1.0
2026-06-01 22:21:47,282 [INFO] detector: Window info set — origin=(-1, 33)  size=1512x884  scale=1.0
2026-06-01 22:21:47,463 [INFO] macro: State: Catch Complete → Casting
2026-06-01 22:21:47,786 [INFO] detector: Window info set — origin=(-1, 33)  size=1512x884  scale=1.0
2026-06-01 22:21:48,288 [INFO] detector: Window info set — origin=(-1, 33)  size=1512x884  scale=1.0
2026-06-01 22:21:48,790 [INFO] detector: Window info set — origin=(-1, 33)  size=1512x884  scale=1.0
2026-06-01 22:21:49,291 [INFO] detector: Window info set — origin=(-1, 33)  size=1512x884  scale=1.0
2026-06-01 22:21:49,369 [INFO] macro: State: Casting → Waiting for Bite
2026-06-01 22:21:49,438 [INFO] macro: Bite confirmed — fish on the line!
2026-06-01 22:21:49,438 [INFO] macro: State: Waiting for Bite → Reeling
2026-06-01 22:21:49,793 [INFO] detector: Window info set — origin=(-1, 33)  size=1512x884  scale=1.0
2026-06-01 22:21:50,294 [INFO] detector: Window info set — origin=(-1, 33)  size=1512x884  scale=1.0
2026-06-01 22:21:50,333 [INFO] macro: State: Reeling → Catch Complete
2026-06-01 22:21:50,795 [INFO] detector: Window info set — origin=(-1, 33)  size=1512x884  scale=1.0
2026-06-01 22:21:51,297 [INFO] detector: Window info set — origin=(-1, 33)  size=1512x884  scale=1.0
2026-06-01 22:21:51,803 [INFO] detector: Window info set — origin=(-1, 33)  size=1512x884  scale=1.0
2026-06-01 22:21:52,304 [INFO] detector: Window info set — origin=(-1, 33)  size=1512x884  scale=1.0
2026-06-01 22:21:52,806 [INFO] detector: Window info set — origin=(-1, 33)  size=1512x884  scale=1.0
2026-06-01 22:21:53,047 [INFO] macro: State: Catch Complete → Casting
2026-06-01 22:21:53,307 [INFO] detector: Window info set — origin=(-1, 33)  size=1512x884  scale=1.0
2026-06-01 22:21:53,811 [INFO] detector: Window info set — origin=(-1, 33)  size=1512x884  scale=1.0
2026-06-01 22:21:54,313 [INFO] detector: Window info set — origin=(-1, 33)  size=1512x884  scale=1.0
2026-06-01 22:21:54,814 [INFO] detector: Window info set — origin=(-1, 33)  size=1512x884  scale=1.0
2026-06-01 22:21:54,824 [INFO] macro: State: Casting → Waiting for Bite
2026-06-01 22:21:55,173 [INFO] macro: Bite confirmed — fish on the line!
2026-06-01 22:21:55,203 [INFO] macro: State: Waiting for Bite → Reeling
2026-06-01 22:21:55,315 [INFO] detector: Window info set — origin=(-1, 33)  size=1512x884  scale=1.0
2026-06-01 22:21:55,753 [INFO] macro: State: Reeling → Catch Complete
2026-06-01 22:21:55,819 [INFO] detector: Window info set — origin=(-1, 33)  size=1512x884  scale=1.0
2026-06-01 22:21:56,319 [INFO] detector: Window info set — origin=(-1, 33)  size=1512x884  scale=1.0
2026-06-01 22:21:56,820 [INFO] detector: Window info set — origin=(-1, 33)  size=1512x884  scale=1.0
2026-06-01 22:21:57,322 [INFO] detector: Window info set — origin=(-1, 33)  size=1512x884  scale=1.0
2026-06-01 22:21:57,828 [INFO] detector: Window info set — origin=(-1, 33)  size=1512x884  scale=1.0
2026-06-01 22:21:58,329 [INFO] detector: Window info set — origin=(-1, 33)  size=1512x884  scale=1.0
2026-06-01 22:21:58,458 [INFO] macro: State: Catch Complete → Casting
2026-06-01 22:21:58,831 [INFO] detector: Window info set — origin=(-1, 33)  size=1512x884  scale=1.0
2026-06-01 22:21:59,332 [INFO] detector: Window info set — origin=(-1, 33)  size=1512x884  scale=1.0
2026-06-01 22:21:59,835 [INFO] detector: Window info set — origin=(-1, 33)  size=1512x884  scale=1.0
2026-06-01 22:22:00,252 [INFO] macro: State: Casting → Waiting for Bite
2026-06-01 22:22:00,336 [INFO] detector: Window info set — origin=(-1, 33)  size=1512x884  scale=1.0
2026-06-01 22:22:00,396 [INFO] macro: Bite confirmed — fish on the line!
2026-06-01 22:22:00,427 [INFO] macro: State: Waiting for Bite → Reeling
2026-06-01 22:22:00,613 [INFO] macro: State: Reeling → Catch Complete
2026-06-01 22:22:00,837 [INFO] detector: Window info set — origin=(-1, 33)  size=1512x884  scale=1.0
2026-06-01 22:22:01,339 [INFO] detector: Window info set — origin=(-1, 33)  size=1512x884  scale=1.0
2026-06-01 22:22:01,845 [INFO] detector: Window info set — origin=(-1, 33)  size=1512x884  scale=1.0
2026-06-01 22:22:02,347 [INFO] detector: Window info set — origin=(-1, 33)  size=1512x884  scale=1.0
2026-06-01 22:22:02,848 [INFO] detector: Window info set — origin=(-1, 33)  size=1512x884  scale=1.0
2026-06-01 22:22:03,328 [INFO] macro: State: Catch Complete → Casting
2026-06-01 22:22:03,349 [INFO] detector: Window info set — origin=(-1, 33)  size=1512x884  scale=1.0
2026-06-01 22:22:03,854 [INFO] detector: Window info set — origin=(-1, 33)  size=1512x884  scale=1.0
2026-06-01 22:22:04,355 [INFO] detector: Window info set — origin=(-1, 33)  size=1512x884  scale=1.0
2026-06-01 22:22:04,856 [INFO] detector: Window info set — origin=(-1, 33)  size=1512x884  scale=1.0
2026-06-01 22:22:04,952 [INFO] macro: State: Casting → Waiting for Bite
2026-06-01 22:22:05,300 [INFO] macro: Bite confirmed — fish on the line!
2026-06-01 22:22:05,300 [INFO] macro: State: Waiting for Bite → Reeling
2026-06-01 22:22:05,357 [INFO] detector: Window info set — origin=(-1, 33)  size=1512x884  scale=1.0
2026-06-01 22:22:05,695 [INFO] macro: State: Reeling → Catch Complete
2026-06-01 22:22:05,861 [INFO] detector: Window info set — origin=(-1, 33)  size=1512x884  scale=1.0
2026-06-01 22:22:06,362 [INFO] detector: Window info set — origin=(-1, 33)  size=1512x884  scale=1.0
2026-06-01 22:22:06,863 [INFO] detector: Window info set — origin=(-1, 33)  size=1512x884  scale=1.0
2026-06-01 22:22:07,365 [INFO] detector: Window info set — origin=(-1, 33)  size=1512x884  scale=1.0
2026-06-01 22:22:07,868 [INFO] detector: Window info set — origin=(-1, 33)  size=1512x884  scale=1.0
2026-06-01 22:22:08,369 [INFO] detector: Window info set — origin=(-1, 33)  size=1512x884  scale=1.0
2026-06-01 22:22:08,408 [INFO] macro: State: Catch Complete → Casting
2026-06-01 22:22:08,870 [INFO] detector: Window info set — origin=(-1, 33)  size=1512x884  scale=1.0
2026-06-01 22:22:09,372 [INFO] detector: Window info set — origin=(-1, 33)  size=1512x884  scale=1.0
2026-06-01 22:22:09,877 [INFO] detector: Window info set — origin=(-1, 33)  size=1512x884  scale=1.0
2026-06-01 22:22:10,035 [INFO] macro: State: Casting → Waiting for Bite
2026-06-01 22:22:10,146 [INFO] macro: Bite confirmed — fish on the line!
2026-06-01 22:22:10,146 [INFO] macro: State: Waiting for Bite → Reeling
2026-06-01 22:22:10,378 [INFO] detector: Window info set — origin=(-1, 33)  size=1512x884  scale=1.0
2026-06-01 22:22:10,406 [INFO] macro: State: Reeling → Catch Complete
2026-06-01 22:22:10,880 [INFO] detector: Window info set — origin=(-1, 33)  size=1512x884  scale=1.0
2026-06-01 22:22:11,382 [INFO] detector: Window info set — origin=(-1, 33)  size=1512x884  scale=1.0
2026-06-01 22:22:11,886 [INFO] detector: Window info set — origin=(-1, 33)  size=1512x884  scale=1.0
2026-06-01 22:22:12,388 [INFO] detector: Window info set — origin=(-1, 33)  size=1512x884  scale=1.0
2026-06-01 22:22:12,890 [INFO] detector: Window info set — origin=(-1, 33)  size=1512x884  scale=1.0
2026-06-01 22:22:13,120 [INFO] macro: State: Catch Complete → Casting
2026-06-01 22:22:13,391 [INFO] detector: Window info set — origin=(-1, 33)  size=1512x884  scale=1.0
2026-06-01 22:22:13,895 [INFO] detector: Window info set — origin=(-1, 33)  size=1512x884  scale=1.0
2026-06-01 22:22:14,398 [INFO] detector: Window info set — origin=(-1, 33)  size=1512x884  scale=1.0
2026-06-01 22:22:14,744 [INFO] macro: State: Casting → Waiting for Bite
2026-06-01 22:22:14,899 [INFO] detector: Window info set — origin=(-1, 33)  size=1512x884  scale=1.0
2026-06-01 22:22:14,964 [INFO] macro: Bite confirmed — fish on the line!
2026-06-01 22:22:14,964 [INFO] macro: State: Waiting for Bite → Reeling
2026-06-01 22:22:15,215 [INFO] macro: State: Reeling → Catch Complete
2026-06-01 22:22:15,399 [INFO] detector: Window info set — origin=(-1, 33)  size=1512x884  scale=1.0
2026-06-01 22:22:15,903 [INFO] detector: Window info set — origin=(-1, 33)  size=1512x884  scale=1.0
2026-06-01 22:22:16,405 [INFO] detector: Window info set — origin=(-1, 33)  size=1512x884  scale=1.0
2026-06-01 22:22:16,906 [INFO] detector: Window info set — origin=(-1, 33)  size=1512x884  scale=1.0
2026-06-01 22:22:17,408 [INFO] detector: Window info set — origin=(-1, 33)  size=1512x884  scale=1.0
2026-06-01 22:22:17,911 [INFO] detector: Window info set — origin=(-1, 33)  size=1512x884  scale=1.0
2026-06-01 22:22:17,920 [INFO] macro: State: Catch Complete → Casting
2026-06-01 22:22:18,411 [INFO] detector: Window info set — origin=(-1, 33)  size=1512x884  scale=1.0
2026-06-01 22:22:18,913 [INFO] detector: Window info set — origin=(-1, 33)  size=1512x884  scale=1.0
2026-06-01 22:22:19,415 [INFO] detector: Window info set — origin=(-1, 33)  size=1512x884  scale=1.0
2026-06-01 22:22:19,744 [INFO] macro: State: Casting → Waiting for Bite
2026-06-01 22:22:19,811 [INFO] macro: Bite confirmed — fish on the line!
2026-06-01 22:22:19,917 [INFO] macro: State: Waiting for Bite → Reeling
2026-06-01 22:22:19,920 [INFO] detector: Window info set — origin=(-1, 33)  size=1512x884  scale=1.0
2026-06-01 22:22:20,422 [INFO] detector: Window info set — origin=(-1, 33)  size=1512x884  scale=1.0
2026-06-01 22:22:20,923 [INFO] detector: Window info set — origin=(-1, 33)  size=1512x884  scale=1.0
2026-06-01 22:22:21,424 [INFO] detector: Window info set — origin=(-1, 33)  size=1512x884  scale=1.0
2026-06-01 22:22:21,736 [INFO] macro: State: Reeling → Catch Complete
2026-06-01 22:22:21,928 [INFO] detector: Window info set — origin=(-1, 33)  size=1512x884  scale=1.0
2026-06-01 22:22:22,429 [INFO] detector: Window info set — origin=(-1, 33)  size=1512x884  scale=1.0
2026-06-01 22:22:22,931 [INFO] detector: Window info set — origin=(-1, 33)  size=1512x884  scale=1.0
2026-06-01 22:22:23,432 [INFO] detector: Window info set — origin=(-1, 33)  size=1512x884  scale=1.0
2026-06-01 22:22:23,936 [INFO] detector: Window info set — origin=(-1, 33)  size=1512x884  scale=1.0
2026-06-01 22:22:24,438 [INFO] detector: Window info set — origin=(-1, 33)  size=1512x884  scale=1.0
2026-06-01 22:22:24,444 [INFO] macro: State: Catch Complete → Casting
2026-06-01 22:22:24,940 [INFO] detector: Window info set — origin=(-1, 33)  size=1512x884  scale=1.0
2026-06-01 22:22:25,441 [INFO] detector: Window info set — origin=(-1, 33)  size=1512x884  scale=1.0
2026-06-01 22:22:25,944 [INFO] detector: Window info set — origin=(-1, 33)  size=1512x884  scale=1.0
2026-06-01 22:22:26,356 [INFO] macro: State: Casting → Waiting for Bite
2026-06-01 22:22:26,447 [INFO] detector: Window info set — origin=(-1, 33)  size=1512x884  scale=1.0
2026-06-01 22:22:26,514 [INFO] macro: Bite confirmed — fish on the line!
2026-06-01 22:22:26,514 [INFO] macro: State: Waiting for Bite → Reeling
2026-06-01 22:22:26,948 [INFO] detector: Window info set — origin=(-1, 33)  size=1512x884  scale=1.0
2026-06-01 22:22:26,964 [INFO] macro: State: Reeling → Catch Complete
2026-06-01 22:22:27,449 [INFO] detector: Window info set — origin=(-1, 33)  size=1512x884  scale=1.0
2026-06-01 22:22:27,953 [INFO] detector: Window info set — origin=(-1, 33)  size=1512x884  scale=1.0
2026-06-01 22:22:28,455 [INFO] detector: Window info set — origin=(-1, 33)  size=1512x884  scale=1.0
2026-06-01 22:22:28,956 [INFO] detector: Window info set — origin=(-1, 33)  size=1512x884  scale=1.0
2026-06-01 22:22:29,458 [INFO] detector: Window info set — origin=(-1, 33)  size=1512x884  scale=1.0
2026-06-01 22:22:29,680 [INFO] macro: State: Catch Complete → Casting
2026-06-01 22:22:29,961 [INFO] detector: Window info set — origin=(-1, 33)  size=1512x884  scale=1.0
2026-06-01 22:22:30,463 [INFO] detector: Window info set — origin=(-1, 33)  size=1512x884  scale=1.0
2026-06-01 22:22:30,964 [INFO] detector: Window info set — origin=(-1, 33)  size=1512x884  scale=1.0
2026-06-01 22:22:31,401 [INFO] macro: State: Casting → Waiting for Bite
2026-06-01 22:22:31,463 [INFO] macro: Bite confirmed — fish on the line!
2026-06-01 22:22:31,464 [INFO] macro: State: Waiting for Bite → Reeling
2026-06-01 22:22:31,464 [INFO] detector: Window info set — origin=(-1, 33)  size=1512x884  scale=1.0
2026-06-01 22:22:31,968 [INFO] detector: Window info set — origin=(-1, 33)  size=1512x884  scale=1.0
2026-06-01 22:22:32,469 [INFO] detector: Window info set — origin=(-1, 33)  size=1512x884  scale=1.0
2026-06-01 22:22:32,971 [INFO] detector: Window info set — origin=(-1, 33)  size=1512x884  scale=1.0
2026-06-01 22:22:33,472 [INFO] detector: Window info set — origin=(-1, 33)  size=1512x884  scale=1.0
2026-06-01 22:22:33,973 [INFO] detector: Window info set — origin=(-1, 33)  size=1512x884  scale=1.0
2026-06-01 22:22:34,475 [INFO] detector: Window info set — origin=(-1, 33)  size=1512x884  scale=1.0
2026-06-01 22:22:34,976 [INFO] detector: Window info set — origin=(-1, 33)  size=1512x884  scale=1.0
2026-06-01 22:22:35,477 [INFO] detector: Window info set — origin=(-1, 33)  size=1512x884  scale=1.0
2026-06-01 22:22:35,978 [INFO] detector: Window info set — origin=(-1, 33)  size=1512x884  scale=1.0
2026-06-01 22:22:36,479 [INFO] detector: Window info set — origin=(-1, 33)  size=1512x884  scale=1.0
2026-06-01 22:22:36,981 [INFO] detector: Window info set — origin=(-1, 33)  size=1512x884  scale=1.0
2026-06-01 22:22:37,482 [INFO] detector: Window info set — origin=(-1, 33)  size=1512x884  scale=1.0
2026-06-01 22:22:37,982 [INFO] macro: State: Reeling → Catch Complete
2026-06-01 22:22:37,984 [INFO] detector: Window info set — origin=(-1, 33)  size=1512x884  scale=1.0
2026-06-01 22:22:38,486 [INFO] detector: Window info set — origin=(-1, 33)  size=1512x884  scale=1.0
2026-06-01 22:22:38,987 [INFO] detector: Window info set — origin=(-1, 33)  size=1512x884  scale=1.0
2026-06-01 22:22:39,488 [INFO] detector: Window info set — origin=(-1, 33)  size=1512x884  scale=1.0
2026-06-01 22:22:39,994 [INFO] detector: Window info set — origin=(-1, 33)  size=1512x884  scale=1.0
2026-06-01 22:22:40,496 [INFO] detector: Window info set — origin=(-1, 33)  size=1512x884  scale=1.0
2026-06-01 22:22:40,706 [INFO] macro: State: Catch Complete → Casting
2026-06-01 22:22:40,997 [INFO] detector: Window info set — origin=(-1, 33)  size=1512x884  scale=1.0
2026-06-01 22:22:41,499 [INFO] detector: Window info set — origin=(-1, 33)  size=1512x884  scale=1.0
2026-06-01 22:22:42,003 [INFO] detector: Window info set — origin=(-1, 33)  size=1512x884  scale=1.0
2026-06-01 22:22:42,436 [INFO] macro: State: Casting → Waiting for Bite
2026-06-01 22:22:42,504 [INFO] detector: Window info set — origin=(-1, 33)  size=1512x884  scale=1.0
2026-06-01 22:22:42,572 [INFO] macro: Bite confirmed — fish on the line!
2026-06-01 22:22:42,572 [INFO] macro: State: Waiting for Bite → Reeling
2026-06-01 22:22:43,005 [INFO] detector: Window info set — origin=(-1, 33)  size=1512x884  scale=1.0
2026-06-01 22:22:43,506 [INFO] detector: Window info set — origin=(-1, 33)  size=1512x884  scale=1.0
2026-06-01 22:22:44,009 [INFO] detector: Window info set — origin=(-1, 33)  size=1512x884  scale=1.0
2026-06-01 22:22:44,511 [INFO] detector: Window info set — origin=(-1, 33)  size=1512x884  scale=1.0
2026-06-01 22:22:45,012 [INFO] detector: Window info set — origin=(-1, 33)  size=1512x884  scale=1.0
2026-06-01 22:22:45,513 [INFO] detector: Window info set — origin=(-1, 33)  size=1512x884  scale=1.0
2026-06-01 22:22:46,015 [INFO] detector: Window info set — origin=(-1, 33)  size=1512x884  scale=1.0
2026-06-01 22:22:46,516 [INFO] detector: Window info set — origin=(-1, 33)  size=1512x884  scale=1.0
2026-06-01 22:22:47,017 [INFO] detector: Window info set — origin=(-1, 33)  size=1512x884  scale=1.0
2026-06-01 22:22:47,518 [INFO] detector: Window info set — origin=(-1, 33)  size=1512x884  scale=1.0
2026-06-01 22:22:48,020 [INFO] detector: Window info set — origin=(-1, 33)  size=1512x884  scale=1.0
2026-06-01 22:22:48,522 [INFO] detector: Window info set — origin=(-1, 33)  size=1512x884  scale=1.0
2026-06-01 22:22:49,023 [INFO] detector: Window info set — origin=(-1, 33)  size=1512x884  scale=1.0
2026-06-01 22:22:49,524 [INFO] detector: Window info set — origin=(-1, 33)  size=1512x884  scale=1.0
2026-06-01 22:22:50,027 [INFO] detector: Window info set — origin=(-1, 33)  size=1512x884  scale=1.0
2026-06-01 22:22:50,529 [INFO] detector: Window info set — origin=(-1, 33)  size=1512x884  scale=1.0
2026-06-01 22:22:51,030 [INFO] detector: Window info set — origin=(-1, 33)  size=1512x884  scale=1.0
2026-06-01 22:22:51,531 [INFO] detector: Window info set — origin=(-1, 33)  size=1512x884  scale=1.0
2026-06-01 22:22:52,035 [INFO] detector: Window info set — origin=(-1, 33)  size=1512x884  scale=1.0
2026-06-01 22:22:52,538 [INFO] detector: Window info set — origin=(-1, 33)  size=1512x884  scale=1.0
2026-06-01 22:22:53,039 [INFO] detector: Window info set — origin=(-1, 33)  size=1512x884  scale=1.0
2026-06-01 22:22:53,540 [INFO] detector: Window info set — origin=(-1, 33)  size=1512x884  scale=1.0
2026-06-01 22:22:54,043 [INFO] detector: Window info set — origin=(-1, 33)  size=1512x884  scale=1.0
2026-06-01 22:22:54,544 [INFO] detector: Window info set — origin=(-1, 33)  size=1512x884  scale=1.0
2026-06-01 22:22:54,707 [INFO] macro: State: Reeling → Catch Complete
2026-06-01 22:22:54,769 [INFO] controller: Global hotkey pressed: f6
2026-06-01 22:22:54,770 [INFO] controller: Controller stopped.
2026-06-01 22:22:54,770 [INFO] macro: State: Catch Complete → Stopped
2026-06-01 22:22:54,885 [INFO] macro: Macro loop ended (stop requested)
2026-06-01 22:22:57,771 [INFO] macro: Macro engine stopped
2026-06-01 22:23:10,010 [INFO] main: Starting Fisch Macro...
2026-06-01 22:23:10,037 [INFO] main: Initializing configuration...
2026-06-01 22:23:10,037 [INFO] main: Initializing window tracker...
2026-06-01 22:23:10,037 [INFO] main: Initializing detector...
2026-06-01 22:23:10,037 [INFO] main: Initializing controller...
2026-06-01 22:23:10,037 [INFO] main: Setting up start/stop hotkey on key: f6
2026-06-01 22:23:10,056 [INFO] controller: Global hotkey active: press 'f6' to start/stop the macro.
2026-06-01 22:23:10,056 [INFO] main: Initializing macro engine...
2026-06-01 22:23:10,056 [INFO] main: Starting GUI...
2026-06-01 22:23:24,048 [INFO] src.window_tracker: Display scale factor (Quartz): 1.00
2026-06-01 22:23:24,048 [INFO] detector: Window info set — origin=(-1, 33)  size=1512x884  scale=1.0
2026-06-01 22:24:56,905 [INFO] controller: Global hotkey active: press 'f6' to start/stop the macro.
2026-06-01 22:25:18,631 [INFO] main: Starting Fisch Macro...
2026-06-01 22:25:18,659 [INFO] main: Initializing configuration...
2026-06-01 22:25:18,660 [INFO] main: Initializing window tracker...
2026-06-01 22:25:18,660 [INFO] main: Initializing detector...
2026-06-01 22:25:18,660 [INFO] main: Initializing controller...
2026-06-01 22:25:18,660 [INFO] main: Setting up start/stop hotkey on key: f6
2026-06-01 22:25:18,684 [INFO] controller: Global hotkey active: press 'f6' to start/stop the macro.
2026-06-01 22:25:18,684 [INFO] main: Initializing macro engine...
2026-06-01 22:25:18,684 [INFO] main: Starting GUI...
2026-06-01 22:25:26,713 [INFO] main: Cleaning up...
2026-06-01 22:25:26,713 [INFO] controller: Controller cleaned up.
2026-06-01 22:25:26,713 [INFO] main: Exiting.
2026-06-01 22:55:31,454 [INFO] main: Starting Fisch Macro...
2026-06-01 22:55:31,482 [INFO] main: Initializing configuration...
2026-06-01 22:55:31,483 [INFO] main: Initializing window tracker...
2026-06-01 22:55:31,483 [INFO] main: Initializing detector...
2026-06-01 22:55:31,483 [INFO] main: Initializing controller...
2026-06-01 22:55:31,483 [INFO] main: Setting up start/stop hotkey on key: f6
2026-06-01 22:55:31,500 [INFO] controller: Global hotkey active: press 'f6' to start/stop the macro.
2026-06-01 22:55:31,500 [INFO] main: Initializing macro engine...
2026-06-01 22:55:31,500 [INFO] main: Starting GUI...
2026-06-01 22:55:31,670 [ERROR] main: Failed to start macro: Layout Horizontal.Settings.TScale not found
Traceback (most recent call last):
  File "/Users/owenleung/Documents/Programs/fisch-macro/main.py", line 88, in main
    app = MacroGUI(macro_engine, config_manager, window_tracker)
  File "/Users/owenleung/Documents/Programs/fisch-macro/src/gui.py", line 110, in __init__
    self._build_settings_tab()
    ~~~~~~~~~~~~~~~~~~~~~~~~^^
  File "/Users/owenleung/Documents/Programs/fisch-macro/src/gui.py", line 464, in _build_settings_tab
    self._add_slider(
    ~~~~~~~~~~~~~~~~^
        content,
        ^^^^^^^^
    ...<3 lines>...
        suffix="s",
        ^^^^^^^^^^^
    )
    ^
  File "/Users/owenleung/Documents/Programs/fisch-macro/src/gui.py", line 545, in _add_slider
    scale = ttk.Scale(
        frame,
    ...<4 lines>...
        orient=tk.HORIZONTAL,
    )
  File "/opt/homebrew/Cellar/python@3.14/3.14.5/Frameworks/Python.framework/Versions/3.14/lib/python3.14/tkinter/ttk.py", line 1061, in __init__
    Widget.__init__(self, master, "ttk::scale", kw)
    ~~~~~~~~~~~~~~~^^^^^^^^^^^^^^^^^^^^^^^^^^^^^^^^
  File "/opt/homebrew/Cellar/python@3.14/3.14.5/Frameworks/Python.framework/Versions/3.14/lib/python3.14/tkinter/ttk.py", line 536, in __init__
    tkinter.Widget.__init__(self, master, widgetname, kw=kw)
    ~~~~~~~~~~~~~~~~~~~~~~~^^^^^^^^^^^^^^^^^^^^^^^^^^^^^^^^^
  File "/opt/homebrew/Cellar/python@3.14/3.14.5/Frameworks/Python.framework/Versions/3.14/lib/python3.14/tkinter/__init__.py", line 2805, in __init__
    self.tk.call(
    ~~~~~~~~~~~~^
        (widgetName, self._w) + extra + self._options(cnf))
        ^^^^^^^^^^^^^^^^^^^^^^^^^^^^^^^^^^^^^^^^^^^^^^^^^^^
_tkinter.TclError: Layout Horizontal.Settings.TScale not found
2026-06-01 22:55:31,673 [INFO] main: Cleaning up...
2026-06-01 22:55:31,673 [INFO] controller: Controller cleaned up.
2026-06-01 22:55:31,673 [INFO] main: Exiting.
2026-06-01 22:55:36,838 [INFO] main: Starting Fisch Macro...
2026-06-01 22:55:36,861 [INFO] main: Initializing configuration...
2026-06-01 22:55:36,861 [INFO] main: Initializing window tracker...
2026-06-01 22:55:36,861 [INFO] main: Initializing detector...
2026-06-01 22:55:36,861 [INFO] main: Initializing controller...
2026-06-01 22:55:36,861 [INFO] main: Setting up start/stop hotkey on key: f6
2026-06-01 22:55:36,874 [INFO] controller: Global hotkey active: press 'f6' to start/stop the macro.
2026-06-01 22:55:36,874 [INFO] main: Initializing macro engine...
2026-06-01 22:55:36,874 [INFO] main: Starting GUI...
2026-06-01 22:55:36,987 [ERROR] main: Failed to start macro: Layout Horizontal.Settings.TScale not found
Traceback (most recent call last):
  File "/Users/owenleung/Documents/Programs/fisch-macro/main.py", line 88, in main
    app = MacroGUI(macro_engine, config_manager, window_tracker)
  File "/Users/owenleung/Documents/Programs/fisch-macro/src/gui.py", line 110, in __init__
    self._build_settings_tab()
    ~~~~~~~~~~~~~~~~~~~~~~~~^^
  File "/Users/owenleung/Documents/Programs/fisch-macro/src/gui.py", line 464, in _build_settings_tab
    self._add_slider(
    ~~~~~~~~~~~~~~~~^
        content,
        ^^^^^^^^
    ...<3 lines>...
        suffix="s",
        ^^^^^^^^^^^
    )
    ^
  File "/Users/owenleung/Documents/Programs/fisch-macro/src/gui.py", line 545, in _add_slider
    scale = ttk.Scale(
        frame,
    ...<4 lines>...
        orient=tk.HORIZONTAL,
    )
  File "/opt/homebrew/Cellar/python@3.14/3.14.5/Frameworks/Python.framework/Versions/3.14/lib/python3.14/tkinter/ttk.py", line 1061, in __init__
    Widget.__init__(self, master, "ttk::scale", kw)
    ~~~~~~~~~~~~~~~^^^^^^^^^^^^^^^^^^^^^^^^^^^^^^^^
  File "/opt/homebrew/Cellar/python@3.14/3.14.5/Frameworks/Python.framework/Versions/3.14/lib/python3.14/tkinter/ttk.py", line 536, in __init__
    tkinter.Widget.__init__(self, master, widgetname, kw=kw)
    ~~~~~~~~~~~~~~~~~~~~~~~^^^^^^^^^^^^^^^^^^^^^^^^^^^^^^^^^
  File "/opt/homebrew/Cellar/python@3.14/3.14.5/Frameworks/Python.framework/Versions/3.14/lib/python3.14/tkinter/__init__.py", line 2805, in __init__
    self.tk.call(
    ~~~~~~~~~~~~^
        (widgetName, self._w) + extra + self._options(cnf))
        ^^^^^^^^^^^^^^^^^^^^^^^^^^^^^^^^^^^^^^^^^^^^^^^^^^^
_tkinter.TclError: Layout Horizontal.Settings.TScale not found
2026-06-01 22:55:36,988 [INFO] main: Cleaning up...
2026-06-01 22:55:36,989 [INFO] controller: Controller cleaned up.
2026-06-01 22:55:36,989 [INFO] main: Exiting.
2026-06-01 22:56:01,911 [INFO] main: Starting Fisch Macro...
2026-06-01 22:56:01,936 [INFO] main: Initializing configuration...
2026-06-01 22:56:01,937 [INFO] main: Initializing window tracker...
2026-06-01 22:56:01,937 [INFO] main: Initializing detector...
2026-06-01 22:56:01,937 [INFO] main: Initializing controller...
2026-06-01 22:56:01,937 [INFO] main: Setting up start/stop hotkey on key: f6
2026-06-01 22:56:01,953 [INFO] controller: Global hotkey active: press 'f6' to start/stop the macro.
2026-06-01 22:56:01,953 [INFO] main: Initializing macro engine...
2026-06-01 22:56:01,953 [INFO] main: Starting GUI...
2026-06-01 22:56:02,086 [ERROR] main: Failed to start macro: Layout Horizontal.Settings.TScale not found
Traceback (most recent call last):
  File "/Users/owenleung/Documents/Programs/fisch-macro/main.py", line 88, in main
    app = MacroGUI(macro_engine, config_manager, window_tracker)
  File "/Users/owenleung/Documents/Programs/fisch-macro/src/gui.py", line 110, in __init__
    self._build_settings_tab()
    ~~~~~~~~~~~~~~~~~~~~~~~~^^
  File "/Users/owenleung/Documents/Programs/fisch-macro/src/gui.py", line 464, in _build_settings_tab
    self._add_slider(
    ~~~~~~~~~~~~~~~~^
        content,
        ^^^^^^^^
    ...<3 lines>...
        suffix="s",
        ^^^^^^^^^^^
    )
    ^
  File "/Users/owenleung/Documents/Programs/fisch-macro/src/gui.py", line 545, in _add_slider
    scale = ttk.Scale(
        frame,
    ...<4 lines>...
        orient=tk.HORIZONTAL,
    )
  File "/opt/homebrew/Cellar/python@3.14/3.14.5/Frameworks/Python.framework/Versions/3.14/lib/python3.14/tkinter/ttk.py", line 1061, in __init__
    Widget.__init__(self, master, "ttk::scale", kw)
    ~~~~~~~~~~~~~~~^^^^^^^^^^^^^^^^^^^^^^^^^^^^^^^^
  File "/opt/homebrew/Cellar/python@3.14/3.14.5/Frameworks/Python.framework/Versions/3.14/lib/python3.14/tkinter/ttk.py", line 536, in __init__
    tkinter.Widget.__init__(self, master, widgetname, kw=kw)
    ~~~~~~~~~~~~~~~~~~~~~~~^^^^^^^^^^^^^^^^^^^^^^^^^^^^^^^^^
  File "/opt/homebrew/Cellar/python@3.14/3.14.5/Frameworks/Python.framework/Versions/3.14/lib/python3.14/tkinter/__init__.py", line 2805, in __init__
    self.tk.call(
    ~~~~~~~~~~~~^
        (widgetName, self._w) + extra + self._options(cnf))
        ^^^^^^^^^^^^^^^^^^^^^^^^^^^^^^^^^^^^^^^^^^^^^^^^^^^
_tkinter.TclError: Layout Horizontal.Settings.TScale not found
2026-06-01 22:56:02,088 [INFO] main: Cleaning up...
2026-06-01 22:56:02,088 [INFO] controller: Controller cleaned up.
2026-06-01 22:56:02,088 [INFO] main: Exiting.
2026-06-01 23:10:38,946 [INFO] main: Starting Fisch Macro...
2026-06-01 23:10:38,972 [INFO] main: Initializing configuration...
2026-06-01 23:10:38,972 [INFO] main: Initializing window tracker...
2026-06-01 23:10:38,972 [INFO] main: Initializing detector...
2026-06-01 23:10:38,972 [INFO] main: Initializing controller...
2026-06-01 23:10:38,972 [INFO] main: Setting up start/stop hotkey on key: f6
2026-06-01 23:10:38,992 [INFO] controller: Global hotkey active: press 'f6' to start/stop the macro.
2026-06-01 23:10:38,992 [INFO] main: Initializing macro engine...
2026-06-01 23:10:38,992 [INFO] main: Starting GUI...
2026-06-01 23:10:43,558 [INFO] controller: Global hotkey pressed: f6
2026-06-01 23:10:43,560 [INFO] src.window_tracker: Display scale factor (Quartz): 1.00
2026-06-01 23:10:43,560 [INFO] detector: Window info set — origin=(0, 33)  size=1512x884  scale=1.0
2026-06-01 23:10:43,562 [INFO] controller: Controller started.
2026-06-01 23:10:43,563 [INFO] macro: State: Idle → Casting
2026-06-01 23:10:43,563 [INFO] macro: Macro engine started
2026-06-01 23:10:43,642 [INFO] detector: Window info set — origin=(0, 33)  size=1512x884  scale=1.0
2026-06-01 23:10:44,143 [INFO] detector: Window info set — origin=(0, 33)  size=1512x884  scale=1.0
2026-06-01 23:10:44,644 [INFO] detector: Window info set — origin=(0, 33)  size=1512x884  scale=1.0
2026-06-01 23:10:45,149 [INFO] detector: Window info set — origin=(0, 33)  size=1512x884  scale=1.0
2026-06-01 23:10:45,194 [INFO] macro: State: Casting → Waiting for Bite
2026-06-01 23:10:45,460 [INFO] macro: Bite confirmed — fish on the line!
2026-06-01 23:10:45,559 [INFO] macro: State: Waiting for Bite → Reeling
2026-06-01 23:10:45,650 [INFO] detector: Window info set — origin=(0, 33)  size=1512x884  scale=1.0
2026-06-01 23:10:46,151 [INFO] detector: Window info set — origin=(0, 33)  size=1512x884  scale=1.0
2026-06-01 23:10:46,652 [INFO] detector: Window info set — origin=(0, 33)  size=1512x884  scale=1.0
2026-06-01 23:10:47,157 [INFO] detector: Window info set — origin=(0, 33)  size=1512x884  scale=1.0
2026-06-01 23:10:47,658 [INFO] detector: Window info set — origin=(0, 33)  size=1512x884  scale=1.0
2026-06-01 23:10:48,159 [INFO] detector: Window info set — origin=(0, 33)  size=1512x884  scale=1.0
2026-06-01 23:10:48,661 [INFO] detector: Window info set — origin=(0, 33)  size=1512x884  scale=1.0
2026-06-01 23:10:49,164 [INFO] detector: Window info set — origin=(0, 33)  size=1512x884  scale=1.0
2026-06-01 23:10:49,665 [INFO] detector: Window info set — origin=(0, 33)  size=1512x884  scale=1.0
2026-06-01 23:10:50,166 [INFO] detector: Window info set — origin=(0, 33)  size=1512x884  scale=1.0
2026-06-01 23:10:50,668 [INFO] detector: Window info set — origin=(0, 33)  size=1512x884  scale=1.0
2026-06-01 23:10:51,169 [INFO] detector: Window info set — origin=(0, 33)  size=1512x884  scale=1.0
2026-06-01 23:10:51,670 [INFO] detector: Window info set — origin=(0, 33)  size=1512x884  scale=1.0
2026-06-01 23:10:52,171 [INFO] detector: Window info set — origin=(0, 33)  size=1512x884  scale=1.0
2026-06-01 23:10:52,673 [INFO] detector: Window info set — origin=(0, 33)  size=1512x884  scale=1.0
2026-06-01 23:10:53,174 [INFO] detector: Window info set — origin=(0, 33)  size=1512x884  scale=1.0
2026-06-01 23:10:53,675 [INFO] detector: Window info set — origin=(0, 33)  size=1512x884  scale=1.0
2026-06-01 23:10:54,176 [INFO] detector: Window info set — origin=(0, 33)  size=1512x884  scale=1.0
2026-06-01 23:10:54,677 [INFO] detector: Window info set — origin=(0, 33)  size=1512x884  scale=1.0
2026-06-01 23:10:55,182 [INFO] detector: Window info set — origin=(0, 33)  size=1512x884  scale=1.0
2026-06-01 23:10:55,684 [INFO] detector: Window info set — origin=(0, 33)  size=1512x884  scale=1.0
2026-06-01 23:10:56,184 [INFO] detector: Window info set — origin=(0, 33)  size=1512x884  scale=1.0
2026-06-01 23:10:56,685 [INFO] detector: Window info set — origin=(0, 33)  size=1512x884  scale=1.0
2026-06-01 23:10:57,190 [INFO] detector: Window info set — origin=(0, 33)  size=1512x884  scale=1.0
2026-06-01 23:10:57,690 [INFO] detector: Window info set — origin=(0, 33)  size=1512x884  scale=1.0
2026-06-01 23:10:58,191 [INFO] detector: Window info set — origin=(0, 33)  size=1512x884  scale=1.0
2026-06-01 23:10:58,693 [INFO] detector: Window info set — origin=(0, 33)  size=1512x884  scale=1.0
2026-06-01 23:10:59,195 [INFO] detector: Window info set — origin=(0, 33)  size=1512x884  scale=1.0
2026-06-01 23:10:59,695 [INFO] detector: Window info set — origin=(0, 33)  size=1512x884  scale=1.0
2026-06-01 23:11:00,197 [INFO] detector: Window info set — origin=(0, 33)  size=1512x884  scale=1.0
2026-06-01 23:11:00,698 [INFO] detector: Window info set — origin=(0, 33)  size=1512x884  scale=1.0
2026-06-01 23:11:01,200 [INFO] detector: Window info set — origin=(0, 33)  size=1512x884  scale=1.0
2026-06-01 23:11:01,701 [INFO] detector: Window info set — origin=(0, 33)  size=1512x884  scale=1.0
2026-06-01 23:11:02,203 [INFO] detector: Window info set — origin=(0, 33)  size=1512x884  scale=1.0
2026-06-01 23:11:02,704 [INFO] detector: Window info set — origin=(0, 33)  size=1512x884  scale=1.0
2026-06-01 23:11:03,207 [INFO] detector: Window info set — origin=(0, 33)  size=1512x884  scale=1.0
2026-06-01 23:11:03,709 [INFO] detector: Window info set — origin=(0, 33)  size=1512x884  scale=1.0
2026-06-01 23:11:04,209 [INFO] detector: Window info set — origin=(0, 33)  size=1512x884  scale=1.0
2026-06-01 23:11:04,711 [INFO] detector: Window info set — origin=(0, 33)  size=1512x884  scale=1.0
2026-06-01 23:11:05,215 [INFO] detector: Window info set — origin=(0, 33)  size=1512x884  scale=1.0
2026-06-01 23:11:05,716 [INFO] detector: Window info set — origin=(0, 33)  size=1512x884  scale=1.0
2026-06-01 23:11:06,218 [INFO] detector: Window info set — origin=(0, 33)  size=1512x884  scale=1.0
2026-06-01 23:11:06,719 [INFO] detector: Window info set — origin=(0, 33)  size=1512x884  scale=1.0
2026-06-01 23:11:07,224 [INFO] detector: Window info set — origin=(0, 33)  size=1512x884  scale=1.0
2026-06-01 23:11:07,725 [INFO] detector: Window info set — origin=(0, 33)  size=1512x884  scale=1.0
2026-06-01 23:11:08,226 [INFO] detector: Window info set — origin=(0, 33)  size=1512x884  scale=1.0
2026-06-01 23:11:08,728 [INFO] detector: Window info set — origin=(0, 33)  size=1512x884  scale=1.0
2026-06-01 23:11:09,232 [INFO] detector: Window info set — origin=(0, 33)  size=1512x884  scale=1.0
2026-06-01 23:11:09,733 [INFO] detector: Window info set — origin=(0, 33)  size=1512x884  scale=1.0
2026-06-01 23:11:10,234 [INFO] detector: Window info set — origin=(0, 33)  size=1512x884  scale=1.0
2026-06-01 23:11:10,736 [INFO] detector: Window info set — origin=(0, 33)  size=1512x884  scale=1.0
2026-06-01 23:11:11,241 [INFO] detector: Window info set — origin=(0, 33)  size=1512x884  scale=1.0
2026-06-01 23:11:11,742 [INFO] detector: Window info set — origin=(0, 33)  size=1512x884  scale=1.0
2026-06-01 23:11:12,243 [INFO] detector: Window info set — origin=(0, 33)  size=1512x884  scale=1.0
2026-06-01 23:11:12,745 [INFO] detector: Window info set — origin=(0, 33)  size=1512x884  scale=1.0
2026-06-01 23:11:13,247 [INFO] detector: Window info set — origin=(0, 33)  size=1512x884  scale=1.0
2026-06-01 23:11:13,749 [INFO] detector: Window info set — origin=(0, 33)  size=1512x884  scale=1.0
2026-06-01 23:11:14,250 [INFO] detector: Window info set — origin=(0, 33)  size=1512x884  scale=1.0
2026-06-01 23:11:14,751 [INFO] detector: Window info set — origin=(0, 33)  size=1512x884  scale=1.0
2026-06-01 23:11:14,985 [INFO] controller: Controller stopped.
2026-06-01 23:11:14,986 [INFO] macro: State: Reeling → Stopped
2026-06-01 23:11:15,042 [INFO] macro: Macro loop ended (stop requested)
2026-06-01 23:11:16,549 [INFO] controller: Global hotkey pressed: f6
2026-06-01 23:11:17,987 [INFO] macro: Macro engine stopped
2026-06-01 23:11:17,997 [INFO] controller: Global hotkey pressed: f6
2026-06-01 23:11:18,005 [INFO] detector: Window info set — origin=(0, 33)  size=1512x884  scale=1.0
2026-06-01 23:11:18,007 [INFO] controller: Controller started.
2026-06-01 23:11:18,007 [INFO] macro: State: Stopped → Casting
2026-06-01 23:11:18,007 [INFO] macro: Macro engine started
2026-06-01 23:11:18,503 [INFO] detector: Window info set — origin=(0, 33)  size=1512x884  scale=1.0
2026-06-01 23:11:19,004 [INFO] detector: Window info set — origin=(0, 33)  size=1512x884  scale=1.0
2026-06-01 23:11:19,506 [INFO] detector: Window info set — origin=(0, 33)  size=1512x884  scale=1.0
2026-06-01 23:11:19,609 [INFO] macro: State: Casting → Waiting for Bite
2026-06-01 23:11:19,835 [INFO] macro: Bite confirmed — fish on the line!
2026-06-01 23:11:19,836 [INFO] macro: State: Waiting for Bite → Reeling
2026-06-01 23:11:20,007 [INFO] detector: Window info set — origin=(0, 33)  size=1512x884  scale=1.0
2026-06-01 23:11:20,509 [INFO] detector: Window info set — origin=(0, 33)  size=1512x884  scale=1.0
2026-06-01 23:11:21,010 [INFO] detector: Window info set — origin=(0, 33)  size=1512x884  scale=1.0
2026-06-01 23:11:21,511 [INFO] detector: Window info set — origin=(0, 33)  size=1512x884  scale=1.0
2026-06-01 23:11:22,013 [INFO] detector: Window info set — origin=(0, 33)  size=1512x884  scale=1.0
2026-06-01 23:11:22,515 [INFO] detector: Window info set — origin=(0, 33)  size=1512x884  scale=1.0
2026-06-01 23:11:23,016 [INFO] detector: Window info set — origin=(0, 33)  size=1512x884  scale=1.0
2026-06-01 23:11:23,517 [INFO] detector: Window info set — origin=(0, 33)  size=1512x884  scale=1.0
2026-06-01 23:11:24,020 [INFO] detector: Window info set — origin=(0, 33)  size=1512x884  scale=1.0
2026-06-01 23:11:24,521 [INFO] detector: Window info set — origin=(0, 33)  size=1512x884  scale=1.0
2026-06-01 23:11:25,023 [INFO] detector: Window info set — origin=(0, 33)  size=1512x884  scale=1.0
2026-06-01 23:11:25,523 [INFO] detector: Window info set — origin=(0, 33)  size=1512x884  scale=1.0
2026-06-01 23:11:26,026 [INFO] detector: Window info set — origin=(0, 33)  size=1512x884  scale=1.0
2026-06-01 23:11:26,527 [INFO] detector: Window info set — origin=(0, 33)  size=1512x884  scale=1.0
2026-06-01 23:11:27,028 [INFO] detector: Window info set — origin=(0, 33)  size=1512x884  scale=1.0
2026-06-01 23:11:27,529 [INFO] detector: Window info set — origin=(0, 33)  size=1512x884  scale=1.0
2026-06-01 23:11:28,031 [INFO] detector: Window info set — origin=(0, 33)  size=1512x884  scale=1.0
2026-06-01 23:11:28,532 [INFO] detector: Window info set — origin=(0, 33)  size=1512x884  scale=1.0
2026-06-01 23:11:29,033 [INFO] detector: Window info set — origin=(0, 33)  size=1512x884  scale=1.0
2026-06-01 23:11:29,534 [INFO] detector: Window info set — origin=(0, 33)  size=1512x884  scale=1.0
2026-06-01 23:11:30,036 [INFO] detector: Window info set — origin=(0, 33)  size=1512x884  scale=1.0
2026-06-01 23:11:30,538 [INFO] detector: Window info set — origin=(0, 33)  size=1512x884  scale=1.0
2026-06-01 23:11:31,039 [INFO] detector: Window info set — origin=(0, 33)  size=1512x884  scale=1.0
2026-06-01 23:11:31,540 [INFO] detector: Window info set — origin=(0, 33)  size=1512x884  scale=1.0
2026-06-01 23:11:32,042 [INFO] detector: Window info set — origin=(0, 33)  size=1512x884  scale=1.0
2026-06-01 23:11:32,373 [INFO] controller: Global hotkey pressed: f6
2026-06-01 23:11:32,465 [INFO] controller: Controller stopped.
2026-06-01 23:11:32,465 [INFO] macro: State: Reeling → Stopped
2026-06-01 23:11:32,514 [INFO] macro: Macro loop ended (stop requested)
2026-06-01 23:11:35,466 [INFO] macro: Macro engine stopped
2026-06-01 23:11:35,506 [INFO] main: Cleaning up...
2026-06-01 23:11:35,507 [INFO] controller: Controller cleaned up.
2026-06-01 23:11:35,507 [INFO] main: Exiting.
2026-06-02 18:21:02,132 [INFO] main: Starting Fisch Macro...
2026-06-02 18:21:02,186 [INFO] main: Initializing configuration...
2026-06-02 18:21:02,186 [INFO] main: Initializing window tracker...
2026-06-02 18:21:02,186 [INFO] main: Initializing detector...
2026-06-02 18:21:02,186 [INFO] main: Initializing controller...
2026-06-02 18:21:02,186 [INFO] main: Setting up start/stop hotkey on key: f6
2026-06-02 18:21:02,209 [INFO] controller: Global hotkey active: press 'f6' to start/stop the macro.
2026-06-02 18:21:02,209 [INFO] main: Initializing macro engine...
2026-06-02 18:21:02,209 [INFO] main: Starting GUI...
2026-06-02 18:21:04,268 [INFO] controller: Global hotkey pressed: f6
2026-06-02 18:21:04,271 [INFO] src.window_tracker: Display scale factor (Quartz): 1.00
2026-06-02 18:21:04,271 [INFO] detector: Window info set — origin=(0, 33)  size=1512x884  scale=1.0
2026-06-02 18:21:04,274 [INFO] controller: Controller started.
2026-06-02 18:21:04,274 [INFO] macro: State: Idle → Casting
2026-06-02 18:21:04,274 [INFO] macro: Macro engine started
2026-06-02 18:21:04,415 [INFO] detector: Window info set — origin=(0, 33)  size=1512x884  scale=1.0
2026-06-02 18:21:04,917 [INFO] detector: Window info set — origin=(0, 33)  size=1512x884  scale=1.0
2026-06-02 18:21:05,418 [INFO] detector: Window info set — origin=(0, 33)  size=1512x884  scale=1.0
2026-06-02 18:21:05,919 [INFO] detector: Window info set — origin=(0, 33)  size=1512x884  scale=1.0
2026-06-02 18:21:05,920 [INFO] macro: State: Casting → Waiting for Bite
2026-06-02 18:21:06,421 [INFO] detector: Window info set — origin=(0, 33)  size=1512x884  scale=1.0
2026-06-02 18:21:06,922 [INFO] detector: Window info set — origin=(0, 33)  size=1512x884  scale=1.0
2026-06-02 18:21:07,424 [INFO] detector: Window info set — origin=(0, 33)  size=1512x884  scale=1.0
2026-06-02 18:21:07,925 [INFO] detector: Window info set — origin=(0, 33)  size=1512x884  scale=1.0
2026-06-02 18:21:08,427 [INFO] detector: Window info set — origin=(0, 33)  size=1512x884  scale=1.0
2026-06-02 18:21:08,929 [INFO] detector: Window info set — origin=(0, 33)  size=1512x884  scale=1.0
2026-06-02 18:21:09,430 [INFO] detector: Window info set — origin=(0, 33)  size=1512x884  scale=1.0
2026-06-02 18:21:09,932 [INFO] detector: Window info set — origin=(0, 33)  size=1512x884  scale=1.0
2026-06-02 18:21:10,434 [INFO] detector: Window info set — origin=(0, 33)  size=1512x884  scale=1.0
2026-06-02 18:21:10,936 [INFO] detector: Window info set — origin=(0, 33)  size=1512x884  scale=1.0
2026-06-02 18:21:11,437 [INFO] detector: Window info set — origin=(0, 33)  size=1512x884  scale=1.0
2026-06-02 18:21:11,939 [INFO] detector: Window info set — origin=(0, 33)  size=1512x884  scale=1.0
2026-06-02 18:21:12,442 [INFO] detector: Window info set — origin=(0, 33)  size=1512x884  scale=1.0
2026-06-02 18:21:12,944 [INFO] detector: Window info set — origin=(0, 33)  size=1512x884  scale=1.0
2026-06-02 18:21:13,446 [INFO] detector: Window info set — origin=(0, 33)  size=1512x884  scale=1.0
2026-06-02 18:21:13,947 [INFO] detector: Window info set — origin=(0, 33)  size=1512x884  scale=1.0
2026-06-02 18:21:14,451 [INFO] detector: Window info set — origin=(0, 33)  size=1512x884  scale=1.0
2026-06-02 18:21:14,952 [INFO] detector: Window info set — origin=(0, 33)  size=1512x884  scale=1.0
2026-06-02 18:21:15,453 [INFO] detector: Window info set — origin=(0, 33)  size=1512x884  scale=1.0
2026-06-02 18:21:15,955 [INFO] detector: Window info set — origin=(0, 33)  size=1512x884  scale=1.0
2026-06-02 18:21:16,457 [INFO] detector: Window info set — origin=(0, 33)  size=1512x884  scale=1.0
2026-06-02 18:21:16,958 [INFO] detector: Window info set — origin=(0, 33)  size=1512x884  scale=1.0
2026-06-02 18:21:17,459 [INFO] detector: Window info set — origin=(0, 33)  size=1512x884  scale=1.0
2026-06-02 18:21:17,960 [INFO] detector: Window info set — origin=(0, 33)  size=1512x884  scale=1.0
2026-06-02 18:21:18,462 [INFO] detector: Window info set — origin=(0, 33)  size=1512x884  scale=1.0
2026-06-02 18:21:18,548 [INFO] macro: Bite confirmed — fish on the line!
2026-06-02 18:21:18,548 [INFO] macro: State: Waiting for Bite → Reeling
2026-06-02 18:21:18,964 [INFO] detector: Window info set — origin=(0, 33)  size=1512x884  scale=1.0
2026-06-02 18:21:18,966 [INFO] macro: State: Reeling → Catch Complete
2026-06-02 18:21:19,465 [INFO] detector: Window info set — origin=(0, 33)  size=1512x884  scale=1.0
2026-06-02 18:21:19,967 [INFO] detector: Window info set — origin=(0, 33)  size=1512x884  scale=1.0
2026-06-02 18:21:20,470 [INFO] detector: Window info set — origin=(0, 33)  size=1512x884  scale=1.0
2026-06-02 18:21:20,971 [INFO] detector: Window info set — origin=(0, 33)  size=1512x884  scale=1.0
2026-06-02 18:21:21,473 [INFO] detector: Window info set — origin=(0, 33)  size=1512x884  scale=1.0
2026-06-02 18:21:21,683 [INFO] macro: State: Catch Complete → Casting
2026-06-02 18:21:21,975 [INFO] detector: Window info set — origin=(0, 33)  size=1512x884  scale=1.0
2026-06-02 18:21:22,478 [INFO] detector: Window info set — origin=(0, 33)  size=1512x884  scale=1.0
2026-06-02 18:21:22,979 [INFO] detector: Window info set — origin=(0, 33)  size=1512x884  scale=1.0
2026-06-02 18:21:23,434 [INFO] macro: State: Casting → Waiting for Bite
2026-06-02 18:21:23,480 [INFO] detector: Window info set — origin=(0, 33)  size=1512x884  scale=1.0
2026-06-02 18:21:23,680 [INFO] controller: Global hotkey pressed: f6
2026-06-02 18:21:23,681 [INFO] controller: Controller stopped.
2026-06-02 18:21:23,681 [INFO] macro: State: Waiting for Bite → Stopped
2026-06-02 18:21:23,747 [INFO] macro: Macro loop ended (stop requested)
2026-06-02 18:21:26,682 [INFO] macro: Macro engine stopped
2026-06-02 18:21:28,973 [INFO] detector: Window info set — origin=(0, 33)  size=1512x884  scale=1.0
2026-06-02 18:21:45,315 [INFO] detector: Window info set — origin=(0, 33)  size=1512x884  scale=1.0
2026-06-02 18:22:03,198 [INFO] calibrator: ROI from rect (435,778,613,29) → x=[0.288, 0.693]  y=[0.843, 0.876]
2026-06-02 18:22:11,972 [INFO] calibrator: ROI from rect (574,828,335,15) → x=[0.380, 0.601]  y=[0.899, 0.916]
2026-06-02 18:22:20,054 [INFO] detector: Window info set — origin=(0, 33)  size=1512x884  scale=1.0
2026-06-02 18:22:33,198 [INFO] controller: Global hotkey pressed: f6
2026-06-02 18:22:33,200 [INFO] detector: Window info set — origin=(0, 33)  size=1512x884  scale=1.0
2026-06-02 18:22:33,202 [INFO] controller: Controller started.
2026-06-02 18:22:33,202 [INFO] macro: State: Stopped → Casting
2026-06-02 18:22:33,202 [INFO] macro: Macro engine started
2026-06-02 18:22:33,566 [INFO] detector: Window info set — origin=(0, 33)  size=1512x884  scale=1.0
2026-06-02 18:22:34,068 [INFO] detector: Window info set — origin=(0, 33)  size=1512x884  scale=1.0
2026-06-02 18:22:34,569 [INFO] detector: Window info set — origin=(0, 33)  size=1512x884  scale=1.0
2026-06-02 18:22:34,800 [INFO] macro: State: Casting → Waiting for Bite
2026-06-02 18:22:35,071 [INFO] detector: Window info set — origin=(0, 33)  size=1512x884  scale=1.0
2026-06-02 18:22:35,572 [INFO] detector: Window info set — origin=(0, 33)  size=1512x884  scale=1.0
2026-06-02 18:22:36,073 [INFO] detector: Window info set — origin=(0, 33)  size=1512x884  scale=1.0
2026-06-02 18:22:36,575 [INFO] detector: Window info set — origin=(0, 33)  size=1512x884  scale=1.0
2026-06-02 18:22:36,993 [INFO] macro: Bite confirmed — fish on the line!
2026-06-02 18:22:37,076 [INFO] macro: State: Waiting for Bite → Reeling
2026-06-02 18:22:37,078 [INFO] detector: Window info set — origin=(0, 33)  size=1512x884  scale=1.0
2026-06-02 18:22:37,504 [INFO] macro: State: Reeling → Catch Complete
2026-06-02 18:22:37,579 [INFO] detector: Window info set — origin=(0, 33)  size=1512x884  scale=1.0
2026-06-02 18:22:38,081 [INFO] detector: Window info set — origin=(0, 33)  size=1512x884  scale=1.0
2026-06-02 18:22:38,582 [INFO] detector: Window info set — origin=(0, 33)  size=1512x884  scale=1.0
2026-06-02 18:22:39,086 [INFO] detector: Window info set — origin=(0, 33)  size=1512x884  scale=1.0
2026-06-02 18:22:39,587 [INFO] detector: Window info set — origin=(0, 33)  size=1512x884  scale=1.0
2026-06-02 18:22:40,089 [INFO] detector: Window info set — origin=(0, 33)  size=1512x884  scale=1.0
2026-06-02 18:22:40,220 [INFO] macro: State: Catch Complete → Casting
2026-06-02 18:22:40,590 [INFO] detector: Window info set — origin=(0, 33)  size=1512x884  scale=1.0
2026-06-02 18:22:41,095 [INFO] detector: Window info set — origin=(0, 33)  size=1512x884  scale=1.0
2026-06-02 18:22:41,597 [INFO] detector: Window info set — origin=(0, 33)  size=1512x884  scale=1.0
2026-06-02 18:22:41,852 [INFO] macro: State: Casting → Waiting for Bite
2026-06-02 18:22:41,980 [INFO] macro: Bite confirmed — fish on the line!
2026-06-02 18:22:42,098 [INFO] macro: State: Waiting for Bite → Reeling
2026-06-02 18:22:42,098 [INFO] detector: Window info set — origin=(0, 33)  size=1512x884  scale=1.0
2026-06-02 18:22:42,433 [INFO] macro: State: Reeling → Catch Complete
2026-06-02 18:22:42,600 [INFO] detector: Window info set — origin=(0, 33)  size=1512x884  scale=1.0
2026-06-02 18:22:43,103 [INFO] detector: Window info set — origin=(0, 33)  size=1512x884  scale=1.0
2026-06-02 18:22:43,605 [INFO] detector: Window info set — origin=(0, 33)  size=1512x884  scale=1.0
2026-06-02 18:22:44,107 [INFO] detector: Window info set — origin=(0, 33)  size=1512x884  scale=1.0
2026-06-02 18:22:44,608 [INFO] detector: Window info set — origin=(0, 33)  size=1512x884  scale=1.0
2026-06-02 18:22:45,112 [INFO] detector: Window info set — origin=(0, 33)  size=1512x884  scale=1.0
2026-06-02 18:22:45,155 [INFO] macro: State: Catch Complete → Casting
2026-06-02 18:22:45,613 [INFO] detector: Window info set — origin=(0, 33)  size=1512x884  scale=1.0
2026-06-02 18:22:46,115 [INFO] detector: Window info set — origin=(0, 33)  size=1512x884  scale=1.0
2026-06-02 18:22:46,617 [INFO] detector: Window info set — origin=(0, 33)  size=1512x884  scale=1.0
2026-06-02 18:22:46,791 [INFO] macro: State: Casting → Waiting for Bite
2026-06-02 18:22:47,005 [INFO] macro: Bite confirmed — fish on the line!
2026-06-02 18:22:47,005 [INFO] macro: State: Waiting for Bite → Reeling
2026-06-02 18:22:47,119 [INFO] detector: Window info set — origin=(0, 33)  size=1512x884  scale=1.0
2026-06-02 18:22:47,239 [INFO] macro: State: Reeling → Catch Complete
2026-06-02 18:22:47,621 [INFO] detector: Window info set — origin=(0, 33)  size=1512x884  scale=1.0
2026-06-02 18:22:48,123 [INFO] detector: Window info set — origin=(0, 33)  size=1512x884  scale=1.0
2026-06-02 18:22:48,623 [INFO] detector: Window info set — origin=(0, 33)  size=1512x884  scale=1.0
2026-06-02 18:22:49,128 [INFO] detector: Window info set — origin=(0, 33)  size=1512x884  scale=1.0
2026-06-02 18:22:49,629 [INFO] detector: Window info set — origin=(0, 33)  size=1512x884  scale=1.0
2026-06-02 18:22:49,936 [INFO] macro: State: Catch Complete → Casting
2026-06-02 18:22:50,131 [INFO] detector: Window info set — origin=(0, 33)  size=1512x884  scale=1.0
2026-06-02 18:22:50,632 [INFO] detector: Window info set — origin=(0, 33)  size=1512x884  scale=1.0
2026-06-02 18:22:51,136 [INFO] detector: Window info set — origin=(0, 33)  size=1512x884  scale=1.0
2026-06-02 18:22:51,583 [INFO] macro: State: Casting → Waiting for Bite
2026-06-02 18:22:51,637 [INFO] detector: Window info set — origin=(0, 33)  size=1512x884  scale=1.0
2026-06-02 18:22:51,698 [INFO] macro: Bite confirmed — fish on the line!
2026-06-02 18:22:51,764 [INFO] macro: State: Waiting for Bite → Reeling
2026-06-02 18:22:52,049 [INFO] macro: State: Reeling → Catch Complete
2026-06-02 18:22:52,139 [INFO] detector: Window info set — origin=(0, 33)  size=1512x884  scale=1.0
2026-06-02 18:22:52,640 [INFO] detector: Window info set — origin=(0, 33)  size=1512x884  scale=1.0
2026-06-02 18:22:53,143 [INFO] detector: Window info set — origin=(0, 33)  size=1512x884  scale=1.0
2026-06-02 18:22:53,644 [INFO] detector: Window info set — origin=(0, 33)  size=1512x884  scale=1.0
2026-06-02 18:22:54,145 [INFO] detector: Window info set — origin=(0, 33)  size=1512x884  scale=1.0
2026-06-02 18:22:54,645 [INFO] detector: Window info set — origin=(0, 33)  size=1512x884  scale=1.0
2026-06-02 18:22:54,750 [INFO] macro: State: Catch Complete → Casting
2026-06-02 18:22:55,147 [INFO] detector: Window info set — origin=(0, 33)  size=1512x884  scale=1.0
2026-06-02 18:22:55,649 [INFO] detector: Window info set — origin=(0, 33)  size=1512x884  scale=1.0
2026-06-02 18:22:56,150 [INFO] detector: Window info set — origin=(0, 33)  size=1512x884  scale=1.0
2026-06-02 18:22:56,384 [INFO] macro: State: Casting → Waiting for Bite
2026-06-02 18:22:56,547 [INFO] macro: Bite confirmed — fish on the line!
2026-06-02 18:22:56,651 [INFO] macro: State: Waiting for Bite → Reeling
2026-06-02 18:22:56,651 [INFO] detector: Window info set — origin=(0, 33)  size=1512x884  scale=1.0
2026-06-02 18:22:57,153 [INFO] detector: Window info set — origin=(0, 33)  size=1512x884  scale=1.0
2026-06-02 18:22:57,197 [INFO] macro: State: Reeling → Catch Complete
2026-06-02 18:22:57,654 [INFO] detector: Window info set — origin=(0, 33)  size=1512x884  scale=1.0
2026-06-02 18:22:58,156 [INFO] detector: Window info set — origin=(0, 33)  size=1512x884  scale=1.0
2026-06-02 18:22:58,658 [INFO] detector: Window info set — origin=(0, 33)  size=1512x884  scale=1.0
2026-06-02 18:22:59,161 [INFO] detector: Window info set — origin=(0, 33)  size=1512x884  scale=1.0
2026-06-02 18:22:59,419 [INFO] controller: Global hotkey pressed: f6
2026-06-02 18:22:59,420 [INFO] controller: Controller stopped.
2026-06-02 18:22:59,421 [INFO] macro: State: Catch Complete → Stopped
2026-06-02 18:22:59,555 [INFO] macro: Macro loop ended (stop requested)
2026-06-02 18:23:02,422 [INFO] macro: Macro engine stopped
2026-06-02 18:24:45,522 [INFO] detector: Window info set — origin=(0, 33)  size=1512x884  scale=1.0
2026-06-02 18:25:05,385 [INFO] detector: Window info set — origin=(0, 33)  size=1512x884  scale=1.0
2026-06-02 18:25:16,722 [INFO] controller: Global hotkey pressed: f6
2026-06-02 18:25:16,724 [INFO] detector: Window info set — origin=(0, 33)  size=1512x884  scale=1.0
2026-06-02 18:25:16,727 [INFO] controller: Controller started.
2026-06-02 18:25:16,728 [INFO] macro: State: Stopped → Casting
2026-06-02 18:25:16,728 [INFO] macro: Macro engine started
2026-06-02 18:25:17,119 [INFO] detector: Window info set — origin=(0, 33)  size=1512x884  scale=1.0
2026-06-02 18:25:17,623 [INFO] detector: Window info set — origin=(0, 33)  size=1512x884  scale=1.0
2026-06-02 18:25:18,124 [INFO] detector: Window info set — origin=(0, 33)  size=1512x884  scale=1.0
2026-06-02 18:25:18,343 [INFO] macro: State: Casting → Waiting for Bite
2026-06-02 18:25:18,624 [INFO] detector: Window info set — origin=(0, 33)  size=1512x884  scale=1.0
2026-06-02 18:25:19,126 [INFO] detector: Window info set — origin=(0, 33)  size=1512x884  scale=1.0
2026-06-02 18:25:19,627 [INFO] detector: Window info set — origin=(0, 33)  size=1512x884  scale=1.0
2026-06-02 18:25:20,128 [INFO] detector: Window info set — origin=(0, 33)  size=1512x884  scale=1.0
2026-06-02 18:25:20,629 [INFO] detector: Window info set — origin=(0, 33)  size=1512x884  scale=1.0
2026-06-02 18:25:21,130 [INFO] detector: Window info set — origin=(0, 33)  size=1512x884  scale=1.0
2026-06-02 18:25:21,633 [INFO] detector: Window info set — origin=(0, 33)  size=1512x884  scale=1.0
2026-06-02 18:25:22,134 [INFO] detector: Window info set — origin=(0, 33)  size=1512x884  scale=1.0
2026-06-02 18:25:22,641 [INFO] detector: Window info set — origin=(0, 33)  size=1512x884  scale=1.0
2026-06-02 18:25:23,142 [INFO] detector: Window info set — origin=(0, 33)  size=1512x884  scale=1.0
2026-06-02 18:25:23,646 [INFO] detector: Window info set — origin=(0, 33)  size=1512x884  scale=1.0
2026-06-02 18:25:24,148 [INFO] detector: Window info set — origin=(0, 33)  size=1512x884  scale=1.0
2026-06-02 18:25:24,649 [INFO] detector: Window info set — origin=(0, 33)  size=1512x884  scale=1.0
2026-06-02 18:25:25,151 [INFO] detector: Window info set — origin=(0, 33)  size=1512x884  scale=1.0
2026-06-02 18:25:25,652 [INFO] detector: Window info set — origin=(0, 33)  size=1512x884  scale=1.0
2026-06-02 18:25:26,154 [INFO] detector: Window info set — origin=(0, 33)  size=1512x884  scale=1.0
2026-06-02 18:25:26,655 [INFO] detector: Window info set — origin=(0, 33)  size=1512x884  scale=1.0
2026-06-02 18:25:27,156 [INFO] detector: Window info set — origin=(0, 33)  size=1512x884  scale=1.0
2026-06-02 18:25:27,659 [INFO] detector: Window info set — origin=(0, 33)  size=1512x884  scale=1.0
2026-06-02 18:25:28,160 [INFO] detector: Window info set — origin=(0, 33)  size=1512x884  scale=1.0
2026-06-02 18:25:28,661 [INFO] detector: Window info set — origin=(0, 33)  size=1512x884  scale=1.0
2026-06-02 18:25:29,163 [INFO] detector: Window info set — origin=(0, 33)  size=1512x884  scale=1.0
2026-06-02 18:25:29,666 [INFO] detector: Window info set — origin=(0, 33)  size=1512x884  scale=1.0
2026-06-02 18:25:30,167 [INFO] detector: Window info set — origin=(0, 33)  size=1512x884  scale=1.0
2026-06-02 18:25:30,668 [INFO] detector: Window info set — origin=(0, 33)  size=1512x884  scale=1.0
2026-06-02 18:25:31,169 [INFO] detector: Window info set — origin=(0, 33)  size=1512x884  scale=1.0
2026-06-02 18:25:31,174 [INFO] macro: Bite confirmed — fish on the line!
2026-06-02 18:25:31,175 [INFO] macro: State: Waiting for Bite → Reeling
2026-06-02 18:25:31,554 [INFO] macro: State: Reeling → Catch Complete
2026-06-02 18:25:31,673 [INFO] detector: Window info set — origin=(0, 33)  size=1512x884  scale=1.0
2026-06-02 18:25:32,175 [INFO] detector: Window info set — origin=(0, 33)  size=1512x884  scale=1.0
2026-06-02 18:25:32,676 [INFO] detector: Window info set — origin=(0, 33)  size=1512x884  scale=1.0
2026-06-02 18:25:33,177 [INFO] detector: Window info set — origin=(0, 33)  size=1512x884  scale=1.0
2026-06-02 18:25:33,682 [INFO] detector: Window info set — origin=(0, 33)  size=1512x884  scale=1.0
2026-06-02 18:25:34,184 [INFO] detector: Window info set — origin=(0, 33)  size=1512x884  scale=1.0
2026-06-02 18:25:34,261 [INFO] macro: State: Catch Complete → Casting
2026-06-02 18:25:34,685 [INFO] detector: Window info set — origin=(0, 33)  size=1512x884  scale=1.0
2026-06-02 18:25:35,187 [INFO] detector: Window info set — origin=(0, 33)  size=1512x884  scale=1.0
2026-06-02 18:25:35,690 [INFO] detector: Window info set — origin=(0, 33)  size=1512x884  scale=1.0
2026-06-02 18:25:36,093 [INFO] macro: State: Casting → Waiting for Bite
2026-06-02 18:25:36,154 [INFO] macro: Bite confirmed — fish on the line!
2026-06-02 18:25:36,191 [INFO] macro: State: Waiting for Bite → Reeling
2026-06-02 18:25:36,191 [INFO] detector: Window info set — origin=(0, 33)  size=1512x884  scale=1.0
2026-06-02 18:25:36,664 [INFO] macro: State: Reeling → Catch Complete
2026-06-02 18:25:36,692 [INFO] detector: Window info set — origin=(0, 33)  size=1512x884  scale=1.0
2026-06-02 18:25:37,194 [INFO] detector: Window info set — origin=(0, 33)  size=1512x884  scale=1.0
2026-06-02 18:25:37,698 [INFO] detector: Window info set — origin=(0, 33)  size=1512x884  scale=1.0
2026-06-02 18:25:38,200 [INFO] detector: Window info set — origin=(0, 33)  size=1512x884  scale=1.0
2026-06-02 18:25:38,701 [INFO] detector: Window info set — origin=(0, 33)  size=1512x884  scale=1.0
2026-06-02 18:25:39,202 [INFO] detector: Window info set — origin=(0, 33)  size=1512x884  scale=1.0
2026-06-02 18:25:39,347 [INFO] controller: Global hotkey pressed: f6
2026-06-02 18:25:39,349 [INFO] controller: Controller stopped.
2026-06-02 18:25:39,349 [INFO] macro: State: Catch Complete → Stopped
2026-06-02 18:25:39,432 [INFO] macro: Macro loop ended (stop requested)
2026-06-02 18:25:42,350 [INFO] macro: Macro engine stopped
2026-06-02 18:26:25,165 [INFO] main: Cleaning up...
2026-06-02 18:26:25,165 [INFO] controller: Controller cleaned up.
2026-06-02 18:26:25,165 [INFO] main: Exiting.
2026-06-02 18:28:08,717 [INFO] main: Starting Fisch Macro...
2026-06-02 18:28:08,749 [INFO] main: Initializing configuration...
2026-06-02 18:28:08,750 [INFO] main: Initializing window tracker...
2026-06-02 18:28:08,750 [INFO] main: Initializing detector...
2026-06-02 18:28:08,750 [INFO] main: Initializing controller...
2026-06-02 18:28:08,750 [INFO] main: Setting up start/stop hotkey on key: f6
2026-06-02 18:28:08,773 [INFO] controller: Global hotkey active: press 'f6' to start/stop the macro.
2026-06-02 18:28:08,773 [INFO] main: Initializing macro engine...
2026-06-02 18:28:08,773 [INFO] main: Starting GUI...
2026-06-02 18:28:14,023 [INFO] controller: Global hotkey pressed: f6
2026-06-02 18:28:14,176 [INFO] src.window_tracker: Display scale factor (Quartz): 1.00
2026-06-02 18:28:14,177 [INFO] detector: Window info set — origin=(0, 33)  size=1512x884  scale=1.0
2026-06-02 18:28:14,179 [INFO] controller: Controller started.
2026-06-02 18:28:14,179 [INFO] macro: State: Idle → Casting
2026-06-02 18:28:14,179 [INFO] macro: Macro engine started
2026-06-02 18:28:14,468 [INFO] detector: Window info set — origin=(0, 33)  size=1512x884  scale=1.0
2026-06-02 18:28:14,972 [INFO] detector: Window info set — origin=(0, 33)  size=1512x884  scale=1.0
2026-06-02 18:28:15,473 [INFO] detector: Window info set — origin=(0, 33)  size=1512x884  scale=1.0
2026-06-02 18:28:15,815 [INFO] macro: State: Casting → Waiting for Bite
2026-06-02 18:28:15,974 [INFO] detector: Window info set — origin=(0, 33)  size=1512x884  scale=1.0
2026-06-02 18:28:16,475 [INFO] detector: Window info set — origin=(0, 33)  size=1512x884  scale=1.0
2026-06-02 18:28:16,977 [INFO] detector: Window info set — origin=(0, 33)  size=1512x884  scale=1.0
2026-06-02 18:28:17,478 [INFO] detector: Window info set — origin=(0, 33)  size=1512x884  scale=1.0
2026-06-02 18:28:17,979 [INFO] detector: Window info set — origin=(0, 33)  size=1512x884  scale=1.0
2026-06-02 18:28:18,480 [INFO] detector: Window info set — origin=(0, 33)  size=1512x884  scale=1.0
2026-06-02 18:28:18,982 [INFO] detector: Window info set — origin=(0, 33)  size=1512x884  scale=1.0
2026-06-02 18:28:19,483 [INFO] detector: Window info set — origin=(0, 33)  size=1512x884  scale=1.0
2026-06-02 18:28:19,984 [INFO] detector: Window info set — origin=(0, 33)  size=1512x884  scale=1.0
2026-06-02 18:28:20,485 [INFO] detector: Window info set — origin=(0, 33)  size=1512x884  scale=1.0
2026-06-02 18:28:20,988 [INFO] detector: Window info set — origin=(0, 33)  size=1512x884  scale=1.0
2026-06-02 18:28:21,489 [INFO] detector: Window info set — origin=(0, 33)  size=1512x884  scale=1.0
2026-06-02 18:28:21,990 [INFO] detector: Window info set — origin=(0, 33)  size=1512x884  scale=1.0
2026-06-02 18:28:22,491 [INFO] detector: Window info set — origin=(0, 33)  size=1512x884  scale=1.0
2026-06-02 18:28:22,993 [INFO] detector: Window info set — origin=(0, 33)  size=1512x884  scale=1.0
2026-06-02 18:28:23,494 [INFO] detector: Window info set — origin=(0, 33)  size=1512x884  scale=1.0
2026-06-02 18:28:23,996 [INFO] detector: Window info set — origin=(0, 33)  size=1512x884  scale=1.0
2026-06-02 18:28:24,497 [INFO] detector: Window info set — origin=(0, 33)  size=1512x884  scale=1.0
2026-06-02 18:28:24,999 [INFO] detector: Window info set — origin=(0, 33)  size=1512x884  scale=1.0
2026-06-02 18:28:25,501 [INFO] detector: Window info set — origin=(0, 33)  size=1512x884  scale=1.0
2026-06-02 18:28:26,002 [INFO] detector: Window info set — origin=(0, 33)  size=1512x884  scale=1.0
2026-06-02 18:28:26,503 [INFO] detector: Window info set — origin=(0, 33)  size=1512x884  scale=1.0
2026-06-02 18:28:27,005 [INFO] detector: Window info set — origin=(0, 33)  size=1512x884  scale=1.0
2026-06-02 18:28:27,507 [INFO] detector: Window info set — origin=(0, 33)  size=1512x884  scale=1.0
2026-06-02 18:28:28,008 [INFO] detector: Window info set — origin=(0, 33)  size=1512x884  scale=1.0
2026-06-02 18:28:28,509 [INFO] detector: Window info set — origin=(0, 33)  size=1512x884  scale=1.0
2026-06-02 18:28:29,013 [INFO] detector: Window info set — origin=(0, 33)  size=1512x884  scale=1.0
2026-06-02 18:28:29,514 [INFO] detector: Window info set — origin=(0, 33)  size=1512x884  scale=1.0
2026-06-02 18:28:30,015 [INFO] detector: Window info set — origin=(0, 33)  size=1512x884  scale=1.0
2026-06-02 18:28:30,516 [INFO] detector: Window info set — origin=(0, 33)  size=1512x884  scale=1.0
2026-06-02 18:28:31,019 [INFO] detector: Window info set — origin=(0, 33)  size=1512x884  scale=1.0
2026-06-02 18:28:31,521 [INFO] detector: Window info set — origin=(0, 33)  size=1512x884  scale=1.0
2026-06-02 18:28:32,022 [INFO] detector: Window info set — origin=(0, 33)  size=1512x884  scale=1.0
2026-06-02 18:28:32,523 [INFO] detector: Window info set — origin=(0, 33)  size=1512x884  scale=1.0
2026-06-02 18:28:33,025 [INFO] detector: Window info set — origin=(0, 33)  size=1512x884  scale=1.0
2026-06-02 18:28:33,526 [INFO] detector: Window info set — origin=(0, 33)  size=1512x884  scale=1.0
2026-06-02 18:28:34,028 [INFO] detector: Window info set — origin=(0, 33)  size=1512x884  scale=1.0
2026-06-02 18:28:34,529 [INFO] detector: Window info set — origin=(0, 33)  size=1512x884  scale=1.0
2026-06-02 18:28:35,031 [INFO] detector: Window info set — origin=(0, 33)  size=1512x884  scale=1.0
2026-06-02 18:28:35,532 [INFO] detector: Window info set — origin=(0, 33)  size=1512x884  scale=1.0
2026-06-02 18:28:36,033 [INFO] detector: Window info set — origin=(0, 33)  size=1512x884  scale=1.0
2026-06-02 18:28:36,535 [INFO] detector: Window info set — origin=(0, 33)  size=1512x884  scale=1.0
2026-06-02 18:28:37,037 [INFO] detector: Window info set — origin=(0, 33)  size=1512x884  scale=1.0
2026-06-02 18:28:37,538 [INFO] detector: Window info set — origin=(0, 33)  size=1512x884  scale=1.0
2026-06-02 18:28:38,039 [INFO] detector: Window info set — origin=(0, 33)  size=1512x884  scale=1.0
2026-06-02 18:28:38,540 [INFO] detector: Window info set — origin=(0, 33)  size=1512x884  scale=1.0
2026-06-02 18:28:39,042 [INFO] detector: Window info set — origin=(0, 33)  size=1512x884  scale=1.0
2026-06-02 18:28:39,543 [INFO] detector: Window info set — origin=(0, 33)  size=1512x884  scale=1.0
2026-06-02 18:28:40,044 [INFO] detector: Window info set — origin=(0, 33)  size=1512x884  scale=1.0
2026-06-02 18:28:40,545 [INFO] detector: Window info set — origin=(0, 33)  size=1512x884  scale=1.0
2026-06-02 18:28:41,047 [INFO] detector: Window info set — origin=(0, 33)  size=1512x884  scale=1.0
2026-06-02 18:28:41,548 [INFO] detector: Window info set — origin=(0, 33)  size=1512x884  scale=1.0
2026-06-02 18:28:42,049 [INFO] detector: Window info set — origin=(0, 33)  size=1512x884  scale=1.0
2026-06-02 18:28:42,551 [INFO] detector: Window info set — origin=(0, 33)  size=1512x884  scale=1.0
2026-06-02 18:28:43,055 [INFO] detector: Window info set — origin=(0, 33)  size=1512x884  scale=1.0
2026-06-02 18:28:43,556 [INFO] detector: Window info set — origin=(0, 33)  size=1512x884  scale=1.0
2026-06-02 18:28:44,058 [INFO] detector: Window info set — origin=(0, 33)  size=1512x884  scale=1.0
2026-06-02 18:28:44,496 [INFO] macro: Minigame ready — fish on the line!
2026-06-02 18:28:44,496 [INFO] macro: State: Waiting for Bite → Reeling
2026-06-02 18:28:44,559 [INFO] detector: Window info set — origin=(0, 33)  size=1512x884  scale=1.0
2026-06-02 18:28:45,065 [INFO] detector: Window info set — origin=(0, 33)  size=1512x884  scale=1.0
2026-06-02 18:28:45,566 [INFO] detector: Window info set — origin=(0, 33)  size=1512x884  scale=1.0
2026-06-02 18:28:46,066 [INFO] detector: Window info set — origin=(0, 33)  size=1512x884  scale=1.0
2026-06-02 18:28:46,568 [INFO] detector: Window info set — origin=(0, 33)  size=1512x884  scale=1.0
2026-06-02 18:28:46,914 [INFO] macro: State: Reeling → Catch Complete
2026-06-02 18:28:47,071 [INFO] detector: Window info set — origin=(0, 33)  size=1512x884  scale=1.0
2026-06-02 18:28:47,572 [INFO] detector: Window info set — origin=(0, 33)  size=1512x884  scale=1.0
2026-06-02 18:28:48,073 [INFO] detector: Window info set — origin=(0, 33)  size=1512x884  scale=1.0
2026-06-02 18:28:48,575 [INFO] detector: Window info set — origin=(0, 33)  size=1512x884  scale=1.0
2026-06-02 18:28:49,081 [INFO] detector: Window info set — origin=(0, 33)  size=1512x884  scale=1.0
2026-06-02 18:28:49,583 [INFO] detector: Window info set — origin=(0, 33)  size=1512x884  scale=1.0
2026-06-02 18:28:49,638 [INFO] macro: State: Catch Complete → Casting
2026-06-02 18:28:50,084 [INFO] detector: Window info set — origin=(0, 33)  size=1512x884  scale=1.0
2026-06-02 18:28:50,586 [INFO] detector: Window info set — origin=(0, 33)  size=1512x884  scale=1.0
2026-06-02 18:28:51,090 [INFO] detector: Window info set — origin=(0, 33)  size=1512x884  scale=1.0
2026-06-02 18:28:51,265 [INFO] macro: State: Casting → Waiting for Bite
2026-06-02 18:28:51,591 [INFO] detector: Window info set — origin=(0, 33)  size=1512x884  scale=1.0
2026-06-02 18:28:52,093 [INFO] detector: Window info set — origin=(0, 33)  size=1512x884  scale=1.0
2026-06-02 18:28:52,296 [INFO] controller: Global hotkey pressed: f6
2026-06-02 18:28:52,299 [INFO] controller: Controller stopped.
2026-06-02 18:28:52,299 [INFO] macro: State: Waiting for Bite → Stopped
2026-06-02 18:28:52,345 [INFO] macro: Macro loop ended (stop requested)
2026-06-02 18:28:55,300 [INFO] macro: Macro engine stopped
2026-06-02 18:29:18,548 [INFO] controller: Global hotkey pressed: f6
2026-06-02 18:29:18,609 [INFO] detector: Window info set — origin=(0, 33)  size=1512x884  scale=1.0
2026-06-02 18:29:18,612 [INFO] controller: Controller started.
2026-06-02 18:29:18,613 [INFO] macro: State: Stopped → Casting
2026-06-02 18:29:18,613 [INFO] macro: Macro engine started
2026-06-02 18:29:18,883 [INFO] detector: Window info set — origin=(0, 33)  size=1512x884  scale=1.0
2026-06-02 18:29:19,389 [INFO] detector: Window info set — origin=(0, 33)  size=1512x884  scale=1.0
2026-06-02 18:29:19,890 [INFO] detector: Window info set — origin=(0, 33)  size=1512x884  scale=1.0
2026-06-02 18:29:20,218 [INFO] macro: State: Casting → Waiting for Bite
2026-06-02 18:29:20,391 [INFO] detector: Window info set — origin=(0, 33)  size=1512x884  scale=1.0
2026-06-02 18:29:20,893 [INFO] detector: Window info set — origin=(0, 33)  size=1512x884  scale=1.0
2026-06-02 18:29:21,396 [INFO] detector: Window info set — origin=(0, 33)  size=1512x884  scale=1.0
2026-06-02 18:29:21,897 [INFO] detector: Window info set — origin=(0, 33)  size=1512x884  scale=1.0
2026-06-02 18:29:22,398 [INFO] detector: Window info set — origin=(0, 33)  size=1512x884  scale=1.0
2026-06-02 18:29:22,899 [INFO] detector: Window info set — origin=(0, 33)  size=1512x884  scale=1.0
2026-06-02 18:29:23,096 [INFO] controller: Global hotkey pressed: f6
2026-06-02 18:29:23,229 [INFO] controller: Controller stopped.
2026-06-02 18:29:23,230 [INFO] macro: State: Waiting for Bite → Stopped
2026-06-02 18:29:23,310 [INFO] macro: Macro loop ended (stop requested)
2026-06-02 18:29:26,230 [INFO] macro: Macro engine stopped
2026-06-02 18:29:44,050 [INFO] main: Cleaning up...
2026-06-02 18:29:44,050 [INFO] controller: Controller cleaned up.
2026-06-02 18:29:44,050 [INFO] main: Exiting.
2026-06-02 18:30:43,503 [INFO] main: Starting Fisch Macro...
2026-06-02 18:30:43,534 [INFO] main: Initializing configuration...
2026-06-02 18:30:43,534 [INFO] main: Initializing window tracker...
2026-06-02 18:30:43,534 [INFO] main: Initializing detector...
2026-06-02 18:30:43,534 [INFO] main: Initializing controller...
2026-06-02 18:30:43,534 [INFO] main: Setting up start/stop hotkey on key: f6
2026-06-02 18:30:43,555 [INFO] controller: Global hotkey active: press 'f6' to start/stop the macro.
2026-06-02 18:30:43,555 [INFO] main: Initializing macro engine...
2026-06-02 18:30:43,555 [INFO] main: Starting GUI...
2026-06-02 18:30:47,905 [INFO] controller: Global hotkey pressed: f6
2026-06-02 18:30:47,907 [INFO] src.window_tracker: Display scale factor (Quartz): 1.00
2026-06-02 18:30:47,907 [INFO] detector: Window info set — origin=(0, 33)  size=1512x884  scale=1.0
2026-06-02 18:30:47,911 [INFO] controller: Controller started.
2026-06-02 18:30:47,911 [INFO] macro: State: Idle → Casting
2026-06-02 18:30:47,911 [INFO] macro: Macro engine started
2026-06-02 18:30:48,227 [INFO] detector: Window info set — origin=(0, 33)  size=1512x884  scale=1.0
2026-06-02 18:30:48,728 [INFO] detector: Window info set — origin=(0, 33)  size=1512x884  scale=1.0
2026-06-02 18:30:49,230 [INFO] detector: Window info set — origin=(0, 33)  size=1512x884  scale=1.0
2026-06-02 18:30:49,545 [INFO] macro: State: Casting → Waiting for Bite
2026-06-02 18:30:49,732 [INFO] detector: Window info set — origin=(0, 33)  size=1512x884  scale=1.0
2026-06-02 18:30:50,233 [INFO] detector: Window info set — origin=(0, 33)  size=1512x884  scale=1.0
2026-06-02 18:30:50,735 [INFO] detector: Window info set — origin=(0, 33)  size=1512x884  scale=1.0
2026-06-02 18:30:51,236 [INFO] detector: Window info set — origin=(0, 33)  size=1512x884  scale=1.0
2026-06-02 18:30:51,738 [INFO] detector: Window info set — origin=(0, 33)  size=1512x884  scale=1.0
2026-06-02 18:30:52,240 [INFO] detector: Window info set — origin=(0, 33)  size=1512x884  scale=1.0
2026-06-02 18:30:52,741 [INFO] detector: Window info set — origin=(0, 33)  size=1512x884  scale=1.0
2026-06-02 18:30:53,242 [INFO] detector: Window info set — origin=(0, 33)  size=1512x884  scale=1.0
2026-06-02 18:30:53,745 [INFO] detector: Window info set — origin=(0, 33)  size=1512x884  scale=1.0
2026-06-02 18:30:54,246 [INFO] detector: Window info set — origin=(0, 33)  size=1512x884  scale=1.0
2026-06-02 18:30:54,748 [INFO] detector: Window info set — origin=(0, 33)  size=1512x884  scale=1.0
2026-06-02 18:30:55,248 [INFO] detector: Window info set — origin=(0, 33)  size=1512x884  scale=1.0
2026-06-02 18:30:55,751 [INFO] detector: Window info set — origin=(0, 33)  size=1512x884  scale=1.0
2026-06-02 18:30:56,251 [INFO] detector: Window info set — origin=(0, 33)  size=1512x884  scale=1.0
2026-06-02 18:30:56,753 [INFO] detector: Window info set — origin=(0, 33)  size=1512x884  scale=1.0
2026-06-02 18:30:57,254 [INFO] detector: Window info set — origin=(0, 33)  size=1512x884  scale=1.0
2026-06-02 18:30:57,755 [INFO] detector: Window info set — origin=(0, 33)  size=1512x884  scale=1.0
2026-06-02 18:30:58,256 [INFO] detector: Window info set — origin=(0, 33)  size=1512x884  scale=1.0
2026-06-02 18:30:58,757 [INFO] detector: Window info set — origin=(0, 33)  size=1512x884  scale=1.0
2026-06-02 18:30:59,258 [INFO] detector: Window info set — origin=(0, 33)  size=1512x884  scale=1.0
2026-06-02 18:30:59,763 [INFO] detector: Window info set — origin=(0, 33)  size=1512x884  scale=1.0
2026-06-02 18:31:00,264 [INFO] detector: Window info set — origin=(0, 33)  size=1512x884  scale=1.0
2026-06-02 18:31:00,765 [INFO] detector: Window info set — origin=(0, 33)  size=1512x884  scale=1.0
2026-06-02 18:31:01,266 [INFO] detector: Window info set — origin=(0, 33)  size=1512x884  scale=1.0
2026-06-02 18:31:01,768 [INFO] detector: Window info set — origin=(0, 33)  size=1512x884  scale=1.0
2026-06-02 18:31:02,269 [INFO] detector: Window info set — origin=(0, 33)  size=1512x884  scale=1.0
2026-06-02 18:31:02,770 [INFO] detector: Window info set — origin=(0, 33)  size=1512x884  scale=1.0
2026-06-02 18:31:03,271 [INFO] detector: Window info set — origin=(0, 33)  size=1512x884  scale=1.0
2026-06-02 18:31:03,774 [INFO] detector: Window info set — origin=(0, 33)  size=1512x884  scale=1.0
2026-06-02 18:31:04,275 [INFO] detector: Window info set — origin=(0, 33)  size=1512x884  scale=1.0
2026-06-02 18:31:04,776 [INFO] detector: Window info set — origin=(0, 33)  size=1512x884  scale=1.0
2026-06-02 18:31:04,857 [INFO] macro: Minigame ready — fish on the line!
2026-06-02 18:31:04,857 [INFO] macro: State: Waiting for Bite → Reeling
2026-06-02 18:31:05,278 [INFO] detector: Window info set — origin=(0, 33)  size=1512x884  scale=1.0
2026-06-02 18:31:05,779 [INFO] detector: Window info set — origin=(0, 33)  size=1512x884  scale=1.0
2026-06-02 18:31:06,281 [INFO] detector: Window info set — origin=(0, 33)  size=1512x884  scale=1.0
2026-06-02 18:31:06,782 [INFO] detector: Window info set — origin=(0, 33)  size=1512x884  scale=1.0
2026-06-02 18:31:07,283 [INFO] detector: Window info set — origin=(0, 33)  size=1512x884  scale=1.0
2026-06-02 18:31:07,787 [INFO] detector: Window info set — origin=(0, 33)  size=1512x884  scale=1.0
2026-06-02 18:31:08,288 [INFO] detector: Window info set — origin=(0, 33)  size=1512x884  scale=1.0
2026-06-02 18:31:08,790 [INFO] detector: Window info set — origin=(0, 33)  size=1512x884  scale=1.0
2026-06-02 18:31:09,246 [INFO] macro: State: Reeling → Catch Complete
2026-06-02 18:31:09,291 [INFO] detector: Window info set — origin=(0, 33)  size=1512x884  scale=1.0
2026-06-02 18:31:09,797 [INFO] detector: Window info set — origin=(0, 33)  size=1512x884  scale=1.0
2026-06-02 18:31:10,299 [INFO] detector: Window info set — origin=(0, 33)  size=1512x884  scale=1.0
2026-06-02 18:31:10,801 [INFO] detector: Window info set — origin=(0, 33)  size=1512x884  scale=1.0
2026-06-02 18:31:11,301 [INFO] detector: Window info set — origin=(0, 33)  size=1512x884  scale=1.0
2026-06-02 18:31:11,806 [INFO] detector: Window info set — origin=(0, 33)  size=1512x884  scale=1.0
2026-06-02 18:31:11,956 [INFO] macro: State: Catch Complete → Casting
2026-06-02 18:31:12,307 [INFO] detector: Window info set — origin=(0, 33)  size=1512x884  scale=1.0
2026-06-02 18:31:12,809 [INFO] detector: Window info set — origin=(0, 33)  size=1512x884  scale=1.0
2026-06-02 18:31:13,310 [INFO] detector: Window info set — origin=(0, 33)  size=1512x884  scale=1.0
2026-06-02 18:31:13,572 [INFO] macro: State: Casting → Waiting for Bite
2026-06-02 18:31:13,739 [INFO] macro: Minigame ready — fish on the line!
2026-06-02 18:31:13,740 [INFO] macro: State: Waiting for Bite → Reeling
2026-06-02 18:31:13,812 [INFO] detector: Window info set — origin=(0, 33)  size=1512x884  scale=1.0
2026-06-02 18:31:14,313 [INFO] detector: Window info set — origin=(0, 33)  size=1512x884  scale=1.0
2026-06-02 18:31:14,814 [INFO] detector: Window info set — origin=(0, 33)  size=1512x884  scale=1.0
2026-06-02 18:31:15,316 [INFO] detector: Window info set — origin=(0, 33)  size=1512x884  scale=1.0
2026-06-02 18:31:15,822 [INFO] detector: Window info set — origin=(0, 33)  size=1512x884  scale=1.0
2026-06-02 18:31:16,323 [INFO] detector: Window info set — origin=(0, 33)  size=1512x884  scale=1.0
2026-06-02 18:31:16,824 [INFO] detector: Window info set — origin=(0, 33)  size=1512x884  scale=1.0
2026-06-02 18:31:17,326 [INFO] detector: Window info set — origin=(0, 33)  size=1512x884  scale=1.0
2026-06-02 18:31:17,830 [INFO] detector: Window info set — origin=(0, 33)  size=1512x884  scale=1.0
2026-06-02 18:31:18,088 [INFO] macro: State: Reeling → Catch Complete
2026-06-02 18:31:18,331 [INFO] detector: Window info set — origin=(0, 33)  size=1512x884  scale=1.0
2026-06-02 18:31:18,834 [INFO] detector: Window info set — origin=(0, 33)  size=1512x884  scale=1.0
2026-06-02 18:31:19,335 [INFO] detector: Window info set — origin=(0, 33)  size=1512x884  scale=1.0
2026-06-02 18:31:19,840 [INFO] detector: Window info set — origin=(0, 33)  size=1512x884  scale=1.0
2026-06-02 18:31:20,341 [INFO] detector: Window info set — origin=(0, 33)  size=1512x884  scale=1.0
2026-06-02 18:31:20,791 [INFO] macro: State: Catch Complete → Casting
2026-06-02 18:31:20,843 [INFO] detector: Window info set — origin=(0, 33)  size=1512x884  scale=1.0
2026-06-02 18:31:21,344 [INFO] detector: Window info set — origin=(0, 33)  size=1512x884  scale=1.0
2026-06-02 18:31:21,846 [INFO] detector: Window info set — origin=(0, 33)  size=1512x884  scale=1.0
2026-06-02 18:31:22,025 [INFO] controller: Global hotkey pressed: f6
2026-06-02 18:31:22,026 [INFO] controller: Controller stopped.
2026-06-02 18:31:22,027 [INFO] macro: State: Casting → Stopped
2026-06-02 18:31:22,407 [INFO] macro: State: Stopped → Waiting for Bite
2026-06-02 18:31:25,028 [INFO] macro: Macro engine stopped
2026-06-02 18:31:25,086 [INFO] macro: State: Waiting for Bite → Stopped
2026-06-02 18:31:25,087 [INFO] macro: Macro loop ended (stop requested)
2026-06-02 18:33:15,210 [INFO] main: Cleaning up...
2026-06-02 18:33:15,212 [INFO] controller: Controller cleaned up.
2026-06-02 18:33:15,212 [INFO] main: Exiting.
2026-06-02 18:35:16,966 [INFO] main: Starting Fisch Macro...
2026-06-02 18:35:16,998 [INFO] main: Initializing configuration...
2026-06-02 18:35:16,998 [INFO] main: Initializing window tracker...
2026-06-02 18:35:16,998 [INFO] main: Initializing detector...
2026-06-02 18:35:16,998 [INFO] main: Initializing controller...
2026-06-02 18:35:16,998 [INFO] main: Setting up start/stop hotkey on key: f6
2026-06-02 18:35:17,019 [INFO] controller: Global hotkey active: press 'f6' to start/stop the macro.
2026-06-02 18:35:17,019 [INFO] main: Initializing macro engine...
2026-06-02 18:35:17,019 [INFO] main: Starting GUI...
2026-06-02 18:35:32,558 [INFO] controller: Global hotkey pressed: f6
2026-06-02 18:35:32,624 [INFO] src.window_tracker: Display scale factor (Quartz): 1.00
2026-06-02 18:35:32,624 [INFO] detector: Window info set — origin=(0, 33)  size=1512x884  scale=1.0
2026-06-02 18:35:32,626 [INFO] controller: Controller started.
2026-06-02 18:35:32,627 [INFO] macro: State: Idle → Casting
2026-06-02 18:35:32,627 [INFO] macro: Macro engine started
2026-06-02 18:35:32,734 [INFO] detector: Window info set — origin=(0, 33)  size=1512x884  scale=1.0
2026-06-02 18:35:33,239 [INFO] detector: Window info set — origin=(0, 33)  size=1512x884  scale=1.0
2026-06-02 18:35:33,740 [INFO] detector: Window info set — origin=(0, 33)  size=1512x884  scale=1.0
2026-06-02 18:35:34,242 [INFO] detector: Window info set — origin=(0, 33)  size=1512x884  scale=1.0
2026-06-02 18:35:34,272 [INFO] macro: State: Casting → Waiting for Bite
2026-06-02 18:35:34,743 [INFO] detector: Window info set — origin=(0, 33)  size=1512x884  scale=1.0
2026-06-02 18:35:35,245 [INFO] detector: Window info set — origin=(0, 33)  size=1512x884  scale=1.0
2026-06-02 18:35:35,746 [INFO] detector: Window info set — origin=(0, 33)  size=1512x884  scale=1.0
2026-06-02 18:35:36,247 [INFO] detector: Window info set — origin=(0, 33)  size=1512x884  scale=1.0
2026-06-02 18:35:36,748 [INFO] detector: Window info set — origin=(0, 33)  size=1512x884  scale=1.0
2026-06-02 18:35:37,250 [INFO] detector: Window info set — origin=(0, 33)  size=1512x884  scale=1.0
2026-06-02 18:35:37,750 [INFO] detector: Window info set — origin=(0, 33)  size=1512x884  scale=1.0
2026-06-02 18:35:38,251 [INFO] detector: Window info set — origin=(0, 33)  size=1512x884  scale=1.0
2026-06-02 18:35:38,753 [INFO] detector: Window info set — origin=(0, 33)  size=1512x884  scale=1.0
2026-06-02 18:35:39,254 [INFO] detector: Window info set — origin=(0, 33)  size=1512x884  scale=1.0
2026-06-02 18:35:39,755 [INFO] detector: Window info set — origin=(0, 33)  size=1512x884  scale=1.0
2026-06-02 18:35:40,257 [INFO] detector: Window info set — origin=(0, 33)  size=1512x884  scale=1.0
2026-06-02 18:35:40,757 [INFO] detector: Window info set — origin=(0, 33)  size=1512x884  scale=1.0
2026-06-02 18:35:41,262 [INFO] detector: Window info set — origin=(0, 33)  size=1512x884  scale=1.0
2026-06-02 18:35:41,763 [INFO] detector: Window info set — origin=(0, 33)  size=1512x884  scale=1.0
2026-06-02 18:35:42,264 [INFO] detector: Window info set — origin=(0, 33)  size=1512x884  scale=1.0
2026-06-02 18:35:42,765 [INFO] detector: Window info set — origin=(0, 33)  size=1512x884  scale=1.0
2026-06-02 18:35:43,267 [INFO] detector: Window info set — origin=(0, 33)  size=1512x884  scale=1.0
2026-06-02 18:35:43,767 [INFO] detector: Window info set — origin=(0, 33)  size=1512x884  scale=1.0
2026-06-02 18:35:44,269 [INFO] detector: Window info set — origin=(0, 33)  size=1512x884  scale=1.0
2026-06-02 18:35:44,770 [INFO] detector: Window info set — origin=(0, 33)  size=1512x884  scale=1.0
2026-06-02 18:35:45,272 [INFO] detector: Window info set — origin=(0, 33)  size=1512x884  scale=1.0
2026-06-02 18:35:45,773 [INFO] detector: Window info set — origin=(0, 33)  size=1512x884  scale=1.0
2026-06-02 18:35:46,274 [INFO] detector: Window info set — origin=(0, 33)  size=1512x884  scale=1.0
2026-06-02 18:35:46,775 [INFO] detector: Window info set — origin=(0, 33)  size=1512x884  scale=1.0
2026-06-02 18:35:47,278 [INFO] detector: Window info set — origin=(0, 33)  size=1512x884  scale=1.0
2026-06-02 18:35:47,779 [INFO] detector: Window info set — origin=(0, 33)  size=1512x884  scale=1.0
2026-06-02 18:35:48,281 [INFO] detector: Window info set — origin=(0, 33)  size=1512x884  scale=1.0
2026-06-02 18:35:48,321 [INFO] macro: Minigame ready — fish on the line!
2026-06-02 18:35:48,321 [INFO] macro: State: Waiting for Bite → Reeling
2026-06-02 18:35:48,782 [INFO] detector: Window info set — origin=(0, 33)  size=1512x884  scale=1.0
2026-06-02 18:35:49,287 [INFO] detector: Window info set — origin=(0, 33)  size=1512x884  scale=1.0
2026-06-02 18:35:49,788 [INFO] detector: Window info set — origin=(0, 33)  size=1512x884  scale=1.0
2026-06-02 18:35:50,289 [INFO] detector: Window info set — origin=(0, 33)  size=1512x884  scale=1.0
2026-06-02 18:35:50,790 [INFO] detector: Window info set — origin=(0, 33)  size=1512x884  scale=1.0
2026-06-02 18:35:51,295 [INFO] detector: Window info set — origin=(0, 33)  size=1512x884  scale=1.0
2026-06-02 18:35:51,796 [INFO] detector: Window info set — origin=(0, 33)  size=1512x884  scale=1.0
2026-06-02 18:35:52,297 [INFO] detector: Window info set — origin=(0, 33)  size=1512x884  scale=1.0
2026-06-02 18:35:52,611 [INFO] macro: State: Reeling → Catch Complete
2026-06-02 18:35:52,798 [INFO] detector: Window info set — origin=(0, 33)  size=1512x884  scale=1.0
2026-06-02 18:35:53,300 [INFO] detector: Window info set — origin=(0, 33)  size=1512x884  scale=1.0
2026-06-02 18:35:53,802 [INFO] detector: Window info set — origin=(0, 33)  size=1512x884  scale=1.0
2026-06-02 18:35:54,304 [INFO] detector: Window info set — origin=(0, 33)  size=1512x884  scale=1.0
2026-06-02 18:35:54,806 [INFO] detector: Window info set — origin=(0, 33)  size=1512x884  scale=1.0
2026-06-02 18:35:55,309 [INFO] detector: Window info set — origin=(0, 33)  size=1512x884  scale=1.0
2026-06-02 18:35:55,329 [INFO] macro: State: Catch Complete → Casting
2026-06-02 18:35:55,810 [INFO] detector: Window info set — origin=(0, 33)  size=1512x884  scale=1.0
2026-06-02 18:35:56,312 [INFO] detector: Window info set — origin=(0, 33)  size=1512x884  scale=1.0
2026-06-02 18:35:56,813 [INFO] detector: Window info set — origin=(0, 33)  size=1512x884  scale=1.0
2026-06-02 18:35:57,056 [INFO] macro: State: Casting → Waiting for Bite
2026-06-02 18:35:57,316 [INFO] detector: Window info set — origin=(0, 33)  size=1512x884  scale=1.0
2026-06-02 18:35:57,817 [INFO] detector: Window info set — origin=(0, 33)  size=1512x884  scale=1.0
2026-06-02 18:35:58,318 [INFO] detector: Window info set — origin=(0, 33)  size=1512x884  scale=1.0
2026-06-02 18:35:58,820 [INFO] detector: Window info set — origin=(0, 33)  size=1512x884  scale=1.0
2026-06-02 18:35:59,322 [INFO] detector: Window info set — origin=(0, 33)  size=1512x884  scale=1.0
2026-06-02 18:35:59,822 [INFO] detector: Window info set — origin=(0, 33)  size=1512x884  scale=1.0
2026-06-02 18:35:59,946 [INFO] controller: Global hotkey pressed: f6
2026-06-02 18:35:59,947 [INFO] controller: Controller stopped.
2026-06-02 18:35:59,947 [INFO] macro: State: Waiting for Bite → Stopped
2026-06-02 18:35:59,979 [INFO] macro: Macro loop ended (stop requested)
2026-06-02 18:36:02,948 [INFO] macro: Macro engine stopped
2026-06-02 18:36:38,357 [INFO] detector: Window info set — origin=(0, 33)  size=1512x884  scale=1.0
2026-06-02 18:37:01,147 [INFO] detector: Window info set — origin=(0, 33)  size=1512x884  scale=1.0
2026-06-02 18:37:16,162 [INFO] controller: Global hotkey pressed: f6
2026-06-02 18:37:16,164 [INFO] detector: Window info set — origin=(0, 33)  size=1512x884  scale=1.0
2026-06-02 18:37:16,167 [INFO] controller: Controller started.
2026-06-02 18:37:16,168 [INFO] macro: State: Stopped → Casting
2026-06-02 18:37:16,168 [INFO] macro: Macro engine started
2026-06-02 18:37:16,347 [INFO] detector: Window info set — origin=(0, 33)  size=1512x884  scale=1.0
2026-06-02 18:37:16,849 [INFO] detector: Window info set — origin=(0, 33)  size=1512x884  scale=1.0
2026-06-02 18:37:17,350 [INFO] detector: Window info set — origin=(0, 33)  size=1512x884  scale=1.0
2026-06-02 18:37:17,775 [INFO] macro: State: Casting → Waiting for Bite
2026-06-02 18:37:17,854 [INFO] detector: Window info set — origin=(0, 33)  size=1512x884  scale=1.0
2026-06-02 18:37:18,355 [INFO] detector: Window info set — origin=(0, 33)  size=1512x884  scale=1.0
2026-06-02 18:37:18,857 [INFO] detector: Window info set — origin=(0, 33)  size=1512x884  scale=1.0
2026-06-02 18:37:19,358 [INFO] detector: Window info set — origin=(0, 33)  size=1512x884  scale=1.0
2026-06-02 18:37:19,861 [INFO] detector: Window info set — origin=(0, 33)  size=1512x884  scale=1.0
2026-06-02 18:37:20,362 [INFO] detector: Window info set — origin=(0, 33)  size=1512x884  scale=1.0
2026-06-02 18:37:20,863 [INFO] detector: Window info set — origin=(0, 33)  size=1512x884  scale=1.0
2026-06-02 18:37:21,364 [INFO] detector: Window info set — origin=(0, 33)  size=1512x884  scale=1.0
2026-06-02 18:37:21,866 [INFO] detector: Window info set — origin=(0, 33)  size=1512x884  scale=1.0
2026-06-02 18:37:22,368 [INFO] detector: Window info set — origin=(0, 33)  size=1512x884  scale=1.0
2026-06-02 18:37:22,870 [INFO] detector: Window info set — origin=(0, 33)  size=1512x884  scale=1.0
2026-06-02 18:37:23,370 [INFO] detector: Window info set — origin=(0, 33)  size=1512x884  scale=1.0
2026-06-02 18:37:23,873 [INFO] detector: Window info set — origin=(0, 33)  size=1512x884  scale=1.0
2026-06-02 18:37:24,375 [INFO] detector: Window info set — origin=(0, 33)  size=1512x884  scale=1.0
2026-06-02 18:37:24,876 [INFO] detector: Window info set — origin=(0, 33)  size=1512x884  scale=1.0
2026-06-02 18:37:25,377 [INFO] detector: Window info set — origin=(0, 33)  size=1512x884  scale=1.0
2026-06-02 18:37:25,879 [INFO] detector: Window info set — origin=(0, 33)  size=1512x884  scale=1.0
2026-06-02 18:37:26,381 [INFO] detector: Window info set — origin=(0, 33)  size=1512x884  scale=1.0
2026-06-02 18:37:26,882 [INFO] detector: Window info set — origin=(0, 33)  size=1512x884  scale=1.0
2026-06-02 18:37:27,383 [INFO] detector: Window info set — origin=(0, 33)  size=1512x884  scale=1.0
2026-06-02 18:37:27,887 [INFO] detector: Window info set — origin=(0, 33)  size=1512x884  scale=1.0
2026-06-02 18:37:28,389 [INFO] detector: Window info set — origin=(0, 33)  size=1512x884  scale=1.0
2026-06-02 18:37:28,890 [INFO] detector: Window info set — origin=(0, 33)  size=1512x884  scale=1.0
2026-06-02 18:37:29,391 [INFO] detector: Window info set — origin=(0, 33)  size=1512x884  scale=1.0
2026-06-02 18:37:29,896 [INFO] detector: Window info set — origin=(0, 33)  size=1512x884  scale=1.0
2026-06-02 18:37:30,398 [INFO] detector: Window info set — origin=(0, 33)  size=1512x884  scale=1.0
2026-06-02 18:37:30,898 [INFO] detector: Window info set — origin=(0, 33)  size=1512x884  scale=1.0
2026-06-02 18:37:31,399 [INFO] detector: Window info set — origin=(0, 33)  size=1512x884  scale=1.0
2026-06-02 18:37:31,902 [INFO] detector: Window info set — origin=(0, 33)  size=1512x884  scale=1.0
2026-06-02 18:37:32,404 [INFO] detector: Window info set — origin=(0, 33)  size=1512x884  scale=1.0
2026-06-02 18:37:32,905 [INFO] detector: Window info set — origin=(0, 33)  size=1512x884  scale=1.0
2026-06-02 18:37:33,407 [INFO] detector: Window info set — origin=(0, 33)  size=1512x884  scale=1.0
2026-06-02 18:37:33,806 [INFO] macro: Minigame ready — fish on the line!
2026-06-02 18:37:33,823 [INFO] macro: State: Waiting for Bite → Reeling
2026-06-02 18:37:33,908 [INFO] detector: Window info set — origin=(0, 33)  size=1512x884  scale=1.0
2026-06-02 18:37:34,410 [INFO] detector: Window info set — origin=(0, 33)  size=1512x884  scale=1.0
2026-06-02 18:37:34,912 [INFO] detector: Window info set — origin=(0, 33)  size=1512x884  scale=1.0
2026-06-02 18:37:35,413 [INFO] detector: Window info set — origin=(0, 33)  size=1512x884  scale=1.0
2026-06-02 18:37:35,917 [INFO] detector: Window info set — origin=(0, 33)  size=1512x884  scale=1.0
2026-06-02 18:37:36,418 [INFO] detector: Window info set — origin=(0, 33)  size=1512x884  scale=1.0
2026-06-02 18:37:36,920 [INFO] detector: Window info set — origin=(0, 33)  size=1512x884  scale=1.0
2026-06-02 18:37:37,422 [INFO] detector: Window info set — origin=(0, 33)  size=1512x884  scale=1.0
2026-06-02 18:37:37,924 [INFO] detector: Window info set — origin=(0, 33)  size=1512x884  scale=1.0
2026-06-02 18:37:38,045 [INFO] macro: State: Reeling → Catch Complete
2026-06-02 18:37:38,426 [INFO] detector: Window info set — origin=(0, 33)  size=1512x884  scale=1.0
2026-06-02 18:37:38,928 [INFO] detector: Window info set — origin=(0, 33)  size=1512x884  scale=1.0
2026-06-02 18:37:39,430 [INFO] detector: Window info set — origin=(0, 33)  size=1512x884  scale=1.0
2026-06-02 18:37:39,933 [INFO] detector: Window info set — origin=(0, 33)  size=1512x884  scale=1.0
2026-06-02 18:37:40,435 [INFO] detector: Window info set — origin=(0, 33)  size=1512x884  scale=1.0
2026-06-02 18:37:40,778 [INFO] macro: State: Catch Complete → Casting
2026-06-02 18:37:40,937 [INFO] detector: Window info set — origin=(0, 33)  size=1512x884  scale=1.0
2026-06-02 18:37:41,439 [INFO] detector: Window info set — origin=(0, 33)  size=1512x884  scale=1.0
2026-06-02 18:37:41,941 [INFO] detector: Window info set — origin=(0, 33)  size=1512x884  scale=1.0
2026-06-02 18:37:42,443 [INFO] detector: Window info set — origin=(0, 33)  size=1512x884  scale=1.0
2026-06-02 18:37:42,488 [INFO] macro: State: Casting → Waiting for Bite
2026-06-02 18:37:42,944 [INFO] detector: Window info set — origin=(0, 33)  size=1512x884  scale=1.0
2026-06-02 18:37:43,445 [INFO] detector: Window info set — origin=(0, 33)  size=1512x884  scale=1.0
2026-06-02 18:37:43,948 [INFO] detector: Window info set — origin=(0, 33)  size=1512x884  scale=1.0
2026-06-02 18:37:44,449 [INFO] detector: Window info set — origin=(0, 33)  size=1512x884  scale=1.0
2026-06-02 18:37:44,950 [INFO] detector: Window info set — origin=(0, 33)  size=1512x884  scale=1.0
2026-06-02 18:37:45,451 [INFO] detector: Window info set — origin=(0, 33)  size=1512x884  scale=1.0
2026-06-02 18:37:45,954 [INFO] detector: Window info set — origin=(0, 33)  size=1512x884  scale=1.0
2026-06-02 18:37:46,455 [INFO] detector: Window info set — origin=(0, 33)  size=1512x884  scale=1.0
2026-06-02 18:37:46,956 [INFO] detector: Window info set — origin=(0, 33)  size=1512x884  scale=1.0
2026-06-02 18:37:47,458 [INFO] detector: Window info set — origin=(0, 33)  size=1512x884  scale=1.0
2026-06-02 18:37:47,962 [INFO] detector: Window info set — origin=(0, 33)  size=1512x884  scale=1.0
2026-06-02 18:37:48,464 [INFO] detector: Window info set — origin=(0, 33)  size=1512x884  scale=1.0
2026-06-02 18:37:48,965 [INFO] detector: Window info set — origin=(0, 33)  size=1512x884  scale=1.0
2026-06-02 18:37:49,466 [INFO] detector: Window info set — origin=(0, 33)  size=1512x884  scale=1.0
2026-06-02 18:37:49,971 [INFO] detector: Window info set — origin=(0, 33)  size=1512x884  scale=1.0
2026-06-02 18:37:50,473 [INFO] detector: Window info set — origin=(0, 33)  size=1512x884  scale=1.0
2026-06-02 18:37:50,974 [INFO] detector: Window info set — origin=(0, 33)  size=1512x884  scale=1.0
2026-06-02 18:37:51,475 [INFO] detector: Window info set — origin=(0, 33)  size=1512x884  scale=1.0
2026-06-02 18:37:51,979 [INFO] detector: Window info set — origin=(0, 33)  size=1512x884  scale=1.0
2026-06-02 18:37:52,480 [INFO] detector: Window info set — origin=(0, 33)  size=1512x884  scale=1.0
2026-06-02 18:37:52,981 [INFO] detector: Window info set — origin=(0, 33)  size=1512x884  scale=1.0
2026-06-02 18:37:53,483 [INFO] detector: Window info set — origin=(0, 33)  size=1512x884  scale=1.0
2026-06-02 18:37:53,985 [INFO] detector: Window info set — origin=(0, 33)  size=1512x884  scale=1.0
2026-06-02 18:37:54,487 [INFO] detector: Window info set — origin=(0, 33)  size=1512x884  scale=1.0
2026-06-02 18:37:54,988 [INFO] detector: Window info set — origin=(0, 33)  size=1512x884  scale=1.0
2026-06-02 18:37:55,490 [INFO] detector: Window info set — origin=(0, 33)  size=1512x884  scale=1.0
2026-06-02 18:37:55,995 [INFO] detector: Window info set — origin=(0, 33)  size=1512x884  scale=1.0
2026-06-02 18:37:56,497 [INFO] detector: Window info set — origin=(0, 33)  size=1512x884  scale=1.0
2026-06-02 18:37:56,998 [INFO] detector: Window info set — origin=(0, 33)  size=1512x884  scale=1.0
2026-06-02 18:37:57,499 [INFO] detector: Window info set — origin=(0, 33)  size=1512x884  scale=1.0
2026-06-02 18:37:58,003 [INFO] detector: Window info set — origin=(0, 33)  size=1512x884  scale=1.0
2026-06-02 18:37:58,132 [INFO] macro: Minigame ready — fish on the line!
2026-06-02 18:37:58,326 [INFO] macro: State: Waiting for Bite → Reeling
2026-06-02 18:37:58,505 [INFO] detector: Window info set — origin=(0, 33)  size=1512x884  scale=1.0
2026-06-02 18:37:59,006 [INFO] detector: Window info set — origin=(0, 33)  size=1512x884  scale=1.0
2026-06-02 18:37:59,508 [INFO] detector: Window info set — origin=(0, 33)  size=1512x884  scale=1.0
2026-06-02 18:38:00,010 [INFO] detector: Window info set — origin=(0, 33)  size=1512x884  scale=1.0
2026-06-02 18:38:00,512 [INFO] detector: Window info set — origin=(0, 33)  size=1512x884  scale=1.0
2026-06-02 18:38:01,013 [INFO] detector: Window info set — origin=(0, 33)  size=1512x884  scale=1.0
2026-06-02 18:38:01,515 [INFO] detector: Window info set — origin=(0, 33)  size=1512x884  scale=1.0
2026-06-02 18:38:02,019 [INFO] detector: Window info set — origin=(0, 33)  size=1512x884  scale=1.0
2026-06-02 18:38:02,520 [INFO] detector: Window info set — origin=(0, 33)  size=1512x884  scale=1.0
2026-06-02 18:38:02,523 [INFO] macro: State: Reeling → Catch Complete
2026-06-02 18:38:03,022 [INFO] detector: Window info set — origin=(0, 33)  size=1512x884  scale=1.0
2026-06-02 18:38:03,524 [INFO] detector: Window info set — origin=(0, 33)  size=1512x884  scale=1.0
2026-06-02 18:38:04,029 [INFO] detector: Window info set — origin=(0, 33)  size=1512x884  scale=1.0
2026-06-02 18:38:04,531 [INFO] detector: Window info set — origin=(0, 33)  size=1512x884  scale=1.0
2026-06-02 18:38:05,033 [INFO] detector: Window info set — origin=(0, 33)  size=1512x884  scale=1.0
2026-06-02 18:38:05,238 [INFO] macro: State: Catch Complete → Casting
2026-06-02 18:38:05,535 [INFO] detector: Window info set — origin=(0, 33)  size=1512x884  scale=1.0
2026-06-02 18:38:06,038 [INFO] detector: Window info set — origin=(0, 33)  size=1512x884  scale=1.0
2026-06-02 18:38:06,540 [INFO] detector: Window info set — origin=(0, 33)  size=1512x884  scale=1.0
2026-06-02 18:38:06,991 [INFO] macro: State: Casting → Waiting for Bite
2026-06-02 18:38:07,041 [INFO] detector: Window info set — origin=(0, 33)  size=1512x884  scale=1.0
2026-06-02 18:38:07,493 [INFO] controller: Global hotkey pressed: f6
2026-06-02 18:38:07,495 [INFO] controller: Controller stopped.
2026-06-02 18:38:07,495 [INFO] macro: State: Waiting for Bite → Stopped
2026-06-02 18:38:07,530 [INFO] macro: Macro loop ended (stop requested)
2026-06-02 18:38:10,496 [INFO] macro: Macro engine stopped
2026-06-02 18:39:05,138 [INFO] main: Cleaning up...
2026-06-02 18:39:05,142 [INFO] controller: Controller cleaned up.
2026-06-02 18:39:05,143 [INFO] main: Exiting.
2026-06-02 18:44:30,042 [INFO] main: Starting Fisch Macro...
2026-06-02 18:44:30,072 [INFO] main: Initializing configuration...
2026-06-02 18:44:30,072 [INFO] main: Initializing window tracker...
2026-06-02 18:44:30,072 [INFO] main: Initializing detector...
2026-06-02 18:44:30,073 [INFO] main: Initializing controller...
2026-06-02 18:44:30,073 [INFO] main: Setting up start/stop hotkey on key: f6
2026-06-02 18:44:30,094 [INFO] controller: Global hotkey active: press 'f6' to start/stop the macro.
2026-06-02 18:44:30,094 [INFO] main: Initializing macro engine...
2026-06-02 18:44:30,094 [INFO] main: Starting GUI...
2026-06-02 18:44:30,259 [INFO] src.window_tracker: Display scale factor (Quartz): 1.00
2026-06-02 18:44:30,259 [INFO] detector: Window info set — origin=(0, 33)  size=1512x884  scale=1.0
2026-06-02 18:44:30,761 [INFO] detector: Window info set — origin=(0, 33)  size=1512x884  scale=1.0
2026-06-02 18:44:31,263 [INFO] detector: Window info set — origin=(0, 33)  size=1512x884  scale=1.0
2026-06-02 18:44:31,765 [INFO] detector: Window info set — origin=(0, 33)  size=1512x884  scale=1.0
2026-06-02 18:44:32,270 [INFO] detector: Window info set — origin=(0, 33)  size=1512x884  scale=1.0
2026-06-02 18:44:32,773 [INFO] detector: Window info set — origin=(0, 33)  size=1512x884  scale=1.0
2026-06-02 18:44:33,277 [INFO] detector: Window info set — origin=(0, 33)  size=1512x884  scale=1.0
2026-06-02 18:44:33,711 [INFO] detector: Window info set — origin=(0, 33)  size=1512x884  scale=1.0
2026-06-02 18:44:33,888 [INFO] detector: Window info set — origin=(0, 33)  size=1512x884  scale=1.0
2026-06-02 18:44:39,588 [INFO] detector: Window info set — origin=(-751, 33)  size=1512x884  scale=1.0
2026-06-02 18:44:40,089 [INFO] detector: Window info set — origin=(0, 33)  size=1512x884  scale=1.0
2026-06-02 18:44:40,593 [INFO] detector: Window info set — origin=(0, 33)  size=1512x884  scale=1.0
2026-06-02 18:44:41,095 [INFO] detector: Window info set — origin=(0, 33)  size=1512x884  scale=1.0
2026-06-02 18:44:41,597 [INFO] detector: Window info set — origin=(0, 33)  size=1512x884  scale=1.0
2026-06-02 18:44:42,102 [INFO] detector: Window info set — origin=(0, 33)  size=1512x884  scale=1.0
2026-06-02 18:44:42,604 [INFO] detector: Window info set — origin=(0, 33)  size=1512x884  scale=1.0
2026-06-02 18:44:43,107 [INFO] detector: Window info set — origin=(0, 33)  size=1512x884  scale=1.0
2026-06-02 18:44:43,611 [INFO] detector: Window info set — origin=(0, 33)  size=1512x884  scale=1.0
2026-06-02 18:44:44,114 [INFO] detector: Window info set — origin=(0, 33)  size=1512x884  scale=1.0
2026-06-02 18:44:44,618 [INFO] detector: Window info set — origin=(0, 33)  size=1512x884  scale=1.0
2026-06-02 18:44:45,120 [INFO] detector: Window info set — origin=(0, 33)  size=1512x884  scale=1.0
2026-06-02 18:44:46,103 [INFO] detector: Window info set — origin=(0, 33)  size=1512x884  scale=1.0
2026-06-02 18:44:46,607 [INFO] detector: Window info set — origin=(0, 33)  size=1512x884  scale=1.0
2026-06-02 18:44:46,746 [INFO] detector: Window info set — origin=(0, 33)  size=1512x884  scale=1.0
2026-06-02 18:44:47,108 [INFO] detector: Window info set — origin=(0, 33)  size=1512x884  scale=1.0
2026-06-02 18:44:59,175 [INFO] detector: Window info set — origin=(-286, 33)  size=1512x884  scale=1.0
2026-06-02 18:44:59,677 [INFO] detector: Window info set — origin=(0, 33)  size=1512x884  scale=1.0
2026-06-02 18:45:00,178 [INFO] detector: Window info set — origin=(0, 33)  size=1512x884  scale=1.0
2026-06-02 18:45:00,681 [INFO] detector: Window info set — origin=(0, 33)  size=1512x884  scale=1.0
2026-06-02 18:45:01,182 [INFO] detector: Window info set — origin=(0, 33)  size=1512x884  scale=1.0
2026-06-02 18:45:01,684 [INFO] detector: Window info set — origin=(0, 33)  size=1512x884  scale=1.0
2026-06-02 18:45:02,185 [INFO] detector: Window info set — origin=(0, 33)  size=1512x884  scale=1.0
2026-06-02 18:45:02,690 [INFO] detector: Window info set — origin=(0, 33)  size=1512x884  scale=1.0
2026-06-02 18:45:03,192 [INFO] detector: Window info set — origin=(0, 33)  size=1512x884  scale=1.0
2026-06-02 18:45:03,695 [INFO] detector: Window info set — origin=(0, 33)  size=1512x884  scale=1.0
2026-06-02 18:45:04,199 [INFO] detector: Window info set — origin=(0, 33)  size=1512x884  scale=1.0
2026-06-02 18:45:04,701 [INFO] detector: Window info set — origin=(0, 33)  size=1512x884  scale=1.0
2026-06-02 18:45:05,203 [INFO] detector: Window info set — origin=(0, 33)  size=1512x884  scale=1.0
2026-06-02 18:45:05,706 [INFO] detector: Window info set — origin=(0, 33)  size=1512x884  scale=1.0
2026-06-02 18:45:06,208 [INFO] detector: Window info set — origin=(0, 33)  size=1512x884  scale=1.0
2026-06-02 18:45:06,711 [INFO] detector: Window info set — origin=(0, 33)  size=1512x884  scale=1.0
2026-06-02 18:45:07,215 [INFO] detector: Window info set — origin=(0, 33)  size=1512x884  scale=1.0
2026-06-02 18:45:07,718 [INFO] detector: Window info set — origin=(0, 33)  size=1512x884  scale=1.0
2026-06-02 18:45:08,222 [INFO] detector: Window info set — origin=(0, 33)  size=1512x884  scale=1.0
2026-06-02 18:45:08,724 [INFO] detector: Window info set — origin=(0, 33)  size=1512x884  scale=1.0
2026-06-02 18:45:09,225 [INFO] detector: Window info set — origin=(0, 33)  size=1512x884  scale=1.0
2026-06-02 18:45:09,727 [INFO] detector: Window info set — origin=(0, 33)  size=1512x884  scale=1.0
2026-06-02 18:45:10,230 [INFO] detector: Window info set — origin=(0, 33)  size=1512x884  scale=1.0
2026-06-02 18:45:10,731 [INFO] detector: Window info set — origin=(0, 33)  size=1512x884  scale=1.0
2026-06-02 18:45:11,233 [INFO] detector: Window info set — origin=(0, 33)  size=1512x884  scale=1.0
2026-06-02 18:45:11,736 [INFO] detector: Window info set — origin=(0, 33)  size=1512x884  scale=1.0
2026-06-02 18:45:12,239 [INFO] detector: Window info set — origin=(0, 33)  size=1512x884  scale=1.0
2026-06-02 18:45:12,740 [INFO] detector: Window info set — origin=(0, 33)  size=1512x884  scale=1.0
2026-06-02 18:45:13,242 [INFO] detector: Window info set — origin=(0, 33)  size=1512x884  scale=1.0
2026-06-02 18:45:13,745 [INFO] detector: Window info set — origin=(0, 33)  size=1512x884  scale=1.0
2026-06-02 18:45:14,248 [INFO] detector: Window info set — origin=(0, 33)  size=1512x884  scale=1.0
2026-06-02 18:45:14,589 [INFO] controller: Global hotkey pressed: f6
2026-06-02 18:45:14,663 [INFO] detector: Window info set — origin=(0, 33)  size=1512x884  scale=1.0
2026-06-02 18:45:14,664 [INFO] controller: Controller started.
2026-06-02 18:45:14,664 [INFO] macro: State: Idle → Casting
2026-06-02 18:45:14,664 [INFO] macro: Macro engine started
2026-06-02 18:45:14,749 [INFO] detector: Window info set — origin=(0, 33)  size=1512x884  scale=1.0
2026-06-02 18:45:15,252 [INFO] detector: Window info set — origin=(0, 33)  size=1512x884  scale=1.0
2026-06-02 18:45:15,756 [INFO] detector: Window info set — origin=(0, 33)  size=1512x884  scale=1.0
2026-06-02 18:45:16,260 [INFO] detector: Window info set — origin=(0, 33)  size=1512x884  scale=1.0
2026-06-02 18:45:16,315 [INFO] macro: State: Casting → Waiting for Bite
2026-06-02 18:45:16,764 [INFO] detector: Window info set — origin=(0, 33)  size=1512x884  scale=1.0
2026-06-02 18:45:17,266 [INFO] detector: Window info set — origin=(0, 33)  size=1512x884  scale=1.0
2026-06-02 18:45:17,768 [INFO] detector: Window info set — origin=(0, 33)  size=1512x884  scale=1.0
2026-06-02 18:45:18,270 [INFO] detector: Window info set — origin=(0, 33)  size=1512x884  scale=1.0
2026-06-02 18:45:18,773 [INFO] detector: Window info set — origin=(0, 33)  size=1512x884  scale=1.0
2026-06-02 18:45:19,277 [INFO] detector: Window info set — origin=(0, 33)  size=1512x884  scale=1.0
2026-06-02 18:45:19,369 [INFO] macro: Minigame ready — fish on the line!
2026-06-02 18:45:19,370 [INFO] macro: State: Waiting for Bite → Reeling
2026-06-02 18:45:19,780 [INFO] detector: Window info set — origin=(0, 33)  size=1512x884  scale=1.0
2026-06-02 18:45:20,282 [INFO] detector: Window info set — origin=(0, 33)  size=1512x884  scale=1.0
2026-06-02 18:45:20,785 [INFO] detector: Window info set — origin=(0, 33)  size=1512x884  scale=1.0
2026-06-02 18:45:21,289 [INFO] detector: Window info set — origin=(0, 33)  size=1512x884  scale=1.0
2026-06-02 18:45:21,792 [INFO] detector: Window info set — origin=(0, 33)  size=1512x884  scale=1.0
2026-06-02 18:45:22,298 [INFO] detector: Window info set — origin=(0, 33)  size=1512x884  scale=1.0
2026-06-02 18:45:22,801 [INFO] detector: Window info set — origin=(0, 33)  size=1512x884  scale=1.0
2026-06-02 18:45:23,303 [INFO] detector: Window info set — origin=(0, 33)  size=1512x884  scale=1.0
2026-06-02 18:45:23,476 [INFO] macro: State: Reeling → Catch Complete
2026-06-02 18:45:23,807 [INFO] detector: Window info set — origin=(0, 33)  size=1512x884  scale=1.0
2026-06-02 18:45:24,310 [INFO] detector: Window info set — origin=(0, 33)  size=1512x884  scale=1.0
2026-06-02 18:45:24,815 [INFO] detector: Window info set — origin=(0, 33)  size=1512x884  scale=1.0
2026-06-02 18:45:25,318 [INFO] detector: Window info set — origin=(0, 33)  size=1512x884  scale=1.0
2026-06-02 18:45:25,824 [INFO] detector: Window info set — origin=(0, 33)  size=1512x884  scale=1.0
2026-06-02 18:45:26,190 [INFO] macro: State: Catch Complete → Casting
2026-06-02 18:45:26,327 [INFO] detector: Window info set — origin=(0, 33)  size=1512x884  scale=1.0
2026-06-02 18:45:26,831 [INFO] detector: Window info set — origin=(0, 33)  size=1512x884  scale=1.0
2026-06-02 18:45:27,334 [INFO] detector: Window info set — origin=(0, 33)  size=1512x884  scale=1.0
2026-06-02 18:45:27,823 [INFO] macro: State: Casting → Waiting for Bite
2026-06-02 18:45:27,840 [INFO] detector: Window info set — origin=(0, 33)  size=1512x884  scale=1.0
2026-06-02 18:45:28,343 [INFO] detector: Window info set — origin=(0, 33)  size=1512x884  scale=1.0
2026-06-02 18:45:28,848 [INFO] detector: Window info set — origin=(0, 33)  size=1512x884  scale=1.0
2026-06-02 18:45:29,350 [INFO] detector: Window info set — origin=(0, 33)  size=1512x884  scale=1.0
2026-06-02 18:45:29,853 [INFO] detector: Window info set — origin=(0, 33)  size=1512x884  scale=1.0
2026-06-02 18:45:30,357 [INFO] detector: Window info set — origin=(0, 33)  size=1512x884  scale=1.0
2026-06-02 18:45:30,617 [INFO] macro: Minigame ready — fish on the line!
2026-06-02 18:45:30,617 [INFO] macro: State: Waiting for Bite → Reeling
2026-06-02 18:45:30,859 [INFO] detector: Window info set — origin=(0, 33)  size=1512x884  scale=1.0
2026-06-02 18:45:31,360 [INFO] detector: Window info set — origin=(0, 33)  size=1512x884  scale=1.0
2026-06-02 18:45:31,864 [INFO] detector: Window info set — origin=(0, 33)  size=1512x884  scale=1.0
2026-06-02 18:45:32,366 [INFO] detector: Window info set — origin=(0, 33)  size=1512x884  scale=1.0
2026-06-02 18:45:32,869 [INFO] detector: Window info set — origin=(0, 33)  size=1512x884  scale=1.0
2026-06-02 18:45:33,372 [INFO] detector: Window info set — origin=(0, 33)  size=1512x884  scale=1.0
2026-06-02 18:45:33,874 [INFO] detector: Window info set — origin=(0, 33)  size=1512x884  scale=1.0
2026-06-02 18:45:34,385 [INFO] detector: Window info set — origin=(0, 33)  size=1512x884  scale=1.0
2026-06-02 18:45:34,889 [INFO] detector: Window info set — origin=(0, 33)  size=1512x884  scale=1.0
2026-06-02 18:45:34,917 [INFO] macro: State: Reeling → Catch Complete
2026-06-02 18:45:35,391 [INFO] detector: Window info set — origin=(0, 33)  size=1512x884  scale=1.0
2026-06-02 18:45:35,894 [INFO] detector: Window info set — origin=(0, 33)  size=1512x884  scale=1.0
2026-06-02 18:45:36,397 [INFO] detector: Window info set — origin=(0, 33)  size=1512x884  scale=1.0
2026-06-02 18:45:36,900 [INFO] detector: Window info set — origin=(0, 33)  size=1512x884  scale=1.0
2026-06-02 18:45:37,406 [INFO] detector: Window info set — origin=(0, 33)  size=1512x884  scale=1.0
2026-06-02 18:45:37,635 [INFO] macro: State: Catch Complete → Casting
2026-06-02 18:45:37,909 [INFO] detector: Window info set — origin=(0, 33)  size=1512x884  scale=1.0
2026-06-02 18:45:38,415 [INFO] detector: Window info set — origin=(0, 33)  size=1512x884  scale=1.0
2026-06-02 18:45:38,918 [INFO] detector: Window info set — origin=(0, 33)  size=1512x884  scale=1.0
2026-06-02 18:45:39,272 [INFO] macro: State: Casting → Waiting for Bite
2026-06-02 18:45:39,335 [INFO] macro: Minigame ready — fish on the line!
2026-06-02 18:45:39,335 [INFO] macro: State: Waiting for Bite → Reeling
2026-06-02 18:45:39,422 [INFO] detector: Window info set — origin=(0, 33)  size=1512x884  scale=1.0
2026-06-02 18:45:39,924 [INFO] detector: Window info set — origin=(0, 33)  size=1512x884  scale=1.0
2026-06-02 18:45:40,426 [INFO] detector: Window info set — origin=(0, 33)  size=1512x884  scale=1.0
2026-06-02 18:45:40,932 [INFO] detector: Window info set — origin=(0, 33)  size=1512x884  scale=1.0
2026-06-02 18:45:41,435 [INFO] detector: Window info set — origin=(0, 33)  size=1512x884  scale=1.0
2026-06-02 18:45:41,941 [INFO] detector: Window info set — origin=(0, 33)  size=1512x884  scale=1.0
2026-06-02 18:45:42,444 [INFO] detector: Window info set — origin=(0, 33)  size=1512x884  scale=1.0
2026-06-02 18:45:42,947 [INFO] detector: Window info set — origin=(0, 33)  size=1512x884  scale=1.0
2026-06-02 18:45:43,449 [INFO] detector: Window info set — origin=(0, 33)  size=1512x884  scale=1.0
2026-06-02 18:45:43,526 [INFO] macro: State: Reeling → Catch Complete
2026-06-02 18:45:43,952 [INFO] detector: Window info set — origin=(0, 33)  size=1512x884  scale=1.0
2026-06-02 18:45:44,457 [INFO] detector: Window info set — origin=(0, 33)  size=1512x884  scale=1.0
2026-06-02 18:45:44,960 [INFO] detector: Window info set — origin=(0, 33)  size=1512x884  scale=1.0
2026-06-02 18:45:45,466 [INFO] detector: Window info set — origin=(0, 33)  size=1512x884  scale=1.0
2026-06-02 18:45:45,969 [INFO] detector: Window info set — origin=(0, 33)  size=1512x884  scale=1.0
2026-06-02 18:45:46,236 [INFO] macro: State: Catch Complete → Casting
2026-06-02 18:45:46,474 [INFO] detector: Window info set — origin=(0, 33)  size=1512x884  scale=1.0
2026-06-02 18:45:46,977 [INFO] detector: Window info set — origin=(0, 33)  size=1512x884  scale=1.0
2026-06-02 18:45:47,483 [INFO] detector: Window info set — origin=(0, 33)  size=1512x884  scale=1.0
2026-06-02 18:45:47,870 [INFO] macro: State: Casting → Waiting for Bite
2026-06-02 18:45:47,984 [INFO] detector: Window info set — origin=(0, 33)  size=1512x884  scale=1.0
2026-06-02 18:45:48,486 [INFO] detector: Window info set — origin=(0, 33)  size=1512x884  scale=1.0
2026-06-02 18:45:48,990 [INFO] detector: Window info set — origin=(0, 33)  size=1512x884  scale=1.0
2026-06-02 18:45:49,492 [INFO] detector: Window info set — origin=(0, 33)  size=1512x884  scale=1.0
2026-06-02 18:45:49,994 [INFO] detector: Window info set — origin=(0, 33)  size=1512x884  scale=1.0
2026-06-02 18:45:50,499 [INFO] detector: Window info set — origin=(0, 33)  size=1512x884  scale=1.0
2026-06-02 18:45:50,820 [INFO] macro: Minigame ready — fish on the line!
2026-06-02 18:45:50,820 [INFO] macro: State: Waiting for Bite → Reeling
2026-06-02 18:45:51,001 [INFO] detector: Window info set — origin=(0, 33)  size=1512x884  scale=1.0
2026-06-02 18:45:51,506 [INFO] detector: Window info set — origin=(0, 33)  size=1512x884  scale=1.0
2026-06-02 18:45:52,008 [INFO] detector: Window info set — origin=(0, 33)  size=1512x884  scale=1.0
2026-06-02 18:45:52,510 [INFO] detector: Window info set — origin=(0, 33)  size=1512x884  scale=1.0
2026-06-02 18:45:53,014 [INFO] detector: Window info set — origin=(0, 33)  size=1512x884  scale=1.0
2026-06-02 18:45:53,516 [INFO] detector: Window info set — origin=(0, 33)  size=1512x884  scale=1.0
2026-06-02 18:45:54,018 [INFO] detector: Window info set — origin=(0, 33)  size=1512x884  scale=1.0
2026-06-02 18:45:54,523 [INFO] detector: Window info set — origin=(0, 33)  size=1512x884  scale=1.0
2026-06-02 18:45:54,974 [INFO] macro: State: Reeling → Catch Complete
2026-06-02 18:45:55,025 [INFO] detector: Window info set — origin=(0, 33)  size=1512x884  scale=1.0
2026-06-02 18:45:55,528 [INFO] detector: Window info set — origin=(0, 33)  size=1512x884  scale=1.0
2026-06-02 18:45:56,033 [INFO] detector: Window info set — origin=(0, 33)  size=1512x884  scale=1.0
2026-06-02 18:45:56,536 [INFO] detector: Window info set — origin=(0, 33)  size=1512x884  scale=1.0
2026-06-02 18:45:57,041 [INFO] detector: Window info set — origin=(0, 33)  size=1512x884  scale=1.0
2026-06-02 18:45:57,544 [INFO] detector: Window info set — origin=(0, 33)  size=1512x884  scale=1.0
2026-06-02 18:45:57,689 [INFO] macro: State: Catch Complete → Casting
2026-06-02 18:45:58,049 [INFO] detector: Window info set — origin=(0, 33)  size=1512x884  scale=1.0
2026-06-02 18:45:58,552 [INFO] detector: Window info set — origin=(0, 33)  size=1512x884  scale=1.0
2026-06-02 18:45:59,058 [INFO] detector: Window info set — origin=(0, 33)  size=1512x884  scale=1.0
2026-06-02 18:45:59,317 [INFO] macro: State: Casting → Waiting for Bite
2026-06-02 18:45:59,375 [INFO] macro: Minigame ready — fish on the line!
2026-06-02 18:45:59,375 [INFO] macro: State: Waiting for Bite → Reeling
2026-06-02 18:45:59,560 [INFO] detector: Window info set — origin=(0, 33)  size=1512x884  scale=1.0
2026-06-02 18:46:00,068 [INFO] detector: Window info set — origin=(0, 33)  size=1512x884  scale=1.0
2026-06-02 18:46:00,572 [INFO] detector: Window info set — origin=(0, 33)  size=1512x884  scale=1.0
2026-06-02 18:46:01,075 [INFO] detector: Window info set — origin=(0, 33)  size=1512x884  scale=1.0
2026-06-02 18:46:01,578 [INFO] detector: Window info set — origin=(0, 33)  size=1512x884  scale=1.0
2026-06-02 18:46:02,081 [INFO] detector: Window info set — origin=(0, 33)  size=1512x884  scale=1.0
2026-06-02 18:46:02,109 [INFO] controller: Global hotkey pressed: f6
2026-06-02 18:46:02,113 [INFO] controller: Controller stopped.
2026-06-02 18:46:02,113 [INFO] macro: State: Reeling → Stopped
2026-06-02 18:46:02,204 [INFO] macro: Macro loop ended (stop requested)
2026-06-02 18:46:05,114 [INFO] macro: Macro engine stopped
2026-06-02 18:46:05,120 [INFO] detector: Window info set — origin=(0, 33)  size=1512x884  scale=1.0
2026-06-02 18:46:05,623 [INFO] detector: Window info set — origin=(0, 33)  size=1512x884  scale=1.0
2026-06-02 18:46:06,126 [INFO] detector: Window info set — origin=(0, 33)  size=1512x884  scale=1.0
2026-06-02 18:46:06,632 [INFO] detector: Window info set — origin=(0, 33)  size=1512x884  scale=1.0
2026-06-02 18:46:07,135 [INFO] detector: Window info set — origin=(0, 33)  size=1512x884  scale=1.0
2026-06-02 18:46:07,640 [INFO] detector: Window info set — origin=(0, 33)  size=1512x884  scale=1.0
2026-06-02 18:46:08,143 [INFO] detector: Window info set — origin=(0, 33)  size=1512x884  scale=1.0
2026-06-02 18:46:08,649 [INFO] detector: Window info set — origin=(0, 33)  size=1512x884  scale=1.0
2026-06-02 18:46:09,152 [INFO] detector: Window info set — origin=(0, 33)  size=1512x884  scale=1.0
2026-06-02 18:46:09,655 [INFO] detector: Window info set — origin=(0, 33)  size=1512x884  scale=1.0
2026-06-02 18:46:10,158 [INFO] detector: Window info set — origin=(0, 33)  size=1512x884  scale=1.0
2026-06-02 18:46:10,412 [INFO] main: Cleaning up...
2026-06-02 18:46:10,412 [INFO] controller: Controller cleaned up.
2026-06-02 18:46:10,412 [INFO] main: Exiting.
2026-06-02 18:57:01,040 [INFO] main: Starting Fisch Macro...
2026-06-02 18:57:01,066 [INFO] main: Initializing configuration...
2026-06-02 18:57:01,067 [INFO] main: Initializing window tracker...
2026-06-02 18:57:01,067 [INFO] main: Initializing detector...
2026-06-02 18:57:01,067 [INFO] main: Initializing controller...
2026-06-02 18:57:01,067 [INFO] main: Setting up start/stop hotkey on key: f6
2026-06-02 18:57:01,089 [INFO] controller: Global hotkey active: press 'f6' to start/stop the macro.
2026-06-02 18:57:01,089 [INFO] main: Initializing macro engine...
2026-06-02 18:57:01,089 [INFO] main: Starting GUI...
2026-06-02 18:57:01,271 [INFO] src.window_tracker: Display scale factor (Quartz): 1.00
2026-06-02 18:57:01,271 [INFO] detector: Window info set — origin=(0, 33)  size=1512x884  scale=1.0
2026-06-02 18:57:01,775 [INFO] detector: Window info set — origin=(0, 33)  size=1512x884  scale=1.0
2026-06-02 18:57:02,277 [INFO] detector: Window info set — origin=(0, 33)  size=1512x884  scale=1.0
2026-06-02 18:57:02,779 [INFO] detector: Window info set — origin=(0, 33)  size=1512x884  scale=1.0
2026-06-02 18:57:03,285 [INFO] detector: Window info set — origin=(0, 33)  size=1512x884  scale=1.0
2026-06-02 18:57:03,788 [INFO] detector: Window info set — origin=(0, 33)  size=1512x884  scale=1.0
2026-06-02 18:57:04,293 [INFO] detector: Window info set — origin=(0, 33)  size=1512x884  scale=1.0
2026-06-02 18:57:04,795 [INFO] detector: Window info set — origin=(0, 33)  size=1512x884  scale=1.0
2026-06-02 18:57:05,301 [INFO] detector: Window info set — origin=(0, 33)  size=1512x884  scale=1.0
2026-06-02 18:57:05,803 [INFO] detector: Window info set — origin=(0, 33)  size=1512x884  scale=1.0
2026-06-02 18:57:06,308 [INFO] detector: Window info set — origin=(0, 33)  size=1512x884  scale=1.0
2026-06-02 18:57:06,810 [INFO] detector: Window info set — origin=(0, 33)  size=1512x884  scale=1.0
2026-06-02 18:57:07,312 [INFO] detector: Window info set — origin=(0, 33)  size=1512x884  scale=1.0
2026-06-02 18:57:07,818 [INFO] detector: Window info set — origin=(0, 33)  size=1512x884  scale=1.0
2026-06-02 18:57:08,320 [INFO] detector: Window info set — origin=(0, 33)  size=1512x884  scale=1.0
2026-06-02 18:57:08,825 [INFO] detector: Window info set — origin=(0, 33)  size=1512x884  scale=1.0
2026-06-02 18:57:09,328 [INFO] detector: Window info set — origin=(0, 33)  size=1512x884  scale=1.0
2026-06-02 18:57:09,831 [INFO] detector: Window info set — origin=(0, 33)  size=1512x884  scale=1.0
2026-06-02 18:57:10,335 [INFO] detector: Window info set — origin=(0, 33)  size=1512x884  scale=1.0
2026-06-02 18:57:10,837 [INFO] detector: Window info set — origin=(0, 33)  size=1512x884  scale=1.0
2026-06-02 18:57:11,342 [INFO] detector: Window info set — origin=(0, 33)  size=1512x884  scale=1.0
2026-06-02 18:57:11,845 [INFO] detector: Window info set — origin=(0, 33)  size=1512x884  scale=1.0
2026-06-02 18:57:12,347 [INFO] detector: Window info set — origin=(0, 33)  size=1512x884  scale=1.0
2026-06-02 18:57:12,850 [INFO] detector: Window info set — origin=(0, 33)  size=1512x884  scale=1.0
2026-06-02 18:57:13,353 [INFO] detector: Window info set — origin=(0, 33)  size=1512x884  scale=1.0
2026-06-02 18:57:13,856 [INFO] detector: Window info set — origin=(0, 33)  size=1512x884  scale=1.0
2026-06-02 18:57:14,359 [INFO] detector: Window info set — origin=(0, 33)  size=1512x884  scale=1.0
2026-06-02 18:57:14,861 [INFO] detector: Window info set — origin=(0, 33)  size=1512x884  scale=1.0
2026-06-02 18:57:15,363 [INFO] detector: Window info set — origin=(0, 33)  size=1512x884  scale=1.0
2026-06-02 18:57:15,868 [INFO] detector: Window info set — origin=(0, 33)  size=1512x884  scale=1.0
2026-06-02 18:57:16,370 [INFO] detector: Window info set — origin=(0, 33)  size=1512x884  scale=1.0
2026-06-02 18:57:16,872 [INFO] detector: Window info set — origin=(0, 33)  size=1512x884  scale=1.0
2026-06-02 18:57:17,376 [INFO] detector: Window info set — origin=(0, 33)  size=1512x884  scale=1.0
2026-06-02 18:57:17,878 [INFO] detector: Window info set — origin=(0, 33)  size=1512x884  scale=1.0
2026-06-02 18:57:18,381 [INFO] detector: Window info set — origin=(0, 33)  size=1512x884  scale=1.0
2026-06-02 18:57:18,884 [INFO] detector: Window info set — origin=(0, 33)  size=1512x884  scale=1.0
2026-06-02 18:57:19,387 [INFO] detector: Window info set — origin=(0, 33)  size=1512x884  scale=1.0
2026-06-02 18:57:19,892 [INFO] detector: Window info set — origin=(0, 33)  size=1512x884  scale=1.0
2026-06-02 18:57:20,394 [INFO] detector: Window info set — origin=(0, 33)  size=1512x884  scale=1.0
2026-06-02 18:57:20,897 [INFO] detector: Window info set — origin=(0, 33)  size=1512x884  scale=1.0
2026-06-02 18:57:21,401 [INFO] detector: Window info set — origin=(0, 33)  size=1512x884  scale=1.0
2026-06-02 18:57:21,902 [INFO] detector: Window info set — origin=(0, 33)  size=1512x884  scale=1.0
2026-06-02 18:57:22,405 [INFO] detector: Window info set — origin=(0, 33)  size=1512x884  scale=1.0
2026-06-02 18:57:22,909 [INFO] detector: Window info set — origin=(0, 33)  size=1512x884  scale=1.0
2026-06-02 18:57:23,413 [INFO] detector: Window info set — origin=(0, 33)  size=1512x884  scale=1.0
2026-06-02 18:57:23,917 [INFO] detector: Window info set — origin=(0, 33)  size=1512x884  scale=1.0
2026-06-02 18:57:24,420 [INFO] detector: Window info set — origin=(0, 33)  size=1512x884  scale=1.0
2026-06-02 18:57:24,926 [INFO] detector: Window info set — origin=(0, 33)  size=1512x884  scale=1.0
2026-06-02 18:57:25,427 [INFO] detector: Window info set — origin=(0, 33)  size=1512x884  scale=1.0
2026-06-02 18:57:25,927 [INFO] controller: Global hotkey pressed: f6
2026-06-02 18:57:25,930 [INFO] detector: Window info set — origin=(0, 33)  size=1512x884  scale=1.0
2026-06-02 18:57:25,932 [INFO] detector: Window info set — origin=(0, 33)  size=1512x884  scale=1.0
2026-06-02 18:57:25,934 [INFO] controller: Controller started.
2026-06-02 18:57:25,934 [INFO] macro: State: Idle → Casting
2026-06-02 18:57:25,934 [INFO] macro: Macro engine started
2026-06-02 18:57:26,434 [INFO] detector: Window info set — origin=(0, 33)  size=1512x884  scale=1.0
2026-06-02 18:57:26,936 [INFO] detector: Window info set — origin=(0, 33)  size=1512x884  scale=1.0
2026-06-02 18:57:27,439 [INFO] detector: Window info set — origin=(0, 33)  size=1512x884  scale=1.0
2026-06-02 18:57:27,560 [INFO] macro: State: Casting → Waiting for Bite
2026-06-02 18:57:27,942 [INFO] detector: Window info set — origin=(0, 33)  size=1512x884  scale=1.0
2026-06-02 18:57:28,443 [INFO] detector: Window info set — origin=(0, 33)  size=1512x884  scale=1.0
2026-06-02 18:57:28,946 [INFO] detector: Window info set — origin=(0, 33)  size=1512x884  scale=1.0
2026-06-02 18:57:29,451 [INFO] detector: Window info set — origin=(0, 33)  size=1512x884  scale=1.0
2026-06-02 18:57:29,952 [INFO] detector: Window info set — origin=(0, 33)  size=1512x884  scale=1.0
2026-06-02 18:57:29,976 [INFO] macro: Minigame ready — fish on the line!
2026-06-02 18:57:29,977 [INFO] macro: State: Waiting for Bite → Reeling
2026-06-02 18:57:30,454 [INFO] detector: Window info set — origin=(0, 33)  size=1512x884  scale=1.0
2026-06-02 18:57:30,957 [INFO] detector: Window info set — origin=(0, 33)  size=1512x884  scale=1.0
2026-06-02 18:57:31,459 [INFO] detector: Window info set — origin=(0, 33)  size=1512x884  scale=1.0
2026-06-02 18:57:31,961 [INFO] detector: Window info set — origin=(0, 33)  size=1512x884  scale=1.0
2026-06-02 18:57:32,468 [INFO] detector: Window info set — origin=(0, 33)  size=1512x884  scale=1.0
2026-06-02 18:57:32,969 [INFO] detector: Window info set — origin=(0, 33)  size=1512x884  scale=1.0
2026-06-02 18:57:33,476 [INFO] detector: Window info set — origin=(0, 33)  size=1512x884  scale=1.0
2026-06-02 18:57:33,978 [INFO] detector: Window info set — origin=(0, 33)  size=1512x884  scale=1.0
2026-06-02 18:57:34,482 [INFO] detector: Window info set — origin=(0, 33)  size=1512x884  scale=1.0
2026-06-02 18:57:34,984 [INFO] detector: Window info set — origin=(0, 33)  size=1512x884  scale=1.0
2026-06-02 18:57:35,487 [INFO] detector: Window info set — origin=(0, 33)  size=1512x884  scale=1.0
2026-06-02 18:57:35,993 [INFO] detector: Window info set — origin=(0, 33)  size=1512x884  scale=1.0
2026-06-02 18:57:36,495 [INFO] detector: Window info set — origin=(0, 33)  size=1512x884  scale=1.0
2026-06-02 18:57:36,997 [INFO] detector: Window info set — origin=(0, 33)  size=1512x884  scale=1.0
2026-06-02 18:57:37,499 [INFO] detector: Window info set — origin=(0, 33)  size=1512x884  scale=1.0
2026-06-02 18:57:38,000 [INFO] detector: Window info set — origin=(0, 33)  size=1512x884  scale=1.0
2026-06-02 18:57:38,502 [INFO] detector: Window info set — origin=(0, 33)  size=1512x884  scale=1.0
2026-06-02 18:57:39,003 [INFO] detector: Window info set — origin=(0, 33)  size=1512x884  scale=1.0
2026-06-02 18:57:39,507 [INFO] detector: Window info set — origin=(0, 33)  size=1512x884  scale=1.0
2026-06-02 18:57:40,010 [INFO] detector: Window info set — origin=(0, 33)  size=1512x884  scale=1.0
2026-06-02 18:57:40,512 [INFO] detector: Window info set — origin=(0, 33)  size=1512x884  scale=1.0
2026-06-02 18:57:41,013 [INFO] detector: Window info set — origin=(0, 33)  size=1512x884  scale=1.0
2026-06-02 18:57:41,516 [INFO] detector: Window info set — origin=(0, 33)  size=1512x884  scale=1.0
2026-06-02 18:57:42,018 [INFO] detector: Window info set — origin=(0, 33)  size=1512x884  scale=1.0
2026-06-02 18:57:42,520 [INFO] detector: Window info set — origin=(0, 33)  size=1512x884  scale=1.0
2026-06-02 18:57:43,022 [INFO] detector: Window info set — origin=(0, 33)  size=1512x884  scale=1.0
2026-06-02 18:57:43,524 [INFO] detector: Window info set — origin=(0, 33)  size=1512x884  scale=1.0
2026-06-02 18:57:44,026 [INFO] detector: Window info set — origin=(0, 33)  size=1512x884  scale=1.0
2026-06-02 18:57:44,437 [INFO] controller: Global hotkey pressed: f6
2026-06-02 18:57:44,439 [INFO] controller: Controller stopped.
2026-06-02 18:57:44,439 [INFO] macro: State: Reeling → Stopped
2026-06-02 18:57:44,488 [INFO] macro: Macro loop ended (stop requested)
2026-06-02 18:57:47,440 [INFO] macro: Macro engine stopped
2026-06-02 18:57:47,450 [INFO] detector: Window info set — origin=(0, 33)  size=1512x884  scale=1.0
2026-06-02 18:57:47,954 [INFO] detector: Window info set — origin=(0, 33)  size=1512x884  scale=1.0
2026-06-02 18:57:48,458 [INFO] detector: Window info set — origin=(0, 33)  size=1512x884  scale=1.0
2026-06-02 18:57:48,961 [INFO] detector: Window info set — origin=(0, 33)  size=1512x884  scale=1.0
2026-06-02 18:57:49,464 [INFO] detector: Window info set — origin=(0, 33)  size=1512x884  scale=1.0
2026-06-02 18:57:49,967 [INFO] detector: Window info set — origin=(0, 33)  size=1512x884  scale=1.0
2026-06-02 18:57:50,468 [INFO] detector: Window info set — origin=(0, 33)  size=1512x884  scale=1.0
2026-06-02 18:57:50,978 [INFO] detector: Window info set — origin=(0, 33)  size=1512x884  scale=1.0
2026-06-02 18:57:51,481 [INFO] detector: Window info set — origin=(0, 33)  size=1512x884  scale=1.0
2026-06-02 18:57:51,984 [INFO] detector: Window info set — origin=(0, 33)  size=1512x884  scale=1.0
2026-06-02 18:57:52,488 [INFO] detector: Window info set — origin=(0, 33)  size=1512x884  scale=1.0
2026-06-02 18:57:52,992 [INFO] detector: Window info set — origin=(0, 33)  size=1512x884  scale=1.0
2026-06-02 18:57:53,495 [INFO] detector: Window info set — origin=(0, 33)  size=1512x884  scale=1.0
2026-06-02 18:57:53,998 [INFO] detector: Window info set — origin=(0, 33)  size=1512x884  scale=1.0
2026-06-02 18:57:54,509 [INFO] detector: Window info set — origin=(0, 33)  size=1512x884  scale=1.0
2026-06-02 18:57:55,011 [INFO] detector: Window info set — origin=(0, 33)  size=1512x884  scale=1.0
2026-06-02 18:57:55,518 [INFO] detector: Window info set — origin=(0, 33)  size=1512x884  scale=1.0
2026-06-02 18:57:56,022 [INFO] detector: Window info set — origin=(0, 33)  size=1512x884  scale=1.0
2026-06-02 18:57:56,526 [INFO] detector: Window info set — origin=(0, 33)  size=1512x884  scale=1.0
2026-06-02 18:57:57,029 [INFO] detector: Window info set — origin=(0, 33)  size=1512x884  scale=1.0
2026-06-02 18:57:57,531 [INFO] detector: Window info set — origin=(0, 33)  size=1512x884  scale=1.0
2026-06-02 18:57:58,035 [INFO] detector: Window info set — origin=(0, 33)  size=1512x884  scale=1.0
2026-06-02 18:57:58,538 [INFO] detector: Window info set — origin=(0, 33)  size=1512x884  scale=1.0
2026-06-02 18:57:59,042 [INFO] detector: Window info set — origin=(0, 33)  size=1512x884  scale=1.0
2026-06-02 18:57:59,544 [INFO] detector: Window info set — origin=(0, 33)  size=1512x884  scale=1.0
2026-06-02 18:58:00,048 [INFO] detector: Window info set — origin=(0, 33)  size=1512x884  scale=1.0
2026-06-02 18:58:00,551 [INFO] detector: Window info set — origin=(0, 33)  size=1512x884  scale=1.0
2026-06-02 18:58:01,054 [INFO] detector: Window info set — origin=(0, 33)  size=1512x884  scale=1.0
2026-06-02 18:58:01,561 [INFO] detector: Window info set — origin=(0, 33)  size=1512x884  scale=1.0
2026-06-02 18:58:02,064 [INFO] detector: Window info set — origin=(0, 33)  size=1512x884  scale=1.0
2026-06-02 18:58:02,567 [INFO] detector: Window info set — origin=(0, 33)  size=1512x884  scale=1.0
2026-06-02 18:58:03,070 [INFO] detector: Window info set — origin=(0, 33)  size=1512x884  scale=1.0
2026-06-02 18:58:03,576 [INFO] detector: Window info set — origin=(0, 33)  size=1512x884  scale=1.0
2026-06-02 18:58:04,079 [INFO] detector: Window info set — origin=(0, 33)  size=1512x884  scale=1.0
2026-06-02 18:58:04,582 [INFO] detector: Window info set — origin=(0, 33)  size=1512x884  scale=1.0
2026-06-02 18:58:05,084 [INFO] detector: Window info set — origin=(0, 33)  size=1512x884  scale=1.0
2026-06-02 18:58:05,586 [INFO] detector: Window info set — origin=(0, 33)  size=1512x884  scale=1.0
2026-06-02 18:58:06,089 [INFO] detector: Window info set — origin=(0, 33)  size=1512x884  scale=1.0
2026-06-02 18:58:06,592 [INFO] detector: Window info set — origin=(0, 33)  size=1512x884  scale=1.0
2026-06-02 18:58:07,095 [INFO] detector: Window info set — origin=(0, 33)  size=1512x884  scale=1.0
2026-06-02 18:58:07,599 [INFO] detector: Window info set — origin=(0, 33)  size=1512x884  scale=1.0
2026-06-02 18:58:08,100 [INFO] detector: Window info set — origin=(0, 33)  size=1512x884  scale=1.0
2026-06-02 18:58:08,609 [INFO] detector: Window info set — origin=(0, 33)  size=1512x884  scale=1.0
2026-06-02 18:58:09,112 [INFO] detector: Window info set — origin=(0, 33)  size=1512x884  scale=1.0
2026-06-02 18:58:09,618 [INFO] detector: Window info set — origin=(0, 33)  size=1512x884  scale=1.0
2026-06-02 18:58:10,121 [INFO] detector: Window info set — origin=(0, 33)  size=1512x884  scale=1.0
2026-06-02 18:58:10,625 [INFO] detector: Window info set — origin=(0, 33)  size=1512x884  scale=1.0
2026-06-02 18:58:11,127 [INFO] detector: Window info set — origin=(0, 33)  size=1512x884  scale=1.0
2026-06-02 18:58:11,630 [INFO] detector: Window info set — origin=(0, 33)  size=1512x884  scale=1.0
2026-06-02 18:58:12,138 [INFO] detector: Window info set — origin=(0, 33)  size=1512x884  scale=1.0
2026-06-02 18:58:12,642 [INFO] detector: Window info set — origin=(0, 33)  size=1512x884  scale=1.0
2026-06-02 18:58:13,145 [INFO] detector: Window info set — origin=(0, 33)  size=1512x884  scale=1.0
2026-06-02 18:58:13,651 [INFO] detector: Window info set — origin=(0, 33)  size=1512x884  scale=1.0
2026-06-02 18:58:14,154 [INFO] detector: Window info set — origin=(0, 33)  size=1512x884  scale=1.0
2026-06-02 18:58:14,659 [INFO] detector: Window info set — origin=(0, 33)  size=1512x884  scale=1.0
2026-06-02 18:58:15,167 [INFO] detector: Window info set — origin=(0, 33)  size=1512x884  scale=1.0
2026-06-02 18:58:15,670 [INFO] detector: Window info set — origin=(0, 33)  size=1512x884  scale=1.0
2026-06-02 18:58:16,176 [INFO] detector: Window info set — origin=(0, 33)  size=1512x884  scale=1.0
2026-06-02 18:58:16,680 [INFO] detector: Window info set — origin=(0, 33)  size=1512x884  scale=1.0
2026-06-02 18:58:17,184 [INFO] detector: Window info set — origin=(0, 33)  size=1512x884  scale=1.0
2026-06-02 18:58:17,687 [INFO] detector: Window info set — origin=(0, 33)  size=1512x884  scale=1.0
2026-06-02 18:58:18,189 [INFO] detector: Window info set — origin=(0, 33)  size=1512x884  scale=1.0
2026-06-02 18:58:18,691 [INFO] detector: Window info set — origin=(0, 33)  size=1512x884  scale=1.0
2026-06-02 18:58:19,193 [INFO] detector: Window info set — origin=(0, 33)  size=1512x884  scale=1.0
2026-06-02 18:58:19,696 [INFO] detector: Window info set — origin=(0, 33)  size=1512x884  scale=1.0
2026-06-02 18:58:20,199 [INFO] detector: Window info set — origin=(0, 33)  size=1512x884  scale=1.0
2026-06-02 18:58:20,702 [INFO] detector: Window info set — origin=(0, 33)  size=1512x884  scale=1.0
2026-06-02 18:58:21,204 [INFO] detector: Window info set — origin=(0, 33)  size=1512x884  scale=1.0
2026-06-02 18:58:21,710 [INFO] detector: Window info set — origin=(0, 33)  size=1512x884  scale=1.0
2026-06-02 18:58:22,218 [INFO] detector: Window info set — origin=(0, 33)  size=1512x884  scale=1.0
2026-06-02 18:58:22,720 [INFO] detector: Window info set — origin=(0, 33)  size=1512x884  scale=1.0
2026-06-02 18:58:23,224 [INFO] detector: Window info set — origin=(0, 33)  size=1512x884  scale=1.0
2026-06-02 18:58:23,727 [INFO] detector: Window info set — origin=(0, 33)  size=1512x884  scale=1.0
2026-06-02 18:58:24,229 [INFO] detector: Window info set — origin=(0, 33)  size=1512x884  scale=1.0
2026-06-02 18:58:24,732 [INFO] detector: Window info set — origin=(0, 33)  size=1512x884  scale=1.0
2026-06-02 18:58:25,238 [INFO] detector: Window info set — origin=(0, 33)  size=1512x884  scale=1.0
2026-06-02 18:58:25,742 [INFO] detector: Window info set — origin=(0, 33)  size=1512x884  scale=1.0
2026-06-02 18:58:26,244 [INFO] detector: Window info set — origin=(0, 33)  size=1512x884  scale=1.0
2026-06-02 18:58:26,747 [INFO] detector: Window info set — origin=(0, 33)  size=1512x884  scale=1.0
2026-06-02 18:58:27,251 [INFO] detector: Window info set — origin=(0, 33)  size=1512x884  scale=1.0
2026-06-02 18:58:27,754 [INFO] detector: Window info set — origin=(0, 33)  size=1512x884  scale=1.0
2026-06-02 18:58:28,260 [INFO] detector: Window info set — origin=(0, 33)  size=1512x884  scale=1.0
2026-06-02 18:58:28,762 [INFO] detector: Window info set — origin=(0, 33)  size=1512x884  scale=1.0
2026-06-02 18:58:29,268 [INFO] detector: Window info set — origin=(0, 33)  size=1512x884  scale=1.0
2026-06-02 18:58:29,771 [INFO] detector: Window info set — origin=(0, 33)  size=1512x884  scale=1.0
2026-06-02 18:58:30,276 [INFO] detector: Window info set — origin=(0, 33)  size=1512x884  scale=1.0
2026-06-02 18:58:30,779 [INFO] detector: Window info set — origin=(0, 33)  size=1512x884  scale=1.0
2026-06-02 18:58:31,283 [INFO] detector: Window info set — origin=(0, 33)  size=1512x884  scale=1.0
2026-06-02 18:58:31,793 [INFO] detector: Window info set — origin=(0, 33)  size=1512x884  scale=1.0
2026-06-02 18:58:32,295 [INFO] detector: Window info set — origin=(0, 33)  size=1512x884  scale=1.0
2026-06-02 18:58:32,801 [INFO] detector: Window info set — origin=(0, 33)  size=1512x884  scale=1.0
2026-06-02 18:58:33,304 [INFO] detector: Window info set — origin=(0, 33)  size=1512x884  scale=1.0
2026-06-02 18:58:33,809 [INFO] detector: Window info set — origin=(0, 33)  size=1512x884  scale=1.0
2026-06-02 18:58:34,311 [INFO] detector: Window info set — origin=(0, 33)  size=1512x884  scale=1.0
2026-06-02 18:58:34,817 [INFO] detector: Window info set — origin=(0, 33)  size=1512x884  scale=1.0
2026-06-02 18:58:35,319 [INFO] detector: Window info set — origin=(0, 33)  size=1512x884  scale=1.0
2026-06-02 18:58:35,822 [INFO] detector: Window info set — origin=(0, 33)  size=1512x884  scale=1.0
2026-06-02 18:58:36,326 [INFO] detector: Window info set — origin=(0, 33)  size=1512x884  scale=1.0
2026-06-02 18:58:36,828 [INFO] detector: Window info set — origin=(0, 33)  size=1512x884  scale=1.0
2026-06-02 18:58:37,334 [INFO] detector: Window info set — origin=(0, 33)  size=1512x884  scale=1.0
2026-06-02 18:58:37,843 [INFO] detector: Window info set — origin=(0, 33)  size=1512x884  scale=1.0
2026-06-02 18:58:38,345 [INFO] detector: Window info set — origin=(0, 33)  size=1512x884  scale=1.0
2026-06-02 18:58:38,850 [INFO] detector: Window info set — origin=(0, 33)  size=1512x884  scale=1.0
2026-06-02 18:58:39,351 [INFO] detector: Window info set — origin=(0, 33)  size=1512x884  scale=1.0
2026-06-02 18:58:39,853 [INFO] detector: Window info set — origin=(0, 33)  size=1512x884  scale=1.0
2026-06-02 18:58:40,356 [INFO] detector: Window info set — origin=(0, 33)  size=1512x884  scale=1.0
2026-06-02 18:58:40,859 [INFO] detector: Window info set — origin=(0, 33)  size=1512x884  scale=1.0
2026-06-02 18:58:41,368 [INFO] detector: Window info set — origin=(0, 33)  size=1512x884  scale=1.0
2026-06-02 18:58:41,870 [INFO] detector: Window info set — origin=(0, 33)  size=1512x884  scale=1.0
2026-06-02 18:58:42,376 [INFO] detector: Window info set — origin=(0, 33)  size=1512x884  scale=1.0
2026-06-02 18:58:42,879 [INFO] detector: Window info set — origin=(0, 33)  size=1512x884  scale=1.0
2026-06-02 18:58:43,384 [INFO] detector: Window info set — origin=(0, 33)  size=1512x884  scale=1.0
2026-06-02 18:58:43,888 [INFO] detector: Window info set — origin=(0, 33)  size=1512x884  scale=1.0
2026-06-02 18:58:44,392 [INFO] detector: Window info set — origin=(0, 33)  size=1512x884  scale=1.0
2026-06-02 18:58:44,895 [INFO] detector: Window info set — origin=(0, 33)  size=1512x884  scale=1.0
2026-06-02 18:58:45,397 [INFO] detector: Window info set — origin=(0, 33)  size=1512x884  scale=1.0
2026-06-02 18:58:45,902 [INFO] detector: Window info set — origin=(0, 33)  size=1512x884  scale=1.0
2026-06-02 18:58:46,405 [INFO] detector: Window info set — origin=(0, 33)  size=1512x884  scale=1.0
2026-06-02 18:58:46,910 [INFO] detector: Window info set — origin=(0, 33)  size=1512x884  scale=1.0
2026-06-02 18:58:47,419 [INFO] detector: Window info set — origin=(0, 33)  size=1512x884  scale=1.0
2026-06-02 18:58:47,921 [INFO] detector: Window info set — origin=(0, 33)  size=1512x884  scale=1.0
2026-06-02 18:58:48,426 [INFO] detector: Window info set — origin=(0, 33)  size=1512x884  scale=1.0
2026-06-02 18:58:48,929 [INFO] detector: Window info set — origin=(0, 33)  size=1512x884  scale=1.0
2026-06-02 18:58:49,434 [INFO] detector: Window info set — origin=(0, 33)  size=1512x884  scale=1.0
2026-06-02 18:58:49,937 [INFO] detector: Window info set — origin=(0, 33)  size=1512x884  scale=1.0
2026-06-02 18:58:50,447 [INFO] detector: Window info set — origin=(0, 33)  size=1512x884  scale=1.0
2026-06-02 18:58:50,952 [INFO] detector: Window info set — origin=(0, 33)  size=1512x884  scale=1.0
2026-06-02 18:58:51,453 [INFO] detector: Window info set — origin=(0, 33)  size=1512x884  scale=1.0
2026-06-02 18:58:51,956 [INFO] detector: Window info set — origin=(0, 33)  size=1512x884  scale=1.0
2026-06-02 18:58:52,458 [INFO] detector: Window info set — origin=(0, 33)  size=1512x884  scale=1.0
2026-06-02 18:58:52,960 [INFO] detector: Window info set — origin=(0, 33)  size=1512x884  scale=1.0
2026-06-02 18:58:53,463 [INFO] detector: Window info set — origin=(0, 33)  size=1512x884  scale=1.0
2026-06-02 18:58:53,968 [INFO] detector: Window info set — origin=(0, 33)  size=1512x884  scale=1.0
2026-06-02 18:58:54,470 [INFO] detector: Window info set — origin=(0, 33)  size=1512x884  scale=1.0
2026-06-02 18:58:54,972 [INFO] detector: Window info set — origin=(0, 33)  size=1512x884  scale=1.0
2026-06-02 18:58:55,476 [INFO] detector: Window info set — origin=(0, 33)  size=1512x884  scale=1.0
2026-06-02 18:58:55,979 [INFO] detector: Window info set — origin=(0, 33)  size=1512x884  scale=1.0
2026-06-02 18:58:56,485 [INFO] detector: Window info set — origin=(0, 33)  size=1512x884  scale=1.0
2026-06-02 18:58:56,992 [INFO] detector: Window info set — origin=(0, 33)  size=1512x884  scale=1.0
2026-06-02 18:58:57,495 [INFO] detector: Window info set — origin=(0, 33)  size=1512x884  scale=1.0
2026-06-02 18:58:58,001 [INFO] detector: Window info set — origin=(0, 33)  size=1512x884  scale=1.0
2026-06-02 18:58:58,503 [INFO] detector: Window info set — origin=(0, 33)  size=1512x884  scale=1.0
2026-06-02 18:58:59,010 [INFO] detector: Window info set — origin=(0, 33)  size=1512x884  scale=1.0
2026-06-02 18:58:59,512 [INFO] detector: Window info set — origin=(0, 33)  size=1512x884  scale=1.0
2026-06-02 18:59:00,016 [INFO] detector: Window info set — origin=(0, 33)  size=1512x884  scale=1.0
2026-06-02 18:59:00,519 [INFO] detector: Window info set — origin=(0, 33)  size=1512x884  scale=1.0
2026-06-02 18:59:01,022 [INFO] detector: Window info set — origin=(0, 33)  size=1512x884  scale=1.0
2026-06-02 18:59:01,525 [INFO] detector: Window info set — origin=(0, 33)  size=1512x884  scale=1.0
2026-06-02 18:59:02,035 [INFO] detector: Window info set — origin=(0, 33)  size=1512x884  scale=1.0
2026-06-02 18:59:02,537 [INFO] detector: Window info set — origin=(0, 33)  size=1512x884  scale=1.0
2026-06-02 18:59:03,041 [INFO] detector: Window info set — origin=(0, 33)  size=1512x884  scale=1.0
2026-06-02 18:59:03,544 [INFO] detector: Window info set — origin=(0, 33)  size=1512x884  scale=1.0
2026-06-02 18:59:04,047 [INFO] detector: Window info set — origin=(0, 33)  size=1512x884  scale=1.0
2026-06-02 18:59:04,550 [INFO] detector: Window info set — origin=(0, 33)  size=1512x884  scale=1.0
2026-06-02 18:59:05,054 [INFO] detector: Window info set — origin=(0, 33)  size=1512x884  scale=1.0
2026-06-02 18:59:05,568 [INFO] detector: Window info set — origin=(0, 33)  size=1512x884  scale=1.0
2026-06-02 18:59:06,072 [INFO] detector: Window info set — origin=(0, 33)  size=1512x884  scale=1.0
2026-06-02 18:59:06,576 [INFO] detector: Window info set — origin=(0, 33)  size=1512x884  scale=1.0
2026-06-02 18:59:07,079 [INFO] detector: Window info set — origin=(0, 33)  size=1512x884  scale=1.0
2026-06-02 18:59:07,584 [INFO] detector: Window info set — origin=(0, 33)  size=1512x884  scale=1.0
2026-06-02 18:59:08,087 [INFO] detector: Window info set — origin=(0, 33)  size=1512x884  scale=1.0
2026-06-02 18:59:08,595 [INFO] detector: Window info set — origin=(0, 33)  size=1512x884  scale=1.0
2026-06-02 18:59:09,100 [INFO] detector: Window info set — origin=(0, 33)  size=1512x884  scale=1.0
2026-06-02 18:59:09,602 [INFO] detector: Window info set — origin=(0, 33)  size=1512x884  scale=1.0
2026-06-02 18:59:10,106 [INFO] detector: Window info set — origin=(0, 33)  size=1512x884  scale=1.0
2026-06-02 18:59:10,609 [INFO] detector: Window info set — origin=(0, 33)  size=1512x884  scale=1.0
2026-06-02 18:59:11,112 [INFO] detector: Window info set — origin=(0, 33)  size=1512x884  scale=1.0
2026-06-02 18:59:11,618 [INFO] detector: Window info set — origin=(0, 33)  size=1512x884  scale=1.0
2026-06-02 18:59:12,119 [INFO] detector: Window info set — origin=(0, 33)  size=1512x884  scale=1.0
2026-06-02 18:59:12,621 [INFO] detector: Window info set — origin=(0, 33)  size=1512x884  scale=1.0
2026-06-02 18:59:13,122 [INFO] detector: Window info set — origin=(0, 33)  size=1512x884  scale=1.0
2026-06-02 18:59:13,403 [INFO] main: Cleaning up...
2026-06-02 18:59:13,403 [INFO] controller: Controller cleaned up.
2026-06-02 18:59:13,403 [INFO] main: Exiting.
2026-06-02 18:59:22,866 [INFO] main: Starting Fisch Macro...
2026-06-02 18:59:22,895 [INFO] main: Initializing configuration...
2026-06-02 18:59:22,896 [INFO] main: Initializing window tracker...
2026-06-02 18:59:22,896 [INFO] main: Initializing detector...
2026-06-02 18:59:22,896 [INFO] main: Initializing controller...
2026-06-02 18:59:22,896 [INFO] main: Setting up start/stop hotkey on key: f6
2026-06-02 18:59:22,915 [INFO] controller: Global hotkey active: press 'f6' to start/stop the macro.
2026-06-02 18:59:22,915 [INFO] main: Initializing macro engine...
2026-06-02 18:59:22,915 [INFO] main: Starting GUI...
2026-06-02 18:59:23,128 [INFO] src.window_tracker: Display scale factor (Quartz): 1.00
2026-06-02 18:59:23,128 [INFO] detector: Window info set — origin=(0, 33)  size=1512x884  scale=1.0
2026-06-02 18:59:23,630 [INFO] detector: Window info set — origin=(0, 33)  size=1512x884  scale=1.0
2026-06-02 18:59:24,135 [INFO] detector: Window info set — origin=(0, 33)  size=1512x884  scale=1.0
2026-06-02 18:59:24,637 [INFO] detector: Window info set — origin=(0, 33)  size=1512x884  scale=1.0
2026-06-02 18:59:25,142 [INFO] detector: Window info set — origin=(0, 33)  size=1512x884  scale=1.0
2026-06-02 18:59:25,645 [INFO] detector: Window info set — origin=(0, 33)  size=1512x884  scale=1.0
2026-06-02 18:59:26,147 [INFO] detector: Window info set — origin=(0, 33)  size=1512x884  scale=1.0
2026-06-02 18:59:26,651 [INFO] detector: Window info set — origin=(0, 33)  size=1512x884  scale=1.0
2026-06-02 18:59:27,154 [INFO] detector: Window info set — origin=(0, 33)  size=1512x884  scale=1.0
2026-06-02 18:59:27,244 [INFO] controller: Global hotkey pressed: f6
2026-06-02 18:59:27,245 [INFO] detector: Window info set — origin=(0, 33)  size=1512x884  scale=1.0
2026-06-02 18:59:27,248 [INFO] controller: Controller started.
2026-06-02 18:59:27,248 [INFO] macro: State: Idle → Casting
2026-06-02 18:59:27,248 [INFO] macro: Macro engine started
2026-06-02 18:59:27,659 [INFO] detector: Window info set — origin=(0, 33)  size=1512x884  scale=1.0
2026-06-02 18:59:28,162 [INFO] detector: Window info set — origin=(0, 33)  size=1512x884  scale=1.0
2026-06-02 18:59:28,664 [INFO] detector: Window info set — origin=(0, 33)  size=1512x884  scale=1.0
2026-06-02 18:59:28,867 [INFO] macro: State: Casting → Waiting for Bite
2026-06-02 18:59:28,953 [INFO] macro: Minigame ready — fish on the line!
2026-06-02 18:59:28,985 [INFO] macro: State: Waiting for Bite → Reeling
2026-06-02 18:59:29,165 [INFO] detector: Window info set — origin=(0, 33)  size=1512x884  scale=1.0
2026-06-02 18:59:29,668 [INFO] detector: Window info set — origin=(0, 33)  size=1512x884  scale=1.0
2026-06-02 18:59:30,172 [INFO] detector: Window info set — origin=(0, 33)  size=1512x884  scale=1.0
2026-06-02 18:59:30,674 [INFO] detector: Window info set — origin=(0, 33)  size=1512x884  scale=1.0
2026-06-02 18:59:31,176 [INFO] detector: Window info set — origin=(0, 33)  size=1512x884  scale=1.0
2026-06-02 18:59:31,678 [INFO] detector: Window info set — origin=(0, 33)  size=1512x884  scale=1.0
2026-06-02 18:59:32,179 [INFO] detector: Window info set — origin=(0, 33)  size=1512x884  scale=1.0
2026-06-02 18:59:32,684 [INFO] detector: Window info set — origin=(0, 33)  size=1512x884  scale=1.0
2026-06-02 18:59:33,186 [INFO] detector: Window info set — origin=(0, 33)  size=1512x884  scale=1.0
2026-06-02 18:59:33,688 [INFO] detector: Window info set — origin=(0, 33)  size=1512x884  scale=1.0
2026-06-02 18:59:34,192 [INFO] detector: Window info set — origin=(0, 33)  size=1512x884  scale=1.0
2026-06-02 18:59:34,694 [INFO] detector: Window info set — origin=(0, 33)  size=1512x884  scale=1.0
2026-06-02 18:59:35,196 [INFO] detector: Window info set — origin=(0, 33)  size=1512x884  scale=1.0
2026-06-02 18:59:35,699 [INFO] detector: Window info set — origin=(0, 33)  size=1512x884  scale=1.0
2026-06-02 18:59:36,201 [INFO] detector: Window info set — origin=(0, 33)  size=1512x884  scale=1.0
2026-06-02 18:59:36,703 [INFO] detector: Window info set — origin=(0, 33)  size=1512x884  scale=1.0
2026-06-02 18:59:37,205 [INFO] detector: Window info set — origin=(0, 33)  size=1512x884  scale=1.0
2026-06-02 18:59:37,707 [INFO] detector: Window info set — origin=(0, 33)  size=1512x884  scale=1.0
2026-06-02 18:59:38,208 [INFO] detector: Window info set — origin=(0, 33)  size=1512x884  scale=1.0
2026-06-02 18:59:38,709 [INFO] detector: Window info set — origin=(0, 33)  size=1512x884  scale=1.0
2026-06-02 18:59:39,211 [INFO] detector: Window info set — origin=(0, 33)  size=1512x884  scale=1.0
2026-06-02 18:59:39,713 [INFO] detector: Window info set — origin=(0, 33)  size=1512x884  scale=1.0
2026-06-02 18:59:40,217 [INFO] detector: Window info set — origin=(0, 33)  size=1512x884  scale=1.0
2026-06-02 18:59:40,719 [INFO] detector: Window info set — origin=(0, 33)  size=1512x884  scale=1.0
2026-06-02 18:59:41,224 [INFO] detector: Window info set — origin=(0, 33)  size=1512x884  scale=1.0
2026-06-02 18:59:41,726 [INFO] detector: Window info set — origin=(0, 33)  size=1512x884  scale=1.0
2026-06-02 18:59:42,228 [INFO] detector: Window info set — origin=(0, 33)  size=1512x884  scale=1.0
2026-06-02 18:59:42,730 [INFO] detector: Window info set — origin=(0, 33)  size=1512x884  scale=1.0
2026-06-02 18:59:43,232 [INFO] detector: Window info set — origin=(0, 33)  size=1512x884  scale=1.0
2026-06-02 18:59:43,735 [INFO] detector: Window info set — origin=(0, 33)  size=1512x884  scale=1.0
2026-06-02 18:59:44,236 [INFO] detector: Window info set — origin=(0, 33)  size=1512x884  scale=1.0
2026-06-02 18:59:44,737 [INFO] detector: Window info set — origin=(0, 33)  size=1512x884  scale=1.0
2026-06-02 18:59:45,243 [INFO] detector: Window info set — origin=(0, 33)  size=1512x884  scale=1.0
2026-06-02 18:59:45,744 [INFO] detector: Window info set — origin=(0, 33)  size=1512x884  scale=1.0
2026-06-02 18:59:46,246 [INFO] detector: Window info set — origin=(0, 33)  size=1512x884  scale=1.0
2026-06-02 18:59:46,751 [INFO] detector: Window info set — origin=(0, 33)  size=1512x884  scale=1.0
2026-06-02 18:59:47,252 [INFO] detector: Window info set — origin=(0, 33)  size=1512x884  scale=1.0
2026-06-02 18:59:47,758 [INFO] detector: Window info set — origin=(0, 33)  size=1512x884  scale=1.0
2026-06-02 18:59:48,259 [INFO] detector: Window info set — origin=(0, 33)  size=1512x884  scale=1.0
2026-06-02 18:59:48,761 [INFO] detector: Window info set — origin=(0, 33)  size=1512x884  scale=1.0
2026-06-02 18:59:49,262 [INFO] detector: Window info set — origin=(0, 33)  size=1512x884  scale=1.0
2026-06-02 18:59:49,767 [INFO] detector: Window info set — origin=(0, 33)  size=1512x884  scale=1.0
2026-06-02 18:59:50,269 [INFO] detector: Window info set — origin=(0, 33)  size=1512x884  scale=1.0
2026-06-02 18:59:50,774 [INFO] detector: Window info set — origin=(0, 33)  size=1512x884  scale=1.0
2026-06-02 18:59:51,276 [INFO] detector: Window info set — origin=(0, 33)  size=1512x884  scale=1.0
2026-06-02 18:59:51,778 [INFO] detector: Window info set — origin=(0, 33)  size=1512x884  scale=1.0
2026-06-02 18:59:52,284 [INFO] detector: Window info set — origin=(0, 33)  size=1512x884  scale=1.0
2026-06-02 18:59:52,786 [INFO] detector: Window info set — origin=(0, 33)  size=1512x884  scale=1.0
2026-06-02 18:59:53,288 [INFO] detector: Window info set — origin=(0, 33)  size=1512x884  scale=1.0
2026-06-02 18:59:53,791 [INFO] detector: Window info set — origin=(0, 33)  size=1512x884  scale=1.0
2026-06-02 18:59:54,293 [INFO] detector: Window info set — origin=(0, 33)  size=1512x884  scale=1.0
2026-06-02 18:59:54,794 [INFO] detector: Window info set — origin=(0, 33)  size=1512x884  scale=1.0
2026-06-02 18:59:55,295 [INFO] detector: Window info set — origin=(0, 33)  size=1512x884  scale=1.0
2026-06-02 18:59:55,799 [INFO] detector: Window info set — origin=(0, 33)  size=1512x884  scale=1.0
2026-06-02 18:59:56,301 [INFO] detector: Window info set — origin=(0, 33)  size=1512x884  scale=1.0
2026-06-02 18:59:56,805 [INFO] detector: Window info set — origin=(0, 33)  size=1512x884  scale=1.0
2026-06-02 18:59:57,309 [INFO] detector: Window info set — origin=(0, 33)  size=1512x884  scale=1.0
2026-06-02 18:59:57,811 [INFO] detector: Window info set — origin=(0, 33)  size=1512x884  scale=1.0
2026-06-02 18:59:58,313 [INFO] detector: Window info set — origin=(0, 33)  size=1512x884  scale=1.0
2026-06-02 18:59:58,817 [INFO] detector: Window info set — origin=(0, 33)  size=1512x884  scale=1.0
2026-06-02 18:59:59,319 [INFO] detector: Window info set — origin=(0, 33)  size=1512x884  scale=1.0
2026-06-02 18:59:59,821 [INFO] detector: Window info set — origin=(0, 33)  size=1512x884  scale=1.0
2026-06-02 19:00:00,325 [INFO] detector: Window info set — origin=(0, 33)  size=1512x884  scale=1.0
2026-06-02 19:00:00,827 [INFO] detector: Window info set — origin=(0, 33)  size=1512x884  scale=1.0
2026-06-02 19:00:01,329 [INFO] detector: Window info set — origin=(0, 33)  size=1512x884  scale=1.0
2026-06-02 19:00:01,833 [INFO] detector: Window info set — origin=(0, 33)  size=1512x884  scale=1.0
2026-06-02 19:00:02,334 [INFO] detector: Window info set — origin=(0, 33)  size=1512x884  scale=1.0
2026-06-02 19:00:02,836 [INFO] detector: Window info set — origin=(0, 33)  size=1512x884  scale=1.0
2026-06-02 19:00:03,341 [INFO] detector: Window info set — origin=(0, 33)  size=1512x884  scale=1.0
2026-06-02 19:00:03,844 [INFO] detector: Window info set — origin=(0, 33)  size=1512x884  scale=1.0
2026-06-02 19:00:04,347 [INFO] detector: Window info set — origin=(0, 33)  size=1512x884  scale=1.0
2026-06-02 19:00:04,849 [INFO] detector: Window info set — origin=(0, 33)  size=1512x884  scale=1.0
2026-06-02 19:00:05,351 [INFO] detector: Window info set — origin=(0, 33)  size=1512x884  scale=1.0
2026-06-02 19:00:05,853 [INFO] detector: Window info set — origin=(0, 33)  size=1512x884  scale=1.0
2026-06-02 19:00:06,355 [INFO] detector: Window info set — origin=(0, 33)  size=1512x884  scale=1.0
2026-06-02 19:00:06,859 [INFO] detector: Window info set — origin=(0, 33)  size=1512x884  scale=1.0
2026-06-02 19:00:07,361 [INFO] detector: Window info set — origin=(0, 33)  size=1512x884  scale=1.0
2026-06-02 19:00:07,863 [INFO] detector: Window info set — origin=(0, 33)  size=1512x884  scale=1.0
2026-06-02 19:00:08,366 [INFO] detector: Window info set — origin=(0, 33)  size=1512x884  scale=1.0
2026-06-02 19:00:08,868 [INFO] detector: Window info set — origin=(0, 33)  size=1512x884  scale=1.0
2026-06-02 19:00:09,370 [INFO] detector: Window info set — origin=(0, 33)  size=1512x884  scale=1.0
2026-06-02 19:00:09,876 [INFO] detector: Window info set — origin=(0, 33)  size=1512x884  scale=1.0
2026-06-02 19:00:10,378 [INFO] detector: Window info set — origin=(0, 33)  size=1512x884  scale=1.0
2026-06-02 19:00:10,880 [INFO] detector: Window info set — origin=(0, 33)  size=1512x884  scale=1.0
2026-06-02 19:00:11,383 [INFO] detector: Window info set — origin=(0, 33)  size=1512x884  scale=1.0
2026-06-02 19:00:11,885 [INFO] detector: Window info set — origin=(0, 33)  size=1512x884  scale=1.0
2026-06-02 19:00:12,387 [INFO] detector: Window info set — origin=(0, 33)  size=1512x884  scale=1.0
2026-06-02 19:00:12,891 [INFO] detector: Window info set — origin=(0, 33)  size=1512x884  scale=1.0
2026-06-02 19:00:13,394 [INFO] detector: Window info set — origin=(0, 33)  size=1512x884  scale=1.0
2026-06-02 19:00:13,896 [INFO] detector: Window info set — origin=(0, 33)  size=1512x884  scale=1.0
2026-06-02 19:00:14,399 [INFO] detector: Window info set — origin=(0, 33)  size=1512x884  scale=1.0
2026-06-02 19:00:14,901 [INFO] detector: Window info set — origin=(0, 33)  size=1512x884  scale=1.0
2026-06-02 19:00:15,402 [INFO] detector: Window info set — origin=(0, 33)  size=1512x884  scale=1.0
2026-06-02 19:00:15,905 [INFO] detector: Window info set — origin=(0, 33)  size=1512x884  scale=1.0
2026-06-02 19:00:16,152 [INFO] controller: Global hotkey pressed: f6
2026-06-02 19:00:16,165 [INFO] controller: Controller stopped.
2026-06-02 19:00:16,165 [INFO] macro: State: Reeling → Stopped
2026-06-02 19:00:16,219 [INFO] macro: Macro loop ended (stop requested)
2026-06-02 19:00:19,167 [INFO] macro: Macro engine stopped
2026-06-02 19:00:19,185 [INFO] detector: Window info set — origin=(0, 33)  size=1512x884  scale=1.0
2026-06-02 19:00:19,688 [INFO] detector: Window info set — origin=(0, 33)  size=1512x884  scale=1.0
2026-06-02 19:00:20,192 [INFO] detector: Window info set — origin=(0, 33)  size=1512x884  scale=1.0
2026-06-02 19:00:20,695 [INFO] detector: Window info set — origin=(0, 33)  size=1512x884  scale=1.0
2026-06-02 19:00:21,200 [INFO] detector: Window info set — origin=(0, 33)  size=1512x884  scale=1.0
2026-06-02 19:00:21,703 [INFO] detector: Window info set — origin=(0, 33)  size=1512x884  scale=1.0
2026-06-02 19:00:22,208 [INFO] detector: Window info set — origin=(0, 33)  size=1512x884  scale=1.0
2026-06-02 19:00:22,711 [INFO] detector: Window info set — origin=(0, 33)  size=1512x884  scale=1.0
2026-06-02 19:00:23,217 [INFO] detector: Window info set — origin=(0, 33)  size=1512x884  scale=1.0
2026-06-02 19:00:23,720 [INFO] detector: Window info set — origin=(0, 33)  size=1512x884  scale=1.0
2026-06-02 19:00:24,226 [INFO] detector: Window info set — origin=(0, 33)  size=1512x884  scale=1.0
2026-06-02 19:00:24,730 [INFO] detector: Window info set — origin=(0, 33)  size=1512x884  scale=1.0
2026-06-02 19:00:25,237 [INFO] detector: Window info set — origin=(0, 33)  size=1512x884  scale=1.0
2026-06-02 19:00:25,739 [INFO] detector: Window info set — origin=(0, 33)  size=1512x884  scale=1.0
2026-06-02 19:00:26,242 [INFO] detector: Window info set — origin=(0, 33)  size=1512x884  scale=1.0
2026-06-02 19:00:26,745 [INFO] detector: Window info set — origin=(0, 33)  size=1512x884  scale=1.0
2026-06-02 19:00:27,247 [INFO] detector: Window info set — origin=(0, 33)  size=1512x884  scale=1.0
2026-06-02 19:00:27,751 [INFO] detector: Window info set — origin=(0, 33)  size=1512x884  scale=1.0
2026-06-02 19:00:28,254 [INFO] detector: Window info set — origin=(0, 33)  size=1512x884  scale=1.0
2026-06-02 19:00:28,759 [INFO] detector: Window info set — origin=(0, 33)  size=1512x884  scale=1.0
2026-06-02 19:00:29,261 [INFO] detector: Window info set — origin=(0, 33)  size=1512x884  scale=1.0
2026-06-02 19:00:29,768 [INFO] detector: Window info set — origin=(0, 33)  size=1512x884  scale=1.0
2026-06-02 19:00:30,269 [INFO] detector: Window info set — origin=(0, 33)  size=1512x884  scale=1.0
2026-06-02 19:00:30,778 [INFO] detector: Window info set — origin=(0, 33)  size=1512x884  scale=1.0
2026-06-02 19:00:31,280 [INFO] detector: Window info set — origin=(0, 33)  size=1512x884  scale=1.0
2026-06-02 19:00:31,784 [INFO] detector: Window info set — origin=(0, 33)  size=1512x884  scale=1.0
2026-06-02 19:00:32,286 [INFO] detector: Window info set — origin=(0, 33)  size=1512x884  scale=1.0
2026-06-02 19:00:32,789 [INFO] detector: Window info set — origin=(0, 33)  size=1512x884  scale=1.0
2026-06-02 19:00:33,292 [INFO] detector: Window info set — origin=(0, 33)  size=1512x884  scale=1.0
2026-06-02 19:00:33,795 [INFO] detector: Window info set — origin=(0, 33)  size=1512x884  scale=1.0
2026-06-02 19:00:34,297 [INFO] detector: Window info set — origin=(0, 33)  size=1512x884  scale=1.0
2026-06-02 19:00:34,801 [INFO] detector: Window info set — origin=(0, 33)  size=1512x884  scale=1.0
2026-06-02 19:00:35,303 [INFO] detector: Window info set — origin=(0, 33)  size=1512x884  scale=1.0
2026-06-02 19:00:35,806 [INFO] detector: Window info set — origin=(0, 33)  size=1512x884  scale=1.0
2026-06-02 19:00:36,309 [INFO] detector: Window info set — origin=(0, 33)  size=1512x884  scale=1.0
2026-06-02 19:00:36,811 [INFO] detector: Window info set — origin=(0, 33)  size=1512x884  scale=1.0
2026-06-02 19:00:37,314 [INFO] detector: Window info set — origin=(0, 33)  size=1512x884  scale=1.0
2026-06-02 19:00:37,817 [INFO] detector: Window info set — origin=(0, 33)  size=1512x884  scale=1.0
2026-06-02 19:00:38,319 [INFO] detector: Window info set — origin=(0, 33)  size=1512x884  scale=1.0
2026-06-02 19:00:38,825 [INFO] detector: Window info set — origin=(0, 33)  size=1512x884  scale=1.0
2026-06-02 19:00:39,328 [INFO] detector: Window info set — origin=(0, 33)  size=1512x884  scale=1.0
2026-06-02 19:00:39,835 [INFO] detector: Window info set — origin=(0, 33)  size=1512x884  scale=1.0
2026-06-02 19:00:40,337 [INFO] detector: Window info set — origin=(0, 33)  size=1512x884  scale=1.0
2026-06-02 19:00:40,843 [INFO] detector: Window info set — origin=(0, 33)  size=1512x884  scale=1.0
2026-06-02 19:00:41,346 [INFO] detector: Window info set — origin=(0, 33)  size=1512x884  scale=1.0
2026-06-02 19:00:41,850 [INFO] detector: Window info set — origin=(0, 33)  size=1512x884  scale=1.0
2026-06-02 19:00:42,353 [INFO] detector: Window info set — origin=(0, 33)  size=1512x884  scale=1.0
2026-06-02 19:00:42,856 [INFO] detector: Window info set — origin=(0, 33)  size=1512x884  scale=1.0
2026-06-02 19:00:43,359 [INFO] detector: Window info set — origin=(0, 33)  size=1512x884  scale=1.0
2026-06-02 19:00:43,861 [INFO] detector: Window info set — origin=(0, 33)  size=1512x884  scale=1.0
2026-06-02 19:00:44,367 [INFO] detector: Window info set — origin=(0, 33)  size=1512x884  scale=1.0
2026-06-02 19:00:44,869 [INFO] detector: Window info set — origin=(0, 33)  size=1512x884  scale=1.0
2026-06-02 19:00:45,372 [INFO] detector: Window info set — origin=(0, 33)  size=1512x884  scale=1.0
2026-06-02 19:00:45,875 [INFO] detector: Window info set — origin=(0, 33)  size=1512x884  scale=1.0
2026-06-02 19:00:46,378 [INFO] detector: Window info set — origin=(0, 33)  size=1512x884  scale=1.0
2026-06-02 19:00:46,883 [INFO] detector: Window info set — origin=(0, 33)  size=1512x884  scale=1.0
2026-06-02 19:00:47,386 [INFO] detector: Window info set — origin=(0, 33)  size=1512x884  scale=1.0
2026-06-02 19:00:47,892 [INFO] detector: Window info set — origin=(0, 33)  size=1512x884  scale=1.0
2026-06-02 19:00:48,394 [INFO] detector: Window info set — origin=(0, 33)  size=1512x884  scale=1.0
2026-06-02 19:00:48,897 [INFO] detector: Window info set — origin=(0, 33)  size=1512x884  scale=1.0
2026-06-02 19:00:49,400 [INFO] detector: Window info set — origin=(0, 33)  size=1512x884  scale=1.0
2026-06-02 19:00:49,902 [INFO] detector: Window info set — origin=(0, 33)  size=1512x884  scale=1.0
2026-06-02 19:00:50,410 [INFO] detector: Window info set — origin=(0, 33)  size=1512x884  scale=1.0
2026-06-02 19:00:50,912 [INFO] detector: Window info set — origin=(0, 33)  size=1512x884  scale=1.0
2026-06-02 19:00:51,417 [INFO] detector: Window info set — origin=(0, 33)  size=1512x884  scale=1.0
2026-06-02 19:00:51,919 [INFO] detector: Window info set — origin=(0, 33)  size=1512x884  scale=1.0
2026-06-02 19:00:52,421 [INFO] detector: Window info set — origin=(0, 33)  size=1512x884  scale=1.0
2026-06-02 19:00:52,926 [INFO] detector: Window info set — origin=(0, 33)  size=1512x884  scale=1.0
2026-06-02 19:00:53,428 [INFO] detector: Window info set — origin=(0, 33)  size=1512x884  scale=1.0
2026-06-02 19:00:53,930 [INFO] detector: Window info set — origin=(0, 33)  size=1512x884  scale=1.0
2026-06-02 19:00:54,434 [INFO] detector: Window info set — origin=(0, 33)  size=1512x884  scale=1.0
2026-06-02 19:00:54,936 [INFO] detector: Window info set — origin=(0, 33)  size=1512x884  scale=1.0
2026-06-02 19:00:55,443 [INFO] detector: Window info set — origin=(0, 33)  size=1512x884  scale=1.0
2026-06-02 19:00:55,945 [INFO] detector: Window info set — origin=(0, 33)  size=1512x884  scale=1.0
2026-06-02 19:00:56,450 [INFO] detector: Window info set — origin=(0, 33)  size=1512x884  scale=1.0
2026-06-02 19:00:56,953 [INFO] detector: Window info set — origin=(0, 33)  size=1512x884  scale=1.0
2026-06-02 19:00:57,458 [INFO] detector: Window info set — origin=(0, 33)  size=1512x884  scale=1.0
2026-06-02 19:00:57,961 [INFO] detector: Window info set — origin=(0, 33)  size=1512x884  scale=1.0
2026-06-02 19:00:58,463 [INFO] detector: Window info set — origin=(0, 33)  size=1512x884  scale=1.0
2026-06-02 19:00:58,967 [INFO] detector: Window info set — origin=(0, 33)  size=1512x884  scale=1.0
2026-06-02 19:00:59,480 [INFO] detector: Window info set — origin=(0, 33)  size=1512x884  scale=1.0
2026-06-02 19:00:59,983 [INFO] detector: Window info set — origin=(0, 33)  size=1512x884  scale=1.0
2026-06-02 19:01:00,486 [INFO] detector: Window info set — origin=(0, 33)  size=1512x884  scale=1.0
2026-06-02 19:01:00,988 [INFO] detector: Window info set — origin=(0, 33)  size=1512x884  scale=1.0
2026-06-02 19:01:01,493 [INFO] detector: Window info set — origin=(0, 33)  size=1512x884  scale=1.0
2026-06-02 19:01:01,995 [INFO] detector: Window info set — origin=(0, 33)  size=1512x884  scale=1.0
2026-06-02 19:01:02,499 [INFO] detector: Window info set — origin=(0, 33)  size=1512x884  scale=1.0
2026-06-02 19:01:02,675 [INFO] controller: Global hotkey pressed: f6
2026-06-02 19:01:02,677 [INFO] detector: Window info set — origin=(0, 33)  size=1512x884  scale=1.0
2026-06-02 19:01:02,681 [INFO] controller: Controller started.
2026-06-02 19:01:02,681 [INFO] macro: State: Stopped → Casting
2026-06-02 19:01:02,681 [INFO] macro: Macro engine started
2026-06-02 19:01:03,002 [INFO] detector: Window info set — origin=(0, 33)  size=1512x884  scale=1.0
2026-06-02 19:01:03,505 [INFO] detector: Window info set — origin=(0, 33)  size=1512x884  scale=1.0
2026-06-02 19:01:04,008 [INFO] detector: Window info set — origin=(0, 33)  size=1512x884  scale=1.0
2026-06-02 19:01:04,280 [INFO] macro: State: Casting → Waiting for Bite
2026-06-02 19:01:04,511 [INFO] detector: Window info set — origin=(0, 33)  size=1512x884  scale=1.0
2026-06-02 19:01:05,012 [INFO] detector: Window info set — origin=(0, 33)  size=1512x884  scale=1.0
2026-06-02 19:01:05,516 [INFO] detector: Window info set — origin=(0, 33)  size=1512x884  scale=1.0
2026-06-02 19:01:06,017 [INFO] detector: Window info set — origin=(0, 33)  size=1512x884  scale=1.0
2026-06-02 19:01:06,519 [INFO] detector: Window info set — origin=(0, 33)  size=1512x884  scale=1.0
2026-06-02 19:01:06,796 [INFO] macro: Minigame ready — fish on the line!
2026-06-02 19:01:06,797 [INFO] macro: State: Waiting for Bite → Reeling
2026-06-02 19:01:07,021 [INFO] detector: Window info set — origin=(0, 33)  size=1512x884  scale=1.0
2026-06-02 19:01:07,524 [INFO] detector: Window info set — origin=(0, 33)  size=1512x884  scale=1.0
2026-06-02 19:01:08,025 [INFO] detector: Window info set — origin=(0, 33)  size=1512x884  scale=1.0
2026-06-02 19:01:08,527 [INFO] detector: Window info set — origin=(0, 33)  size=1512x884  scale=1.0
2026-06-02 19:01:09,029 [INFO] detector: Window info set — origin=(0, 33)  size=1512x884  scale=1.0
2026-06-02 19:01:09,532 [INFO] detector: Window info set — origin=(0, 33)  size=1512x884  scale=1.0
2026-06-02 19:01:10,034 [INFO] detector: Window info set — origin=(0, 33)  size=1512x884  scale=1.0
2026-06-02 19:01:10,536 [INFO] detector: Window info set — origin=(0, 33)  size=1512x884  scale=1.0
2026-06-02 19:01:11,043 [INFO] detector: Window info set — origin=(0, 33)  size=1512x884  scale=1.0
2026-06-02 19:01:11,544 [INFO] detector: Window info set — origin=(0, 33)  size=1512x884  scale=1.0
2026-06-02 19:01:12,045 [INFO] detector: Window info set — origin=(0, 33)  size=1512x884  scale=1.0
2026-06-02 19:01:12,552 [INFO] detector: Window info set — origin=(0, 33)  size=1512x884  scale=1.0
2026-06-02 19:01:13,054 [INFO] detector: Window info set — origin=(0, 33)  size=1512x884  scale=1.0
2026-06-02 19:01:13,558 [INFO] detector: Window info set — origin=(0, 33)  size=1512x884  scale=1.0
2026-06-02 19:01:14,059 [INFO] detector: Window info set — origin=(0, 33)  size=1512x884  scale=1.0
2026-06-02 19:01:14,561 [INFO] detector: Window info set — origin=(0, 33)  size=1512x884  scale=1.0
2026-06-02 19:01:15,063 [INFO] detector: Window info set — origin=(0, 33)  size=1512x884  scale=1.0
2026-06-02 19:01:15,565 [INFO] detector: Window info set — origin=(0, 33)  size=1512x884  scale=1.0
2026-06-02 19:01:16,067 [INFO] detector: Window info set — origin=(0, 33)  size=1512x884  scale=1.0
2026-06-02 19:01:16,569 [INFO] detector: Window info set — origin=(0, 33)  size=1512x884  scale=1.0
2026-06-02 19:01:17,071 [INFO] detector: Window info set — origin=(0, 33)  size=1512x884  scale=1.0
2026-06-02 19:01:17,574 [INFO] detector: Window info set — origin=(0, 33)  size=1512x884  scale=1.0
2026-06-02 19:01:18,076 [INFO] detector: Window info set — origin=(0, 33)  size=1512x884  scale=1.0
2026-06-02 19:01:18,577 [INFO] detector: Window info set — origin=(0, 33)  size=1512x884  scale=1.0
2026-06-02 19:01:19,079 [INFO] detector: Window info set — origin=(0, 33)  size=1512x884  scale=1.0
2026-06-02 19:01:19,582 [INFO] detector: Window info set — origin=(0, 33)  size=1512x884  scale=1.0
2026-06-02 19:01:20,084 [INFO] detector: Window info set — origin=(0, 33)  size=1512x884  scale=1.0
2026-06-02 19:01:20,588 [INFO] detector: Window info set — origin=(0, 33)  size=1512x884  scale=1.0
2026-06-02 19:01:21,093 [INFO] detector: Window info set — origin=(0, 33)  size=1512x884  scale=1.0
2026-06-02 19:01:21,360 [INFO] controller: Global hotkey pressed: f6
2026-06-02 19:01:21,361 [INFO] controller: Controller stopped.
2026-06-02 19:01:21,361 [INFO] macro: State: Reeling → Stopped
2026-06-02 19:01:21,421 [INFO] macro: Macro loop ended (stop requested)
2026-06-02 19:01:24,362 [INFO] macro: Macro engine stopped
2026-06-02 19:01:24,368 [INFO] detector: Window info set — origin=(0, 33)  size=1512x884  scale=1.0
2026-06-02 19:01:24,876 [INFO] detector: Window info set — origin=(0, 33)  size=1512x884  scale=1.0
2026-06-02 19:01:25,378 [INFO] detector: Window info set — origin=(0, 33)  size=1512x884  scale=1.0
2026-06-02 19:01:25,882 [INFO] detector: Window info set — origin=(0, 33)  size=1512x884  scale=1.0
2026-06-02 19:01:26,385 [INFO] detector: Window info set — origin=(0, 33)  size=1512x884  scale=1.0
2026-06-02 19:01:26,887 [INFO] detector: Window info set — origin=(0, 33)  size=1512x884  scale=1.0
2026-06-02 19:01:27,391 [INFO] detector: Window info set — origin=(0, 33)  size=1512x884  scale=1.0
2026-06-02 19:01:27,893 [INFO] detector: Window info set — origin=(0, 33)  size=1512x884  scale=1.0
2026-06-02 19:01:28,395 [INFO] detector: Window info set — origin=(0, 33)  size=1512x884  scale=1.0
2026-06-02 19:01:28,897 [INFO] detector: Window info set — origin=(0, 33)  size=1512x884  scale=1.0
2026-06-02 19:01:29,399 [INFO] detector: Window info set — origin=(0, 33)  size=1512x884  scale=1.0
2026-06-02 19:01:29,901 [INFO] detector: Window info set — origin=(0, 33)  size=1512x884  scale=1.0
2026-06-02 19:01:30,408 [INFO] detector: Window info set — origin=(0, 33)  size=1512x884  scale=1.0
2026-06-02 19:01:30,910 [INFO] detector: Window info set — origin=(0, 33)  size=1512x884  scale=1.0
2026-06-02 19:01:31,413 [INFO] detector: Window info set — origin=(0, 33)  size=1512x884  scale=1.0
2026-06-02 19:01:31,916 [INFO] detector: Window info set — origin=(0, 33)  size=1512x884  scale=1.0
2026-06-02 19:01:32,418 [INFO] detector: Window info set — origin=(0, 33)  size=1512x884  scale=1.0
2026-06-02 19:01:32,920 [INFO] detector: Window info set — origin=(0, 33)  size=1512x884  scale=1.0
2026-06-02 19:01:33,425 [INFO] detector: Window info set — origin=(0, 33)  size=1512x884  scale=1.0
2026-06-02 19:01:33,928 [INFO] detector: Window info set — origin=(0, 33)  size=1512x884  scale=1.0
2026-06-02 19:01:34,433 [INFO] detector: Window info set — origin=(0, 33)  size=1512x884  scale=1.0
2026-06-02 19:01:34,942 [INFO] detector: Window info set — origin=(0, 33)  size=1512x884  scale=1.0
2026-06-02 19:01:35,444 [INFO] detector: Window info set — origin=(0, 33)  size=1512x884  scale=1.0
2026-06-02 19:01:35,947 [INFO] detector: Window info set — origin=(0, 33)  size=1512x884  scale=1.0
2026-06-02 19:01:36,450 [INFO] detector: Window info set — origin=(0, 33)  size=1512x884  scale=1.0
2026-06-02 19:01:36,953 [INFO] detector: Window info set — origin=(0, 33)  size=1512x884  scale=1.0
2026-06-02 19:01:37,457 [INFO] detector: Window info set — origin=(0, 33)  size=1512x884  scale=1.0
2026-06-02 19:01:37,960 [INFO] detector: Window info set — origin=(0, 33)  size=1512x884  scale=1.0
2026-06-02 19:01:38,463 [INFO] detector: Window info set — origin=(0, 33)  size=1512x884  scale=1.0
2026-06-02 19:01:38,966 [INFO] detector: Window info set — origin=(0, 33)  size=1512x884  scale=1.0
2026-06-02 19:01:39,467 [INFO] detector: Window info set — origin=(0, 33)  size=1512x884  scale=1.0
2026-06-02 19:01:39,970 [INFO] detector: Window info set — origin=(0, 33)  size=1512x884  scale=1.0
2026-06-02 19:01:40,471 [INFO] detector: Window info set — origin=(0, 33)  size=1512x884  scale=1.0
2026-06-02 19:01:40,976 [INFO] detector: Window info set — origin=(0, 33)  size=1512x884  scale=1.0
2026-06-02 19:01:41,477 [INFO] detector: Window info set — origin=(0, 33)  size=1512x884  scale=1.0
2026-06-02 19:01:41,983 [INFO] detector: Window info set — origin=(0, 33)  size=1512x884  scale=1.0
2026-06-02 19:01:42,484 [INFO] detector: Window info set — origin=(0, 33)  size=1512x884  scale=1.0
2026-06-02 19:01:42,986 [INFO] detector: Window info set — origin=(0, 33)  size=1512x884  scale=1.0
2026-06-02 19:01:43,488 [INFO] detector: Window info set — origin=(0, 33)  size=1512x884  scale=1.0
2026-06-02 19:01:43,992 [INFO] detector: Window info set — origin=(0, 33)  size=1512x884  scale=1.0
2026-06-02 19:01:44,494 [INFO] detector: Window info set — origin=(0, 33)  size=1512x884  scale=1.0
2026-06-02 19:01:45,001 [INFO] detector: Window info set — origin=(0, 33)  size=1512x884  scale=1.0
2026-06-02 19:01:45,503 [INFO] detector: Window info set — origin=(0, 33)  size=1512x884  scale=1.0
2026-06-02 19:01:46,008 [INFO] detector: Window info set — origin=(0, 33)  size=1512x884  scale=1.0
2026-06-02 19:01:46,511 [INFO] detector: Window info set — origin=(0, 33)  size=1512x884  scale=1.0
2026-06-02 19:01:47,014 [INFO] detector: Window info set — origin=(0, 33)  size=1512x884  scale=1.0
2026-06-02 19:01:47,517 [INFO] detector: Window info set — origin=(0, 33)  size=1512x884  scale=1.0
2026-06-02 19:01:48,019 [INFO] detector: Window info set — origin=(0, 33)  size=1512x884  scale=1.0
2026-06-02 19:01:48,520 [INFO] detector: Window info set — origin=(0, 33)  size=1512x884  scale=1.0
2026-06-02 19:01:49,025 [INFO] detector: Window info set — origin=(0, 33)  size=1512x884  scale=1.0
2026-06-02 19:01:49,527 [INFO] detector: Window info set — origin=(0, 33)  size=1512x884  scale=1.0
2026-06-02 19:01:50,030 [INFO] detector: Window info set — origin=(0, 33)  size=1512x884  scale=1.0
2026-06-02 19:01:50,534 [INFO] detector: Window info set — origin=(0, 33)  size=1512x884  scale=1.0
2026-06-02 19:01:51,036 [INFO] detector: Window info set — origin=(0, 33)  size=1512x884  scale=1.0
2026-06-02 19:01:51,542 [INFO] detector: Window info set — origin=(0, 33)  size=1512x884  scale=1.0
2026-06-02 19:01:52,044 [INFO] detector: Window info set — origin=(0, 33)  size=1512x884  scale=1.0
2026-06-02 19:01:52,547 [INFO] detector: Window info set — origin=(0, 33)  size=1512x884  scale=1.0
2026-06-02 19:01:53,050 [INFO] detector: Window info set — origin=(0, 33)  size=1512x884  scale=1.0
2026-06-02 19:01:53,554 [INFO] detector: Window info set — origin=(0, 33)  size=1512x884  scale=1.0
2026-06-02 19:01:54,057 [INFO] detector: Window info set — origin=(0, 33)  size=1512x884  scale=1.0
2026-06-02 19:01:54,559 [INFO] detector: Window info set — origin=(0, 33)  size=1512x884  scale=1.0
2026-06-02 19:01:55,063 [INFO] detector: Window info set — origin=(0, 33)  size=1512x884  scale=1.0
2026-06-02 19:01:55,566 [INFO] detector: Window info set — origin=(0, 33)  size=1512x884  scale=1.0
2026-06-02 19:01:55,856 [INFO] main: Cleaning up...
2026-06-02 19:01:55,856 [INFO] controller: Controller cleaned up.
2026-06-02 19:01:55,856 [INFO] main: Exiting.
2026-06-02 19:03:21,898 [INFO] main: Starting Fisch Macro...
2026-06-02 19:03:21,934 [INFO] main: Initializing configuration...
2026-06-02 19:03:21,935 [INFO] main: Initializing window tracker...
2026-06-02 19:03:21,935 [INFO] main: Initializing detector...
2026-06-02 19:03:21,935 [INFO] main: Initializing controller...
2026-06-02 19:03:21,935 [INFO] main: Setting up start/stop hotkey on key: f6
2026-06-02 19:03:21,960 [INFO] controller: Global hotkey active: press 'f6' to start/stop the macro.
2026-06-02 19:03:21,960 [INFO] main: Initializing macro engine...
2026-06-02 19:03:21,960 [INFO] main: Starting GUI...
2026-06-02 19:03:22,153 [INFO] src.window_tracker: Display scale factor (Quartz): 1.00
2026-06-02 19:03:22,153 [INFO] detector: Window info set — origin=(0, 33)  size=1512x884  scale=1.0
2026-06-02 19:03:22,655 [INFO] detector: Window info set — origin=(0, 33)  size=1512x884  scale=1.0
2026-06-02 19:03:23,156 [INFO] detector: Window info set — origin=(0, 33)  size=1512x884  scale=1.0
2026-06-02 19:03:23,659 [INFO] detector: Window info set — origin=(0, 33)  size=1512x884  scale=1.0
2026-06-02 19:03:24,161 [INFO] detector: Window info set — origin=(0, 33)  size=1512x884  scale=1.0
2026-06-02 19:03:24,663 [INFO] detector: Window info set — origin=(0, 33)  size=1512x884  scale=1.0
2026-06-02 19:03:25,165 [INFO] detector: Window info set — origin=(0, 33)  size=1512x884  scale=1.0
2026-06-02 19:03:25,667 [INFO] detector: Window info set — origin=(0, 33)  size=1512x884  scale=1.0
2026-06-02 19:03:26,169 [INFO] detector: Window info set — origin=(0, 33)  size=1512x884  scale=1.0
2026-06-02 19:03:26,672 [INFO] detector: Window info set — origin=(0, 33)  size=1512x884  scale=1.0
2026-06-02 19:03:27,174 [INFO] detector: Window info set — origin=(0, 33)  size=1512x884  scale=1.0
2026-06-02 19:03:27,675 [INFO] detector: Window info set — origin=(0, 33)  size=1512x884  scale=1.0
2026-06-02 19:03:28,178 [INFO] detector: Window info set — origin=(0, 33)  size=1512x884  scale=1.0
2026-06-02 19:03:28,687 [INFO] detector: Window info set — origin=(0, 33)  size=1512x884  scale=1.0
2026-06-02 19:03:29,188 [INFO] detector: Window info set — origin=(0, 33)  size=1512x884  scale=1.0
2026-06-02 19:03:29,691 [INFO] detector: Window info set — origin=(0, 33)  size=1512x884  scale=1.0
2026-06-02 19:03:30,196 [INFO] detector: Window info set — origin=(0, 33)  size=1512x884  scale=1.0
2026-06-02 19:03:30,700 [INFO] detector: Window info set — origin=(0, 33)  size=1512x884  scale=1.0
2026-06-02 19:03:31,203 [INFO] detector: Window info set — origin=(0, 33)  size=1512x884  scale=1.0
2026-06-02 19:03:31,706 [INFO] detector: Window info set — origin=(0, 33)  size=1512x884  scale=1.0
2026-06-02 19:03:32,209 [INFO] detector: Window info set — origin=(0, 33)  size=1512x884  scale=1.0
2026-06-02 19:03:32,655 [INFO] detector: Window info set — origin=(0, 33)  size=1512x884  scale=1.0
2026-06-02 19:03:32,914 [INFO] detector: Window info set — origin=(0, 33)  size=1512x884  scale=1.0
2026-06-02 19:03:40,722 [INFO] detector: Window info set — origin=(-285, 33)  size=1512x884  scale=1.0
2026-06-02 19:03:41,223 [INFO] detector: Window info set — origin=(0, 33)  size=1512x884  scale=1.0
2026-06-02 19:03:41,727 [INFO] detector: Window info set — origin=(0, 33)  size=1512x884  scale=1.0
2026-06-02 19:03:42,230 [INFO] detector: Window info set — origin=(0, 33)  size=1512x884  scale=1.0
2026-06-02 19:03:42,738 [INFO] detector: Window info set — origin=(0, 33)  size=1512x884  scale=1.0
2026-06-02 19:03:43,240 [INFO] detector: Window info set — origin=(0, 33)  size=1512x884  scale=1.0
2026-06-02 19:03:43,747 [INFO] detector: Window info set — origin=(0, 33)  size=1512x884  scale=1.0
2026-06-02 19:03:44,250 [INFO] detector: Window info set — origin=(0, 33)  size=1512x884  scale=1.0
2026-06-02 19:03:44,754 [INFO] detector: Window info set — origin=(0, 33)  size=1512x884  scale=1.0
2026-06-02 19:03:45,257 [INFO] detector: Window info set — origin=(0, 33)  size=1512x884  scale=1.0
2026-06-02 19:03:45,762 [INFO] detector: Window info set — origin=(0, 33)  size=1512x884  scale=1.0
2026-06-02 19:03:46,264 [INFO] detector: Window info set — origin=(0, 33)  size=1512x884  scale=1.0
2026-06-02 19:03:46,767 [INFO] detector: Window info set — origin=(0, 33)  size=1512x884  scale=1.0
2026-06-02 19:03:47,270 [INFO] detector: Window info set — origin=(0, 33)  size=1512x884  scale=1.0
2026-06-02 19:03:47,771 [INFO] detector: Window info set — origin=(0, 33)  size=1512x884  scale=1.0
2026-06-02 19:03:48,274 [INFO] detector: Window info set — origin=(0, 33)  size=1512x884  scale=1.0
2026-06-02 19:03:48,779 [INFO] detector: Window info set — origin=(0, 33)  size=1512x884  scale=1.0
2026-06-02 19:03:49,281 [INFO] detector: Window info set — origin=(0, 33)  size=1512x884  scale=1.0
2026-06-02 19:03:49,783 [INFO] detector: Window info set — origin=(0, 33)  size=1512x884  scale=1.0
2026-06-02 19:03:50,288 [INFO] detector: Window info set — origin=(0, 33)  size=1512x884  scale=1.0
2026-06-02 19:03:50,791 [INFO] detector: Window info set — origin=(0, 33)  size=1512x884  scale=1.0
2026-06-02 19:03:51,296 [INFO] detector: Window info set — origin=(0, 33)  size=1512x884  scale=1.0
2026-06-02 19:03:51,800 [INFO] detector: Window info set — origin=(0, 33)  size=1512x884  scale=1.0
2026-06-02 19:03:52,304 [INFO] detector: Window info set — origin=(0, 33)  size=1512x884  scale=1.0
2026-06-02 19:03:52,805 [INFO] detector: Window info set — origin=(0, 33)  size=1512x884  scale=1.0
2026-06-02 19:03:53,308 [INFO] detector: Window info set — origin=(0, 33)  size=1512x884  scale=1.0
2026-06-02 19:03:53,813 [INFO] detector: Window info set — origin=(0, 33)  size=1512x884  scale=1.0
2026-06-02 19:03:54,316 [INFO] detector: Window info set — origin=(0, 33)  size=1512x884  scale=1.0
2026-06-02 19:03:54,820 [INFO] detector: Window info set — origin=(0, 33)  size=1512x884  scale=1.0
2026-06-02 19:03:55,322 [INFO] detector: Window info set — origin=(0, 33)  size=1512x884  scale=1.0
2026-06-02 19:03:55,830 [INFO] detector: Window info set — origin=(0, 33)  size=1512x884  scale=1.0
2026-06-02 19:03:56,332 [INFO] detector: Window info set — origin=(0, 33)  size=1512x884  scale=1.0
2026-06-02 19:03:56,836 [INFO] detector: Window info set — origin=(0, 33)  size=1512x884  scale=1.0
2026-06-02 19:03:57,338 [INFO] detector: Window info set — origin=(0, 33)  size=1512x884  scale=1.0
2026-06-02 19:03:57,841 [INFO] detector: Window info set — origin=(0, 33)  size=1512x884  scale=1.0
2026-06-02 19:03:58,345 [INFO] detector: Window info set — origin=(0, 33)  size=1512x884  scale=1.0
2026-06-02 19:03:58,847 [INFO] detector: Window info set — origin=(0, 33)  size=1512x884  scale=1.0
2026-06-02 19:03:59,350 [INFO] detector: Window info set — origin=(0, 33)  size=1512x884  scale=1.0
2026-06-02 19:03:59,855 [INFO] detector: Window info set — origin=(0, 33)  size=1512x884  scale=1.0
2026-06-02 19:04:00,357 [INFO] detector: Window info set — origin=(0, 33)  size=1512x884  scale=1.0
2026-06-02 19:04:00,862 [INFO] detector: Window info set — origin=(0, 33)  size=1512x884  scale=1.0
2026-06-02 19:04:01,363 [INFO] detector: Window info set — origin=(0, 33)  size=1512x884  scale=1.0
2026-06-02 19:04:01,866 [INFO] detector: Window info set — origin=(0, 33)  size=1512x884  scale=1.0
2026-06-02 19:04:02,371 [INFO] detector: Window info set — origin=(0, 33)  size=1512x884  scale=1.0
2026-06-02 19:04:02,873 [INFO] detector: Window info set — origin=(0, 33)  size=1512x884  scale=1.0
2026-06-02 19:04:03,378 [INFO] detector: Window info set — origin=(0, 33)  size=1512x884  scale=1.0
2026-06-02 19:04:03,881 [INFO] detector: Window info set — origin=(0, 33)  size=1512x884  scale=1.0
2026-06-02 19:04:04,384 [INFO] detector: Window info set — origin=(0, 33)  size=1512x884  scale=1.0
2026-06-02 19:04:04,888 [INFO] detector: Window info set — origin=(0, 33)  size=1512x884  scale=1.0
2026-06-02 19:04:05,390 [INFO] detector: Window info set — origin=(0, 33)  size=1512x884  scale=1.0
2026-06-02 19:04:05,896 [INFO] detector: Window info set — origin=(0, 33)  size=1512x884  scale=1.0
2026-06-02 19:04:06,399 [INFO] detector: Window info set — origin=(0, 33)  size=1512x884  scale=1.0
2026-06-02 19:04:06,904 [INFO] detector: Window info set — origin=(0, 33)  size=1512x884  scale=1.0
2026-06-02 19:04:07,405 [INFO] detector: Window info set — origin=(0, 33)  size=1512x884  scale=1.0
2026-06-02 19:04:07,909 [INFO] detector: Window info set — origin=(0, 33)  size=1512x884  scale=1.0
2026-06-02 19:04:08,413 [INFO] detector: Window info set — origin=(0, 33)  size=1512x884  scale=1.0
2026-06-02 19:04:08,915 [INFO] detector: Window info set — origin=(0, 33)  size=1512x884  scale=1.0
2026-06-02 19:04:09,421 [INFO] detector: Window info set — origin=(0, 33)  size=1512x884  scale=1.0
2026-06-02 19:04:09,923 [INFO] detector: Window info set — origin=(0, 33)  size=1512x884  scale=1.0
2026-06-02 19:04:10,426 [INFO] detector: Window info set — origin=(0, 33)  size=1512x884  scale=1.0
2026-06-02 19:04:10,929 [INFO] detector: Window info set — origin=(0, 33)  size=1512x884  scale=1.0
2026-06-02 19:04:11,432 [INFO] detector: Window info set — origin=(0, 33)  size=1512x884  scale=1.0
2026-06-02 19:04:11,934 [INFO] detector: Window info set — origin=(0, 33)  size=1512x884  scale=1.0
2026-06-02 19:04:12,438 [INFO] detector: Window info set — origin=(0, 33)  size=1512x884  scale=1.0
2026-06-02 19:04:12,942 [INFO] detector: Window info set — origin=(0, 33)  size=1512x884  scale=1.0
2026-06-02 19:04:13,446 [INFO] detector: Window info set — origin=(0, 33)  size=1512x884  scale=1.0
2026-06-02 19:04:13,949 [INFO] detector: Window info set — origin=(0, 33)  size=1512x884  scale=1.0
2026-06-02 19:04:14,454 [INFO] detector: Window info set — origin=(0, 33)  size=1512x884  scale=1.0
2026-06-02 19:04:14,958 [INFO] detector: Window info set — origin=(0, 33)  size=1512x884  scale=1.0
2026-06-02 19:04:15,461 [INFO] detector: Window info set — origin=(0, 33)  size=1512x884  scale=1.0
2026-06-02 19:04:15,964 [INFO] detector: Window info set — origin=(0, 33)  size=1512x884  scale=1.0
2026-06-02 19:04:16,466 [INFO] detector: Window info set — origin=(0, 33)  size=1512x884  scale=1.0
2026-06-02 19:04:16,971 [INFO] detector: Window info set — origin=(0, 33)  size=1512x884  scale=1.0
2026-06-02 19:04:17,474 [INFO] detector: Window info set — origin=(0, 33)  size=1512x884  scale=1.0
2026-06-02 19:04:17,978 [INFO] detector: Window info set — origin=(0, 33)  size=1512x884  scale=1.0
2026-06-02 19:04:18,480 [INFO] detector: Window info set — origin=(0, 33)  size=1512x884  scale=1.0
2026-06-02 19:04:18,983 [INFO] detector: Window info set — origin=(0, 33)  size=1512x884  scale=1.0
2026-06-02 19:04:19,487 [INFO] detector: Window info set — origin=(0, 33)  size=1512x884  scale=1.0
2026-06-02 19:04:19,989 [INFO] detector: Window info set — origin=(0, 33)  size=1512x884  scale=1.0
2026-06-02 19:04:20,492 [INFO] detector: Window info set — origin=(0, 33)  size=1512x884  scale=1.0
2026-06-02 19:04:20,996 [INFO] detector: Window info set — origin=(0, 33)  size=1512x884  scale=1.0
2026-06-02 19:04:21,499 [INFO] detector: Window info set — origin=(0, 33)  size=1512x884  scale=1.0
2026-06-02 19:04:22,005 [INFO] detector: Window info set — origin=(0, 33)  size=1512x884  scale=1.0
2026-06-02 19:04:22,507 [INFO] detector: Window info set — origin=(0, 33)  size=1512x884  scale=1.0
2026-06-02 19:04:23,012 [INFO] detector: Window info set — origin=(0, 33)  size=1512x884  scale=1.0
2026-06-02 19:04:23,514 [INFO] detector: Window info set — origin=(0, 33)  size=1512x884  scale=1.0
2026-06-02 19:04:24,017 [INFO] detector: Window info set — origin=(0, 33)  size=1512x884  scale=1.0
2026-06-02 19:04:24,519 [INFO] detector: Window info set — origin=(0, 33)  size=1512x884  scale=1.0
2026-06-02 19:04:25,022 [INFO] detector: Window info set — origin=(0, 33)  size=1512x884  scale=1.0
2026-06-02 19:04:25,524 [INFO] detector: Window info set — origin=(0, 33)  size=1512x884  scale=1.0
2026-06-02 19:04:26,029 [INFO] detector: Window info set — origin=(0, 33)  size=1512x884  scale=1.0
2026-06-02 19:04:26,532 [INFO] detector: Window info set — origin=(0, 33)  size=1512x884  scale=1.0
2026-06-02 19:04:27,036 [INFO] detector: Window info set — origin=(0, 33)  size=1512x884  scale=1.0
2026-06-02 19:04:27,539 [INFO] detector: Window info set — origin=(0, 33)  size=1512x884  scale=1.0
2026-06-02 19:04:28,041 [INFO] detector: Window info set — origin=(0, 33)  size=1512x884  scale=1.0
2026-06-02 19:04:28,546 [INFO] detector: Window info set — origin=(0, 33)  size=1512x884  scale=1.0
2026-06-02 19:04:29,049 [INFO] detector: Window info set — origin=(0, 33)  size=1512x884  scale=1.0
2026-06-02 19:04:29,554 [INFO] detector: Window info set — origin=(0, 33)  size=1512x884  scale=1.0
2026-06-02 19:04:30,057 [INFO] detector: Window info set — origin=(0, 33)  size=1512x884  scale=1.0
2026-06-02 19:04:30,562 [INFO] detector: Window info set — origin=(0, 33)  size=1512x884  scale=1.0
2026-06-02 19:04:31,066 [INFO] detector: Window info set — origin=(0, 33)  size=1512x884  scale=1.0
2026-06-02 19:04:31,570 [INFO] detector: Window info set — origin=(0, 33)  size=1512x884  scale=1.0
2026-06-02 19:04:32,072 [INFO] detector: Window info set — origin=(0, 33)  size=1512x884  scale=1.0
2026-06-02 19:04:32,574 [INFO] detector: Window info set — origin=(0, 33)  size=1512x884  scale=1.0
2026-06-02 19:04:33,079 [INFO] detector: Window info set — origin=(0, 33)  size=1512x884  scale=1.0
2026-06-02 19:04:33,581 [INFO] detector: Window info set — origin=(0, 33)  size=1512x884  scale=1.0
2026-06-02 19:04:34,083 [INFO] detector: Window info set — origin=(0, 33)  size=1512x884  scale=1.0
2026-06-02 19:04:34,589 [INFO] detector: Window info set — origin=(0, 33)  size=1512x884  scale=1.0
2026-06-02 19:04:35,092 [INFO] detector: Window info set — origin=(0, 33)  size=1512x884  scale=1.0
2026-06-02 19:04:35,596 [INFO] detector: Window info set — origin=(0, 33)  size=1512x884  scale=1.0
2026-06-02 19:04:36,099 [INFO] detector: Window info set — origin=(0, 33)  size=1512x884  scale=1.0
2026-06-02 19:04:36,604 [INFO] detector: Window info set — origin=(0, 33)  size=1512x884  scale=1.0
2026-06-02 19:04:37,106 [INFO] detector: Window info set — origin=(0, 33)  size=1512x884  scale=1.0
2026-06-02 19:04:37,609 [INFO] detector: Window info set — origin=(0, 33)  size=1512x884  scale=1.0
2026-06-02 19:04:38,113 [INFO] detector: Window info set — origin=(0, 33)  size=1512x884  scale=1.0
2026-06-02 19:04:38,615 [INFO] detector: Window info set — origin=(0, 33)  size=1512x884  scale=1.0
2026-06-02 19:04:39,117 [INFO] detector: Window info set — origin=(0, 33)  size=1512x884  scale=1.0
2026-06-02 19:04:39,621 [INFO] detector: Window info set — origin=(0, 33)  size=1512x884  scale=1.0
2026-06-02 19:04:40,124 [INFO] detector: Window info set — origin=(0, 33)  size=1512x884  scale=1.0
2026-06-02 19:04:40,629 [INFO] detector: Window info set — origin=(0, 33)  size=1512x884  scale=1.0
2026-06-02 19:04:41,131 [INFO] detector: Window info set — origin=(0, 33)  size=1512x884  scale=1.0
2026-06-02 19:04:41,634 [INFO] detector: Window info set — origin=(0, 33)  size=1512x884  scale=1.0
2026-06-02 19:04:42,137 [INFO] detector: Window info set — origin=(0, 33)  size=1512x884  scale=1.0
2026-06-02 19:04:42,641 [INFO] detector: Window info set — origin=(0, 33)  size=1512x884  scale=1.0
2026-06-02 19:04:43,146 [INFO] detector: Window info set — origin=(0, 33)  size=1512x884  scale=1.0
2026-06-02 19:04:43,649 [INFO] detector: Window info set — origin=(0, 33)  size=1512x884  scale=1.0
2026-06-02 19:04:44,154 [INFO] detector: Window info set — origin=(0, 33)  size=1512x884  scale=1.0
2026-06-02 19:04:44,656 [INFO] detector: Window info set — origin=(0, 33)  size=1512x884  scale=1.0
2026-06-02 19:04:45,162 [INFO] detector: Window info set — origin=(0, 33)  size=1512x884  scale=1.0
2026-06-02 19:04:45,666 [INFO] detector: Window info set — origin=(0, 33)  size=1512x884  scale=1.0
2026-06-02 19:04:46,171 [INFO] detector: Window info set — origin=(0, 33)  size=1512x884  scale=1.0
2026-06-02 19:04:46,673 [INFO] detector: Window info set — origin=(0, 33)  size=1512x884  scale=1.0
2026-06-02 19:04:47,175 [INFO] detector: Window info set — origin=(0, 33)  size=1512x884  scale=1.0
2026-06-02 19:04:47,679 [INFO] detector: Window info set — origin=(0, 33)  size=1512x884  scale=1.0
2026-06-02 19:04:48,181 [INFO] detector: Window info set — origin=(0, 33)  size=1512x884  scale=1.0
2026-06-02 19:04:48,683 [INFO] detector: Window info set — origin=(0, 33)  size=1512x884  scale=1.0
2026-06-02 19:04:49,187 [INFO] detector: Window info set — origin=(0, 33)  size=1512x884  scale=1.0
2026-06-02 19:04:49,689 [INFO] detector: Window info set — origin=(0, 33)  size=1512x884  scale=1.0
2026-06-02 19:04:50,191 [INFO] detector: Window info set — origin=(0, 33)  size=1512x884  scale=1.0
2026-06-02 19:04:50,696 [INFO] detector: Window info set — origin=(0, 33)  size=1512x884  scale=1.0
2026-06-02 19:04:51,197 [INFO] detector: Window info set — origin=(0, 33)  size=1512x884  scale=1.0
2026-06-02 19:04:51,700 [INFO] detector: Window info set — origin=(0, 33)  size=1512x884  scale=1.0
2026-06-02 19:04:52,202 [INFO] detector: Window info set — origin=(0, 33)  size=1512x884  scale=1.0
2026-06-02 19:04:52,705 [INFO] detector: Window info set — origin=(0, 33)  size=1512x884  scale=1.0
2026-06-02 19:04:53,207 [INFO] detector: Window info set — origin=(0, 33)  size=1512x884  scale=1.0
2026-06-02 19:04:53,712 [INFO] detector: Window info set — origin=(0, 33)  size=1512x884  scale=1.0
2026-06-02 19:04:54,214 [INFO] detector: Window info set — origin=(0, 33)  size=1512x884  scale=1.0
2026-06-02 19:04:54,717 [INFO] detector: Window info set — origin=(0, 33)  size=1512x884  scale=1.0
2026-06-02 19:04:55,221 [INFO] detector: Window info set — origin=(0, 33)  size=1512x884  scale=1.0
2026-06-02 19:04:55,724 [INFO] detector: Window info set — origin=(0, 33)  size=1512x884  scale=1.0
2026-06-02 19:04:56,230 [INFO] detector: Window info set — origin=(0, 33)  size=1512x884  scale=1.0
2026-06-02 19:04:56,732 [INFO] detector: Window info set — origin=(0, 33)  size=1512x884  scale=1.0
2026-06-02 19:04:57,236 [INFO] detector: Window info set — origin=(0, 33)  size=1512x884  scale=1.0
2026-06-02 19:04:57,739 [INFO] detector: Window info set — origin=(0, 33)  size=1512x884  scale=1.0
2026-06-02 19:04:58,242 [INFO] detector: Window info set — origin=(0, 33)  size=1512x884  scale=1.0
2026-06-02 19:04:58,746 [INFO] detector: Window info set — origin=(0, 33)  size=1512x884  scale=1.0
2026-06-02 19:04:59,249 [INFO] detector: Window info set — origin=(0, 33)  size=1512x884  scale=1.0
2026-06-02 19:04:59,754 [INFO] detector: Window info set — origin=(0, 33)  size=1512x884  scale=1.0
2026-06-02 19:05:00,256 [INFO] detector: Window info set — origin=(0, 33)  size=1512x884  scale=1.0
2026-06-02 19:05:00,758 [INFO] detector: Window info set — origin=(0, 33)  size=1512x884  scale=1.0
2026-06-02 19:05:01,261 [INFO] detector: Window info set — origin=(0, 33)  size=1512x884  scale=1.0
2026-06-02 19:05:01,763 [INFO] detector: Window info set — origin=(0, 33)  size=1512x884  scale=1.0
2026-06-02 19:05:02,372 [INFO] detector: Window info set — origin=(0, 33)  size=1512x884  scale=1.0
2026-06-02 19:05:02,875 [INFO] detector: Window info set — origin=(0, 33)  size=1512x884  scale=1.0
2026-06-02 19:05:03,379 [INFO] detector: Window info set — origin=(0, 33)  size=1512x884  scale=1.0
2026-06-02 19:05:03,880 [INFO] detector: Window info set — origin=(0, 33)  size=1512x884  scale=1.0
2026-06-02 19:05:04,382 [INFO] detector: Window info set — origin=(0, 33)  size=1512x884  scale=1.0
2026-06-02 19:05:04,939 [INFO] main: Cleaning up...
2026-06-02 19:05:04,940 [INFO] controller: Controller cleaned up.
2026-06-02 19:05:04,940 [INFO] main: Exiting.
2026-06-02 19:05:05,418 [INFO] main: Starting Fisch Macro...
2026-06-02 19:05:05,450 [INFO] main: Initializing configuration...
2026-06-02 19:05:05,450 [INFO] main: Initializing window tracker...
2026-06-02 19:05:05,450 [INFO] main: Initializing detector...
2026-06-02 19:05:05,450 [INFO] main: Initializing controller...
2026-06-02 19:05:05,450 [INFO] main: Setting up start/stop hotkey on key: f6
2026-06-02 19:05:05,469 [INFO] controller: Global hotkey active: press 'f6' to start/stop the macro.
2026-06-02 19:05:05,470 [INFO] main: Initializing macro engine...
2026-06-02 19:05:05,470 [INFO] main: Starting GUI...
2026-06-02 19:05:05,628 [INFO] src.window_tracker: Display scale factor (Quartz): 1.00
2026-06-02 19:05:05,628 [INFO] detector: Window info set — origin=(0, 33)  size=1512x884  scale=1.0
2026-06-02 19:05:06,130 [INFO] detector: Window info set — origin=(0, 33)  size=1512x884  scale=1.0
2026-06-02 19:05:06,632 [INFO] detector: Window info set — origin=(0, 33)  size=1512x884  scale=1.0
2026-06-02 19:05:07,133 [INFO] detector: Window info set — origin=(0, 33)  size=1512x884  scale=1.0
2026-06-02 19:05:07,638 [INFO] detector: Window info set — origin=(0, 33)  size=1512x884  scale=1.0
2026-06-02 19:05:07,933 [INFO] main: Cleaning up...
2026-06-02 19:05:07,933 [INFO] controller: Controller cleaned up.
2026-06-02 19:05:07,933 [INFO] main: Exiting.
2026-06-02 19:05:09,944 [INFO] main: Starting Fisch Macro...
2026-06-02 19:05:09,972 [INFO] main: Initializing configuration...
2026-06-02 19:05:09,972 [INFO] main: Initializing window tracker...
2026-06-02 19:05:09,972 [INFO] main: Initializing detector...
2026-06-02 19:05:09,972 [INFO] main: Initializing controller...
2026-06-02 19:05:09,972 [INFO] main: Setting up start/stop hotkey on key: f6
2026-06-02 19:05:09,989 [INFO] controller: Global hotkey active: press 'f6' to start/stop the macro.
2026-06-02 19:05:09,990 [INFO] main: Initializing macro engine...
2026-06-02 19:05:09,990 [INFO] main: Starting GUI...
2026-06-02 19:05:10,131 [INFO] src.window_tracker: Display scale factor (Quartz): 1.00
2026-06-02 19:05:10,131 [INFO] detector: Window info set — origin=(0, 33)  size=1512x884  scale=1.0
2026-06-02 19:05:10,632 [INFO] detector: Window info set — origin=(0, 33)  size=1512x884  scale=1.0
2026-06-02 19:05:11,136 [INFO] detector: Window info set — origin=(0, 33)  size=1512x884  scale=1.0
2026-06-02 19:05:11,638 [INFO] detector: Window info set — origin=(0, 33)  size=1512x884  scale=1.0
2026-06-02 19:05:12,141 [INFO] detector: Window info set — origin=(0, 33)  size=1512x884  scale=1.0
2026-06-02 19:05:12,646 [INFO] detector: Window info set — origin=(0, 33)  size=1512x884  scale=1.0
2026-06-02 19:05:13,149 [INFO] detector: Window info set — origin=(0, 33)  size=1512x884  scale=1.0
2026-06-02 19:05:13,654 [INFO] detector: Window info set — origin=(0, 33)  size=1512x884  scale=1.0
2026-06-02 19:05:14,156 [INFO] detector: Window info set — origin=(0, 33)  size=1512x884  scale=1.0
2026-06-02 19:05:14,659 [INFO] detector: Window info set — origin=(0, 33)  size=1512x884  scale=1.0
2026-06-02 19:05:15,163 [INFO] detector: Window info set — origin=(0, 33)  size=1512x884  scale=1.0
2026-06-02 19:05:15,665 [INFO] detector: Window info set — origin=(0, 33)  size=1512x884  scale=1.0
2026-06-02 19:05:16,195 [INFO] detector: Window info set — origin=(0, 33)  size=1512x884  scale=1.0
2026-06-02 19:05:16,696 [INFO] detector: Window info set — origin=(0, 33)  size=1512x884  scale=1.0
2026-06-02 19:05:17,197 [INFO] detector: Window info set — origin=(0, 33)  size=1512x884  scale=1.0
2026-06-02 19:05:17,707 [INFO] detector: Window info set — origin=(0, 33)  size=1512x884  scale=1.0
2026-06-02 19:05:18,212 [INFO] detector: Window info set — origin=(0, 33)  size=1512x884  scale=1.0
2026-06-02 19:05:18,714 [INFO] detector: Window info set — origin=(0, 33)  size=1512x884  scale=1.0
2026-06-02 19:05:19,217 [INFO] detector: Window info set — origin=(0, 33)  size=1512x884  scale=1.0
2026-06-02 19:05:19,719 [INFO] detector: Window info set — origin=(0, 33)  size=1512x884  scale=1.0
2026-06-02 19:05:20,222 [INFO] detector: Window info set — origin=(0, 33)  size=1512x884  scale=1.0
2026-06-02 19:05:20,725 [INFO] detector: Window info set — origin=(0, 33)  size=1512x884  scale=1.0
2026-06-02 19:05:21,228 [INFO] detector: Window info set — origin=(0, 33)  size=1512x884  scale=1.0
2026-06-02 19:05:21,731 [INFO] detector: Window info set — origin=(0, 33)  size=1512x884  scale=1.0
2026-06-02 19:05:22,233 [INFO] detector: Window info set — origin=(0, 33)  size=1512x884  scale=1.0
2026-06-02 19:05:22,736 [INFO] detector: Window info set — origin=(0, 33)  size=1512x884  scale=1.0
2026-06-02 19:05:22,738 [INFO] detector: Window info set — origin=(0, 33)  size=1512x884  scale=1.0
2026-06-02 19:05:22,919 [INFO] calibrator: Stable screenshot captured — 1512x982 (artifact=0.000)
2026-06-02 19:05:23,237 [INFO] detector: Window info set — origin=(0, 33)  size=1512x884  scale=1.0
2026-06-02 19:05:42,892 [INFO] calibrator: ROI from rect (451,780,611,25) → x=[0.298, 0.702]  y=[0.845, 0.873]
2026-06-02 19:05:49,981 [INFO] calibrator: ROI from rect (587,831,331,10) → x=[0.388, 0.607]  y=[0.903, 0.914]
2026-06-02 19:06:02,971 [INFO] calibrator: ROI from rect (83,113,1368,700) → x=[0.055, 0.960]  y=[0.090, 0.882]
2026-06-02 19:06:05,120 [INFO] detector: Window info set — origin=(-306, 33)  size=1512x884  scale=1.0
2026-06-02 19:06:05,621 [INFO] detector: Window info set — origin=(0, 33)  size=1512x884  scale=1.0
2026-06-02 19:06:06,123 [INFO] detector: Window info set — origin=(0, 33)  size=1512x884  scale=1.0
2026-06-02 19:06:06,625 [INFO] detector: Window info set — origin=(0, 33)  size=1512x884  scale=1.0
2026-06-02 19:06:07,126 [INFO] detector: Window info set — origin=(0, 33)  size=1512x884  scale=1.0
2026-06-02 19:06:07,628 [INFO] detector: Window info set — origin=(0, 33)  size=1512x884  scale=1.0
2026-06-02 19:06:08,135 [INFO] detector: Window info set — origin=(0, 33)  size=1512x884  scale=1.0
2026-06-02 19:06:08,637 [INFO] detector: Window info set — origin=(0, 33)  size=1512x884  scale=1.0
2026-06-02 19:06:09,140 [INFO] detector: Window info set — origin=(0, 33)  size=1512x884  scale=1.0
2026-06-02 19:06:09,641 [INFO] detector: Window info set — origin=(0, 33)  size=1512x884  scale=1.0
2026-06-02 19:06:10,142 [INFO] detector: Window info set — origin=(0, 33)  size=1512x884  scale=1.0
2026-06-02 19:06:10,645 [INFO] detector: Window info set — origin=(0, 33)  size=1512x884  scale=1.0
2026-06-02 19:06:11,150 [INFO] detector: Window info set — origin=(0, 33)  size=1512x884  scale=1.0
2026-06-02 19:06:11,653 [INFO] detector: Window info set — origin=(0, 33)  size=1512x884  scale=1.0
2026-06-02 19:06:12,158 [INFO] detector: Window info set — origin=(0, 33)  size=1512x884  scale=1.0
2026-06-02 19:06:12,660 [INFO] detector: Window info set — origin=(0, 33)  size=1512x884  scale=1.0
2026-06-02 19:06:13,161 [INFO] detector: Window info set — origin=(0, 33)  size=1512x884  scale=1.0
2026-06-02 19:06:13,666 [INFO] detector: Window info set — origin=(0, 33)  size=1512x884  scale=1.0
2026-06-02 19:06:13,690 [INFO] controller: Global hotkey pressed: f6
2026-06-02 19:06:13,692 [INFO] detector: Window info set — origin=(0, 33)  size=1512x884  scale=1.0
2026-06-02 19:06:13,694 [INFO] controller: Controller started.
2026-06-02 19:06:13,695 [INFO] macro: State: Idle → Casting
2026-06-02 19:06:13,695 [INFO] macro: Macro engine started
2026-06-02 19:06:14,170 [INFO] detector: Window info set — origin=(0, 33)  size=1512x884  scale=1.0
2026-06-02 19:06:14,675 [INFO] detector: Window info set — origin=(0, 33)  size=1512x884  scale=1.0
2026-06-02 19:06:15,178 [INFO] detector: Window info set — origin=(0, 33)  size=1512x884  scale=1.0
2026-06-02 19:06:15,330 [INFO] macro: State: Casting → Waiting for Bite
2026-06-02 19:06:15,683 [INFO] detector: Window info set — origin=(0, 33)  size=1512x884  scale=1.0
2026-06-02 19:06:16,184 [INFO] detector: Window info set — origin=(0, 33)  size=1512x884  scale=1.0
2026-06-02 19:06:16,687 [INFO] detector: Window info set — origin=(0, 33)  size=1512x884  scale=1.0
2026-06-02 19:06:17,191 [INFO] detector: Window info set — origin=(0, 33)  size=1512x884  scale=1.0
2026-06-02 19:06:17,694 [INFO] detector: Window info set — origin=(0, 33)  size=1512x884  scale=1.0
2026-06-02 19:06:18,195 [INFO] detector: Window info set — origin=(0, 33)  size=1512x884  scale=1.0
2026-06-02 19:06:18,699 [INFO] detector: Window info set — origin=(0, 33)  size=1512x884  scale=1.0
2026-06-02 19:06:19,201 [INFO] detector: Window info set — origin=(0, 33)  size=1512x884  scale=1.0
2026-06-02 19:06:19,704 [INFO] detector: Window info set — origin=(0, 33)  size=1512x884  scale=1.0
2026-06-02 19:06:20,206 [INFO] detector: Window info set — origin=(0, 33)  size=1512x884  scale=1.0
2026-06-02 19:06:20,708 [INFO] detector: Window info set — origin=(0, 33)  size=1512x884  scale=1.0
2026-06-02 19:06:21,211 [INFO] detector: Window info set — origin=(0, 33)  size=1512x884  scale=1.0
2026-06-02 19:06:21,714 [INFO] detector: Window info set — origin=(0, 33)  size=1512x884  scale=1.0
2026-06-02 19:06:22,217 [INFO] detector: Window info set — origin=(0, 33)  size=1512x884  scale=1.0
2026-06-02 19:06:22,719 [INFO] detector: Window info set — origin=(0, 33)  size=1512x884  scale=1.0
2026-06-02 19:06:23,221 [INFO] detector: Window info set — origin=(0, 33)  size=1512x884  scale=1.0
2026-06-02 19:06:23,725 [INFO] detector: Window info set — origin=(0, 33)  size=1512x884  scale=1.0
2026-06-02 19:06:24,227 [INFO] detector: Window info set — origin=(0, 33)  size=1512x884  scale=1.0
2026-06-02 19:06:24,729 [INFO] detector: Window info set — origin=(0, 33)  size=1512x884  scale=1.0
2026-06-02 19:06:25,232 [INFO] detector: Window info set — origin=(0, 33)  size=1512x884  scale=1.0
2026-06-02 19:06:25,734 [INFO] detector: Window info set — origin=(0, 33)  size=1512x884  scale=1.0
2026-06-02 19:06:26,236 [INFO] detector: Window info set — origin=(0, 33)  size=1512x884  scale=1.0
2026-06-02 19:06:26,738 [INFO] detector: Window info set — origin=(0, 33)  size=1512x884  scale=1.0
2026-06-02 19:06:27,241 [INFO] detector: Window info set — origin=(0, 33)  size=1512x884  scale=1.0
2026-06-02 19:06:27,745 [INFO] detector: Window info set — origin=(0, 33)  size=1512x884  scale=1.0
2026-06-02 19:06:28,248 [INFO] detector: Window info set — origin=(0, 33)  size=1512x884  scale=1.0
2026-06-02 19:06:28,340 [INFO] controller: Global hotkey pressed: f6
2026-06-02 19:06:28,388 [INFO] controller: Controller stopped.
2026-06-02 19:06:28,388 [INFO] macro: State: Waiting for Bite → Stopped
2026-06-02 19:06:28,419 [INFO] macro: Macro loop ended (stop requested)
2026-06-02 19:06:29,985 [INFO] controller: Global hotkey pressed: f6
2026-06-02 19:06:31,389 [INFO] macro: Macro engine stopped
2026-06-02 19:06:31,391 [INFO] controller: Global hotkey pressed: f6
2026-06-02 19:06:31,393 [INFO] detector: Window info set — origin=(0, 33)  size=1512x884  scale=1.0
2026-06-02 19:06:31,397 [INFO] detector: Window info set — origin=(0, 33)  size=1512x884  scale=1.0
2026-06-02 19:06:31,399 [INFO] controller: Controller started.
2026-06-02 19:06:31,399 [INFO] macro: State: Stopped → Casting
2026-06-02 19:06:31,399 [INFO] macro: Macro engine started
2026-06-02 19:06:31,895 [INFO] detector: Window info set — origin=(0, 33)  size=1512x884  scale=1.0
2026-06-02 19:06:32,400 [INFO] detector: Window info set — origin=(0, 33)  size=1512x884  scale=1.0
2026-06-02 19:06:32,904 [INFO] detector: Window info set — origin=(0, 33)  size=1512x884  scale=1.0
2026-06-02 19:06:32,998 [INFO] macro: State: Casting → Waiting for Bite
2026-06-02 19:06:33,407 [INFO] detector: Window info set — origin=(0, 33)  size=1512x884  scale=1.0
2026-06-02 19:06:33,910 [INFO] detector: Window info set — origin=(0, 33)  size=1512x884  scale=1.0
2026-06-02 19:06:34,413 [INFO] detector: Window info set — origin=(0, 33)  size=1512x884  scale=1.0
2026-06-02 19:06:34,916 [INFO] detector: Window info set — origin=(0, 33)  size=1512x884  scale=1.0
2026-06-02 19:06:35,418 [INFO] detector: Window info set — origin=(0, 33)  size=1512x884  scale=1.0
2026-06-02 19:06:35,920 [INFO] detector: Window info set — origin=(0, 33)  size=1512x884  scale=1.0
2026-06-02 19:06:36,425 [INFO] detector: Window info set — origin=(0, 33)  size=1512x884  scale=1.0
2026-06-02 19:06:36,927 [INFO] detector: Window info set — origin=(0, 33)  size=1512x884  scale=1.0
2026-06-02 19:06:37,429 [INFO] detector: Window info set — origin=(0, 33)  size=1512x884  scale=1.0
2026-06-02 19:06:37,933 [INFO] detector: Window info set — origin=(0, 33)  size=1512x884  scale=1.0
2026-06-02 19:06:38,435 [INFO] detector: Window info set — origin=(0, 33)  size=1512x884  scale=1.0
2026-06-02 19:06:38,936 [INFO] detector: Window info set — origin=(0, 33)  size=1512x884  scale=1.0
2026-06-02 19:06:39,437 [INFO] detector: Window info set — origin=(0, 33)  size=1512x884  scale=1.0
2026-06-02 19:06:39,940 [INFO] detector: Window info set — origin=(0, 33)  size=1512x884  scale=1.0
2026-06-02 19:06:40,441 [INFO] detector: Window info set — origin=(0, 33)  size=1512x884  scale=1.0
2026-06-02 19:06:40,943 [INFO] detector: Window info set — origin=(0, 33)  size=1512x884  scale=1.0
2026-06-02 19:06:41,449 [INFO] detector: Window info set — origin=(0, 33)  size=1512x884  scale=1.0
2026-06-02 19:06:41,950 [INFO] detector: Window info set — origin=(0, 33)  size=1512x884  scale=1.0
2026-06-02 19:06:42,452 [INFO] detector: Window info set — origin=(0, 33)  size=1512x884  scale=1.0
2026-06-02 19:06:42,954 [INFO] detector: Window info set — origin=(0, 33)  size=1512x884  scale=1.0
2026-06-02 19:06:43,457 [INFO] detector: Window info set — origin=(0, 33)  size=1512x884  scale=1.0
2026-06-02 19:06:43,959 [INFO] detector: Window info set — origin=(0, 33)  size=1512x884  scale=1.0
2026-06-02 19:06:44,461 [INFO] detector: Window info set — origin=(0, 33)  size=1512x884  scale=1.0
2026-06-02 19:06:44,963 [INFO] detector: Window info set — origin=(0, 33)  size=1512x884  scale=1.0
2026-06-02 19:06:45,467 [INFO] detector: Window info set — origin=(0, 33)  size=1512x884  scale=1.0
2026-06-02 19:06:45,970 [INFO] detector: Window info set — origin=(0, 33)  size=1512x884  scale=1.0
2026-06-02 19:06:46,471 [INFO] detector: Window info set — origin=(0, 33)  size=1512x884  scale=1.0
2026-06-02 19:06:46,973 [INFO] detector: Window info set — origin=(0, 33)  size=1512x884  scale=1.0
2026-06-02 19:06:47,475 [INFO] detector: Window info set — origin=(0, 33)  size=1512x884  scale=1.0
2026-06-02 19:06:47,977 [INFO] detector: Window info set — origin=(0, 33)  size=1512x884  scale=1.0
2026-06-02 19:06:48,482 [INFO] detector: Window info set — origin=(0, 33)  size=1512x884  scale=1.0
2026-06-02 19:06:48,984 [INFO] detector: Window info set — origin=(0, 33)  size=1512x884  scale=1.0
2026-06-02 19:06:49,486 [INFO] detector: Window info set — origin=(0, 33)  size=1512x884  scale=1.0
2026-06-02 19:06:49,991 [INFO] detector: Window info set — origin=(0, 33)  size=1512x884  scale=1.0
2026-06-02 19:06:50,492 [INFO] detector: Window info set — origin=(0, 33)  size=1512x884  scale=1.0
2026-06-02 19:06:50,994 [INFO] detector: Window info set — origin=(0, 33)  size=1512x884  scale=1.0
2026-06-02 19:06:51,495 [INFO] detector: Window info set — origin=(0, 33)  size=1512x884  scale=1.0
2026-06-02 19:06:52,000 [INFO] detector: Window info set — origin=(0, 33)  size=1512x884  scale=1.0
2026-06-02 19:06:52,501 [INFO] detector: Window info set — origin=(0, 33)  size=1512x884  scale=1.0
2026-06-02 19:06:53,003 [INFO] detector: Window info set — origin=(0, 33)  size=1512x884  scale=1.0
2026-06-02 19:06:53,507 [INFO] detector: Window info set — origin=(0, 33)  size=1512x884  scale=1.0
2026-06-02 19:06:54,009 [INFO] detector: Window info set — origin=(0, 33)  size=1512x884  scale=1.0
2026-06-02 19:06:54,511 [INFO] detector: Window info set — origin=(0, 33)  size=1512x884  scale=1.0
2026-06-02 19:06:55,013 [INFO] detector: Window info set — origin=(0, 33)  size=1512x884  scale=1.0
2026-06-02 19:06:55,516 [INFO] detector: Window info set — origin=(0, 33)  size=1512x884  scale=1.0
2026-06-02 19:06:56,019 [INFO] detector: Window info set — origin=(0, 33)  size=1512x884  scale=1.0
2026-06-02 19:06:56,525 [INFO] detector: Window info set — origin=(0, 33)  size=1512x884  scale=1.0
2026-06-02 19:06:57,027 [INFO] detector: Window info set — origin=(0, 33)  size=1512x884  scale=1.0
2026-06-02 19:06:57,529 [INFO] detector: Window info set — origin=(0, 33)  size=1512x884  scale=1.0
2026-06-02 19:06:58,032 [INFO] detector: Window info set — origin=(0, 33)  size=1512x884  scale=1.0
2026-06-02 19:06:58,534 [INFO] detector: Window info set — origin=(0, 33)  size=1512x884  scale=1.0
2026-06-02 19:06:59,037 [INFO] detector: Window info set — origin=(0, 33)  size=1512x884  scale=1.0
2026-06-02 19:06:59,540 [INFO] detector: Window info set — origin=(0, 33)  size=1512x884  scale=1.0
2026-06-02 19:07:00,042 [INFO] detector: Window info set — origin=(0, 33)  size=1512x884  scale=1.0
2026-06-02 19:07:00,543 [INFO] detector: Window info set — origin=(0, 33)  size=1512x884  scale=1.0
2026-06-02 19:07:01,045 [INFO] detector: Window info set — origin=(0, 33)  size=1512x884  scale=1.0
2026-06-02 19:07:01,549 [INFO] detector: Window info set — origin=(0, 33)  size=1512x884  scale=1.0
2026-06-02 19:07:02,051 [INFO] detector: Window info set — origin=(0, 33)  size=1512x884  scale=1.0
2026-06-02 19:07:02,553 [INFO] detector: Window info set — origin=(0, 33)  size=1512x884  scale=1.0
2026-06-02 19:07:03,057 [INFO] detector: Window info set — origin=(0, 33)  size=1512x884  scale=1.0
2026-06-02 19:07:03,559 [INFO] detector: Window info set — origin=(0, 33)  size=1512x884  scale=1.0
2026-06-02 19:07:04,062 [INFO] detector: Window info set — origin=(0, 33)  size=1512x884  scale=1.0
2026-06-02 19:07:04,565 [INFO] detector: Window info set — origin=(0, 33)  size=1512x884  scale=1.0
2026-06-02 19:07:05,067 [INFO] detector: Window info set — origin=(0, 33)  size=1512x884  scale=1.0
2026-06-02 19:07:05,570 [INFO] detector: Window info set — origin=(0, 33)  size=1512x884  scale=1.0
2026-06-02 19:07:06,073 [INFO] detector: Window info set — origin=(0, 33)  size=1512x884  scale=1.0
2026-06-02 19:07:06,574 [INFO] detector: Window info set — origin=(0, 33)  size=1512x884  scale=1.0
2026-06-02 19:07:07,077 [INFO] detector: Window info set — origin=(0, 33)  size=1512x884  scale=1.0
2026-06-02 19:07:07,578 [INFO] detector: Window info set — origin=(0, 33)  size=1512x884  scale=1.0
2026-06-02 19:07:08,082 [INFO] detector: Window info set — origin=(0, 33)  size=1512x884  scale=1.0
2026-06-02 19:07:08,583 [INFO] detector: Window info set — origin=(0, 33)  size=1512x884  scale=1.0
2026-06-02 19:07:09,118 [INFO] controller: Controller stopped.
2026-06-02 19:07:09,118 [INFO] macro: State: Waiting for Bite → Stopped
2026-06-02 19:07:09,183 [INFO] macro: Macro loop ended (stop requested)
2026-06-02 19:07:12,119 [INFO] macro: Macro engine stopped
2026-06-02 19:07:12,146 [INFO] main: Cleaning up...
2026-06-02 19:07:12,146 [INFO] controller: Controller cleaned up.
2026-06-02 19:07:12,146 [INFO] main: Exiting.
2026-06-02 19:08:14,384 [INFO] main: Starting Fisch Macro...
2026-06-02 19:08:14,416 [INFO] main: Initializing configuration...
2026-06-02 19:08:14,416 [INFO] main: Initializing window tracker...
2026-06-02 19:08:14,416 [INFO] main: Initializing detector...
2026-06-02 19:08:14,416 [INFO] main: Initializing controller...
2026-06-02 19:08:14,416 [INFO] main: Setting up start/stop hotkey on key: f6
2026-06-02 19:08:14,435 [INFO] controller: Global hotkey active: press 'f6' to start/stop the macro.
2026-06-02 19:08:14,435 [INFO] main: Initializing macro engine...
2026-06-02 19:08:14,436 [INFO] main: Starting GUI...
2026-06-02 19:08:14,607 [INFO] src.window_tracker: Display scale factor (Quartz): 1.00
2026-06-02 19:08:14,607 [INFO] detector: Window info set — origin=(0, 33)  size=1512x884  scale=1.0
2026-06-02 19:08:15,110 [INFO] detector: Window info set — origin=(0, 33)  size=1512x884  scale=1.0
2026-06-02 19:08:15,611 [INFO] detector: Window info set — origin=(0, 33)  size=1512x884  scale=1.0
2026-06-02 19:08:16,115 [INFO] detector: Window info set — origin=(0, 33)  size=1512x884  scale=1.0
2026-06-02 19:08:16,617 [INFO] detector: Window info set — origin=(0, 33)  size=1512x884  scale=1.0
2026-06-02 19:08:17,120 [INFO] detector: Window info set — origin=(0, 33)  size=1512x884  scale=1.0
2026-06-02 19:08:17,632 [INFO] detector: Window info set — origin=(0, 33)  size=1512x884  scale=1.0
2026-06-02 19:08:18,134 [INFO] detector: Window info set — origin=(0, 33)  size=1512x884  scale=1.0
2026-06-02 19:08:18,636 [INFO] detector: Window info set — origin=(0, 33)  size=1512x884  scale=1.0
2026-06-02 19:08:19,140 [INFO] detector: Window info set — origin=(0, 33)  size=1512x884  scale=1.0
2026-06-02 19:08:19,643 [INFO] detector: Window info set — origin=(0, 33)  size=1512x884  scale=1.0
2026-06-02 19:08:20,145 [INFO] detector: Window info set — origin=(0, 33)  size=1512x884  scale=1.0
2026-06-02 19:08:20,650 [INFO] detector: Window info set — origin=(0, 33)  size=1512x884  scale=1.0
2026-06-02 19:08:20,765 [INFO] controller: Global hotkey pressed: f6
2026-06-02 19:08:20,767 [INFO] detector: Window info set — origin=(0, 33)  size=1512x884  scale=1.0
2026-06-02 19:08:20,769 [INFO] controller: Controller started.
2026-06-02 19:08:20,769 [INFO] macro: State: Idle → Casting
2026-06-02 19:08:20,769 [INFO] macro: Macro engine started
2026-06-02 19:08:21,152 [INFO] detector: Window info set — origin=(0, 33)  size=1512x884  scale=1.0
2026-06-02 19:08:21,659 [INFO] detector: Window info set — origin=(0, 33)  size=1512x884  scale=1.0
2026-06-02 19:08:22,161 [INFO] detector: Window info set — origin=(0, 33)  size=1512x884  scale=1.0
2026-06-02 19:08:22,667 [INFO] detector: Window info set — origin=(0, 33)  size=1512x884  scale=1.0
2026-06-02 19:08:23,169 [INFO] detector: Window info set — origin=(0, 33)  size=1512x884  scale=1.0
2026-06-02 19:08:23,673 [INFO] macro: State: Casting → Waiting for Bite
2026-06-02 19:08:23,675 [INFO] detector: Window info set — origin=(0, 33)  size=1512x884  scale=1.0
2026-06-02 19:08:24,177 [INFO] detector: Window info set — origin=(0, 33)  size=1512x884  scale=1.0
2026-06-02 19:08:24,679 [INFO] detector: Window info set — origin=(0, 33)  size=1512x884  scale=1.0
2026-06-02 19:08:25,182 [INFO] detector: Window info set — origin=(0, 33)  size=1512x884  scale=1.0
2026-06-02 19:08:25,683 [INFO] detector: Window info set — origin=(0, 33)  size=1512x884  scale=1.0
2026-06-02 19:08:26,185 [INFO] detector: Window info set — origin=(0, 33)  size=1512x884  scale=1.0
2026-06-02 19:08:26,688 [INFO] detector: Window info set — origin=(0, 33)  size=1512x884  scale=1.0
2026-06-02 19:08:27,190 [INFO] detector: Window info set — origin=(0, 33)  size=1512x884  scale=1.0
2026-06-02 19:08:27,692 [INFO] detector: Window info set — origin=(0, 33)  size=1512x884  scale=1.0
2026-06-02 19:08:28,193 [INFO] detector: Window info set — origin=(0, 33)  size=1512x884  scale=1.0
2026-06-02 19:08:28,695 [INFO] detector: Window info set — origin=(0, 33)  size=1512x884  scale=1.0
2026-06-02 19:08:29,200 [INFO] detector: Window info set — origin=(0, 33)  size=1512x884  scale=1.0
2026-06-02 19:08:29,701 [INFO] detector: Window info set — origin=(0, 33)  size=1512x884  scale=1.0
2026-06-02 19:08:30,203 [INFO] detector: Window info set — origin=(0, 33)  size=1512x884  scale=1.0
2026-06-02 19:08:30,706 [INFO] detector: Window info set — origin=(0, 33)  size=1512x884  scale=1.0
2026-06-02 19:08:31,208 [INFO] detector: Window info set — origin=(0, 33)  size=1512x884  scale=1.0
2026-06-02 19:08:31,711 [INFO] detector: Window info set — origin=(0, 33)  size=1512x884  scale=1.0
2026-06-02 19:08:32,212 [INFO] detector: Window info set — origin=(0, 33)  size=1512x884  scale=1.0
2026-06-02 19:08:32,717 [INFO] detector: Window info set — origin=(0, 33)  size=1512x884  scale=1.0
2026-06-02 19:08:33,220 [INFO] detector: Window info set — origin=(0, 33)  size=1512x884  scale=1.0
2026-06-02 19:08:33,722 [INFO] detector: Window info set — origin=(0, 33)  size=1512x884  scale=1.0
2026-06-02 19:08:34,225 [INFO] detector: Window info set — origin=(0, 33)  size=1512x884  scale=1.0
2026-06-02 19:08:34,727 [INFO] detector: Window info set — origin=(0, 33)  size=1512x884  scale=1.0
2026-06-02 19:08:35,233 [INFO] detector: Window info set — origin=(0, 33)  size=1512x884  scale=1.0
2026-06-02 19:08:35,736 [INFO] detector: Window info set — origin=(0, 33)  size=1512x884  scale=1.0
2026-06-02 19:08:36,238 [INFO] detector: Window info set — origin=(0, 33)  size=1512x884  scale=1.0
2026-06-02 19:08:36,740 [INFO] detector: Window info set — origin=(0, 33)  size=1512x884  scale=1.0
2026-06-02 19:08:37,242 [INFO] detector: Window info set — origin=(0, 33)  size=1512x884  scale=1.0
2026-06-02 19:08:37,743 [INFO] detector: Window info set — origin=(0, 33)  size=1512x884  scale=1.0
2026-06-02 19:08:38,217 [INFO] controller: Global hotkey pressed: f6
2026-06-02 19:08:38,219 [INFO] controller: Controller stopped.
2026-06-02 19:08:38,220 [INFO] macro: State: Waiting for Bite → Stopped
2026-06-02 19:08:38,287 [INFO] macro: Macro loop ended (stop requested)
2026-06-02 19:08:41,221 [INFO] macro: Macro engine stopped
2026-06-02 19:08:41,226 [INFO] detector: Window info set — origin=(0, 33)  size=1512x884  scale=1.0
2026-06-02 19:08:41,729 [INFO] detector: Window info set — origin=(0, 33)  size=1512x884  scale=1.0
2026-06-02 19:08:42,234 [INFO] detector: Window info set — origin=(0, 33)  size=1512x884  scale=1.0
2026-06-02 19:08:42,736 [INFO] detector: Window info set — origin=(0, 33)  size=1512x884  scale=1.0
2026-06-02 19:08:43,238 [INFO] detector: Window info set — origin=(0, 33)  size=1512x884  scale=1.0
2026-06-02 19:08:43,742 [INFO] detector: Window info set — origin=(0, 33)  size=1512x884  scale=1.0
2026-06-02 19:08:44,244 [INFO] detector: Window info set — origin=(0, 33)  size=1512x884  scale=1.0
2026-06-02 19:08:44,746 [INFO] detector: Window info set — origin=(0, 33)  size=1512x884  scale=1.0
2026-06-02 19:08:45,251 [INFO] detector: Window info set — origin=(0, 33)  size=1512x884  scale=1.0
2026-06-02 19:08:45,753 [INFO] detector: Window info set — origin=(0, 33)  size=1512x884  scale=1.0
2026-06-02 19:08:46,254 [INFO] detector: Window info set — origin=(0, 33)  size=1512x884  scale=1.0
2026-06-02 19:08:46,758 [INFO] detector: Window info set — origin=(0, 33)  size=1512x884  scale=1.0
2026-06-02 19:08:47,260 [INFO] detector: Window info set — origin=(0, 33)  size=1512x884  scale=1.0
2026-06-02 19:08:47,763 [INFO] detector: Window info set — origin=(0, 33)  size=1512x884  scale=1.0
2026-06-02 19:08:48,267 [INFO] detector: Window info set — origin=(0, 33)  size=1512x884  scale=1.0
2026-06-02 19:08:48,769 [INFO] detector: Window info set — origin=(0, 33)  size=1512x884  scale=1.0
2026-06-02 19:08:49,271 [INFO] detector: Window info set — origin=(0, 33)  size=1512x884  scale=1.0
2026-06-02 19:08:49,775 [INFO] detector: Window info set — origin=(0, 33)  size=1512x884  scale=1.0
2026-06-02 19:08:50,277 [INFO] detector: Window info set — origin=(0, 33)  size=1512x884  scale=1.0
2026-06-02 19:08:50,779 [INFO] detector: Window info set — origin=(0, 33)  size=1512x884  scale=1.0
2026-06-02 19:08:51,284 [INFO] detector: Window info set — origin=(0, 33)  size=1512x884  scale=1.0
2026-06-02 19:08:51,786 [INFO] detector: Window info set — origin=(0, 33)  size=1512x884  scale=1.0
2026-06-02 19:08:52,290 [INFO] detector: Window info set — origin=(0, 33)  size=1512x884  scale=1.0
2026-06-02 19:08:52,792 [INFO] detector: Window info set — origin=(0, 33)  size=1512x884  scale=1.0
2026-06-02 19:08:53,294 [INFO] detector: Window info set — origin=(0, 33)  size=1512x884  scale=1.0
2026-06-02 19:08:53,796 [INFO] detector: Window info set — origin=(0, 33)  size=1512x884  scale=1.0
2026-06-02 19:08:54,300 [INFO] detector: Window info set — origin=(0, 33)  size=1512x884  scale=1.0
2026-06-02 19:08:54,802 [INFO] detector: Window info set — origin=(0, 33)  size=1512x884  scale=1.0
2026-06-02 19:08:55,308 [INFO] detector: Window info set — origin=(0, 33)  size=1512x884  scale=1.0
2026-06-02 19:08:55,811 [INFO] detector: Window info set — origin=(0, 33)  size=1512x884  scale=1.0
2026-06-02 19:08:56,316 [INFO] detector: Window info set — origin=(0, 33)  size=1512x884  scale=1.0
2026-06-02 19:08:56,819 [INFO] detector: Window info set — origin=(0, 33)  size=1512x884  scale=1.0
2026-06-02 19:08:57,321 [INFO] detector: Window info set — origin=(0, 33)  size=1512x884  scale=1.0
2026-06-02 19:08:57,825 [INFO] detector: Window info set — origin=(0, 33)  size=1512x884  scale=1.0
2026-06-02 19:08:58,327 [INFO] detector: Window info set — origin=(0, 33)  size=1512x884  scale=1.0
2026-06-02 19:08:58,834 [INFO] detector: Window info set — origin=(0, 33)  size=1512x884  scale=1.0
2026-06-02 19:08:59,336 [INFO] detector: Window info set — origin=(0, 33)  size=1512x884  scale=1.0
2026-06-02 19:08:59,843 [INFO] detector: Window info set — origin=(0, 33)  size=1512x884  scale=1.0
2026-06-02 19:09:00,345 [INFO] detector: Window info set — origin=(0, 33)  size=1512x884  scale=1.0
2026-06-02 19:09:00,851 [INFO] detector: Window info set — origin=(0, 33)  size=1512x884  scale=1.0
2026-06-02 19:09:01,352 [INFO] detector: Window info set — origin=(0, 33)  size=1512x884  scale=1.0
2026-06-02 19:09:01,857 [INFO] detector: Window info set — origin=(0, 33)  size=1512x884  scale=1.0
2026-06-02 19:09:02,360 [INFO] detector: Window info set — origin=(0, 33)  size=1512x884  scale=1.0
2026-06-02 19:09:02,863 [INFO] detector: Window info set — origin=(0, 33)  size=1512x884  scale=1.0
2026-06-02 19:09:03,366 [INFO] detector: Window info set — origin=(0, 33)  size=1512x884  scale=1.0
2026-06-02 19:09:03,868 [INFO] detector: Window info set — origin=(0, 33)  size=1512x884  scale=1.0
2026-06-02 19:09:04,371 [INFO] detector: Window info set — origin=(0, 33)  size=1512x884  scale=1.0
2026-06-02 19:09:04,874 [INFO] detector: Window info set — origin=(0, 33)  size=1512x884  scale=1.0
2026-06-02 19:09:05,376 [INFO] detector: Window info set — origin=(0, 33)  size=1512x884  scale=1.0
2026-06-02 19:09:05,879 [INFO] detector: Window info set — origin=(0, 33)  size=1512x884  scale=1.0
2026-06-02 19:09:06,382 [INFO] detector: Window info set — origin=(0, 33)  size=1512x884  scale=1.0
2026-06-02 19:09:06,885 [INFO] detector: Window info set — origin=(0, 33)  size=1512x884  scale=1.0
2026-06-02 19:09:07,388 [INFO] detector: Window info set — origin=(0, 33)  size=1512x884  scale=1.0
2026-06-02 19:09:07,892 [INFO] detector: Window info set — origin=(0, 33)  size=1512x884  scale=1.0
2026-06-02 19:09:08,395 [INFO] detector: Window info set — origin=(0, 33)  size=1512x884  scale=1.0
2026-06-02 19:09:08,901 [INFO] detector: Window info set — origin=(0, 33)  size=1512x884  scale=1.0
2026-06-02 19:09:09,402 [INFO] detector: Window info set — origin=(0, 33)  size=1512x884  scale=1.0
2026-06-02 19:09:09,905 [INFO] detector: Window info set — origin=(0, 33)  size=1512x884  scale=1.0
2026-06-02 19:09:10,408 [INFO] detector: Window info set — origin=(0, 33)  size=1512x884  scale=1.0
2026-06-02 19:09:10,910 [INFO] detector: Window info set — origin=(0, 33)  size=1512x884  scale=1.0
2026-06-02 19:09:11,413 [INFO] detector: Window info set — origin=(0, 33)  size=1512x884  scale=1.0
2026-06-02 19:09:11,915 [INFO] detector: Window info set — origin=(0, 33)  size=1512x884  scale=1.0
2026-06-02 19:09:12,417 [INFO] detector: Window info set — origin=(0, 33)  size=1512x884  scale=1.0
2026-06-02 19:09:12,919 [INFO] detector: Window info set — origin=(0, 33)  size=1512x884  scale=1.0
2026-06-02 19:09:13,424 [INFO] detector: Window info set — origin=(0, 33)  size=1512x884  scale=1.0
2026-06-02 19:09:13,927 [INFO] detector: Window info set — origin=(0, 33)  size=1512x884  scale=1.0
2026-06-02 19:09:14,429 [INFO] detector: Window info set — origin=(0, 33)  size=1512x884  scale=1.0
2026-06-02 19:09:14,934 [INFO] detector: Window info set — origin=(0, 33)  size=1512x884  scale=1.0
2026-06-02 19:09:15,436 [INFO] detector: Window info set — origin=(0, 33)  size=1512x884  scale=1.0
2026-06-02 19:09:15,942 [INFO] detector: Window info set — origin=(0, 33)  size=1512x884  scale=1.0
2026-06-02 19:09:16,444 [INFO] detector: Window info set — origin=(0, 33)  size=1512x884  scale=1.0
2026-06-02 19:09:16,950 [INFO] detector: Window info set — origin=(0, 33)  size=1512x884  scale=1.0
2026-06-02 19:09:17,452 [INFO] detector: Window info set — origin=(0, 33)  size=1512x884  scale=1.0
2026-06-02 19:09:17,958 [INFO] detector: Window info set — origin=(0, 33)  size=1512x884  scale=1.0
2026-06-02 19:09:18,460 [INFO] detector: Window info set — origin=(0, 33)  size=1512x884  scale=1.0
2026-06-02 19:09:18,965 [INFO] detector: Window info set — origin=(0, 33)  size=1512x884  scale=1.0
2026-06-02 19:09:19,468 [INFO] detector: Window info set — origin=(0, 33)  size=1512x884  scale=1.0
2026-06-02 19:09:19,971 [INFO] detector: Window info set — origin=(0, 33)  size=1512x884  scale=1.0
2026-06-02 19:09:20,490 [INFO] detector: Window info set — origin=(0, 33)  size=1512x884  scale=1.0
2026-06-02 19:09:20,992 [INFO] detector: Window info set — origin=(0, 33)  size=1512x884  scale=1.0
2026-06-02 19:09:21,493 [INFO] detector: Window info set — origin=(0, 33)  size=1512x884  scale=1.0
2026-06-02 19:09:22,002 [INFO] detector: Window info set — origin=(0, 33)  size=1512x884  scale=1.0
2026-06-02 19:09:22,504 [INFO] detector: Window info set — origin=(0, 33)  size=1512x884  scale=1.0
2026-06-02 19:09:22,611 [INFO] detector: Window info set — origin=(0, 33)  size=1512x884  scale=1.0
2026-06-02 19:09:22,771 [INFO] calibrator: Stable screenshot captured — 1512x982 (artifact=0.001)
2026-06-02 19:09:23,069 [INFO] detector: Window info set — origin=(0, 33)  size=1512x884  scale=1.0
2026-06-02 19:09:28,845 [INFO] calibrator: ROI from rect (641,333,237,146) → x=[0.424, 0.581]  y=[0.339, 0.505]
2026-06-02 19:09:30,174 [INFO] detector: Window info set — origin=(-766, 33)  size=1512x884  scale=1.0
2026-06-02 19:09:30,677 [INFO] detector: Window info set — origin=(0, 33)  size=1512x884  scale=1.0
2026-06-02 19:09:31,179 [INFO] detector: Window info set — origin=(0, 33)  size=1512x884  scale=1.0
2026-06-02 19:09:31,681 [INFO] detector: Window info set — origin=(0, 33)  size=1512x884  scale=1.0
2026-06-02 19:09:31,823 [INFO] detector: Window info set — origin=(0, 33)  size=1512x884  scale=1.0
2026-06-02 19:09:31,977 [INFO] calibrator: Stable screenshot captured — 1512x982 (artifact=0.001)
2026-06-02 19:09:32,206 [INFO] detector: Window info set — origin=(0, 33)  size=1512x884  scale=1.0
2026-06-02 19:09:34,715 [INFO] detector: Window info set — origin=(-428, 33)  size=1512x884  scale=1.0
2026-06-02 19:09:35,216 [INFO] detector: Window info set — origin=(0, 33)  size=1512x884  scale=1.0
2026-06-02 19:09:35,718 [INFO] detector: Window info set — origin=(0, 33)  size=1512x884  scale=1.0
2026-06-02 19:09:36,220 [INFO] detector: Window info set — origin=(0, 33)  size=1512x884  scale=1.0
2026-06-02 19:09:36,725 [INFO] detector: Window info set — origin=(0, 33)  size=1512x884  scale=1.0
2026-06-02 19:09:37,226 [INFO] detector: Window info set — origin=(0, 33)  size=1512x884  scale=1.0
2026-06-02 19:09:37,730 [INFO] detector: Window info set — origin=(0, 33)  size=1512x884  scale=1.0
2026-06-02 19:09:38,236 [INFO] detector: Window info set — origin=(0, 33)  size=1512x884  scale=1.0
2026-06-02 19:09:38,741 [INFO] detector: Window info set — origin=(0, 33)  size=1512x884  scale=1.0
2026-06-02 19:09:39,244 [INFO] detector: Window info set — origin=(0, 33)  size=1512x884  scale=1.0
2026-06-02 19:09:39,746 [INFO] detector: Window info set — origin=(0, 33)  size=1512x884  scale=1.0
2026-06-02 19:09:40,250 [INFO] detector: Window info set — origin=(0, 33)  size=1512x884  scale=1.0
2026-06-02 19:09:40,752 [INFO] detector: Window info set — origin=(0, 33)  size=1512x884  scale=1.0
2026-06-02 19:09:41,257 [INFO] detector: Window info set — origin=(0, 33)  size=1512x884  scale=1.0
2026-06-02 19:09:41,759 [INFO] detector: Window info set — origin=(0, 33)  size=1512x884  scale=1.0
2026-06-02 19:09:42,261 [INFO] detector: Window info set — origin=(0, 33)  size=1512x884  scale=1.0
2026-06-02 19:09:42,762 [INFO] detector: Window info set — origin=(0, 33)  size=1512x884  scale=1.0
2026-06-02 19:09:43,266 [INFO] detector: Window info set — origin=(0, 33)  size=1512x884  scale=1.0
2026-06-02 19:09:43,768 [INFO] detector: Window info set — origin=(0, 33)  size=1512x884  scale=1.0
2026-06-02 19:09:44,271 [INFO] detector: Window info set — origin=(0, 33)  size=1512x884  scale=1.0
2026-06-02 19:09:44,774 [INFO] detector: Window info set — origin=(0, 33)  size=1512x884  scale=1.0
2026-06-02 19:09:45,276 [INFO] detector: Window info set — origin=(0, 33)  size=1512x884  scale=1.0
2026-06-02 19:09:45,779 [INFO] detector: Window info set — origin=(0, 33)  size=1512x884  scale=1.0
2026-06-02 19:09:46,282 [INFO] detector: Window info set — origin=(0, 33)  size=1512x884  scale=1.0
2026-06-02 19:09:46,784 [INFO] detector: Window info set — origin=(0, 33)  size=1512x884  scale=1.0
2026-06-02 19:09:47,285 [INFO] detector: Window info set — origin=(0, 33)  size=1512x884  scale=1.0
2026-06-02 19:09:47,788 [INFO] detector: Window info set — origin=(0, 33)  size=1512x884  scale=1.0
2026-06-02 19:09:48,290 [INFO] detector: Window info set — origin=(0, 33)  size=1512x884  scale=1.0
2026-06-02 19:09:48,792 [INFO] detector: Window info set — origin=(0, 33)  size=1512x884  scale=1.0
2026-06-02 19:09:49,295 [INFO] detector: Window info set — origin=(0, 33)  size=1512x884  scale=1.0
2026-06-02 19:09:49,800 [INFO] detector: Window info set — origin=(0, 33)  size=1512x884  scale=1.0
2026-06-02 19:09:50,302 [INFO] detector: Window info set — origin=(0, 33)  size=1512x884  scale=1.0
2026-06-02 19:09:50,807 [INFO] detector: Window info set — origin=(0, 33)  size=1512x884  scale=1.0
2026-06-02 19:09:51,310 [INFO] detector: Window info set — origin=(0, 33)  size=1512x884  scale=1.0
2026-06-02 19:09:51,812 [INFO] detector: Window info set — origin=(0, 33)  size=1512x884  scale=1.0
2026-06-02 19:09:52,315 [INFO] detector: Window info set — origin=(0, 33)  size=1512x884  scale=1.0
2026-06-02 19:09:52,817 [INFO] detector: Window info set — origin=(0, 33)  size=1512x884  scale=1.0
2026-06-02 19:09:53,321 [INFO] detector: Window info set — origin=(0, 33)  size=1512x884  scale=1.0
2026-06-02 19:09:53,825 [INFO] detector: Window info set — origin=(0, 33)  size=1512x884  scale=1.0
2026-06-02 19:09:54,327 [INFO] detector: Window info set — origin=(0, 33)  size=1512x884  scale=1.0
2026-06-02 19:09:54,831 [INFO] detector: Window info set — origin=(0, 33)  size=1512x884  scale=1.0
2026-06-02 19:09:55,334 [INFO] detector: Window info set — origin=(0, 33)  size=1512x884  scale=1.0
2026-06-02 19:09:55,835 [INFO] detector: Window info set — origin=(0, 33)  size=1512x884  scale=1.0
2026-06-02 19:09:56,338 [INFO] detector: Window info set — origin=(0, 33)  size=1512x884  scale=1.0
2026-06-02 19:09:56,840 [INFO] detector: Window info set — origin=(0, 33)  size=1512x884  scale=1.0
2026-06-02 19:09:57,342 [INFO] detector: Window info set — origin=(0, 33)  size=1512x884  scale=1.0
2026-06-02 19:09:57,844 [INFO] detector: Window info set — origin=(0, 33)  size=1512x884  scale=1.0
2026-06-02 19:09:58,346 [INFO] detector: Window info set — origin=(0, 33)  size=1512x884  scale=1.0
2026-06-02 19:09:58,850 [INFO] detector: Window info set — origin=(0, 33)  size=1512x884  scale=1.0
2026-06-02 19:09:59,353 [INFO] detector: Window info set — origin=(0, 33)  size=1512x884  scale=1.0
2026-06-02 19:09:59,858 [INFO] detector: Window info set — origin=(0, 33)  size=1512x884  scale=1.0
2026-06-02 19:10:00,360 [INFO] detector: Window info set — origin=(0, 33)  size=1512x884  scale=1.0
2026-06-02 19:10:00,866 [INFO] detector: Window info set — origin=(0, 33)  size=1512x884  scale=1.0
2026-06-02 19:10:01,368 [INFO] detector: Window info set — origin=(0, 33)  size=1512x884  scale=1.0
2026-06-02 19:10:01,871 [INFO] detector: Window info set — origin=(0, 33)  size=1512x884  scale=1.0
2026-06-02 19:10:02,375 [INFO] detector: Window info set — origin=(0, 33)  size=1512x884  scale=1.0
2026-06-02 19:10:02,877 [INFO] detector: Window info set — origin=(0, 33)  size=1512x884  scale=1.0
2026-06-02 19:10:03,381 [INFO] detector: Window info set — origin=(0, 33)  size=1512x884  scale=1.0
2026-06-02 19:10:03,893 [INFO] detector: Window info set — origin=(0, 33)  size=1512x884  scale=1.0
2026-06-02 19:10:04,396 [INFO] detector: Window info set — origin=(0, 33)  size=1512x884  scale=1.0
2026-06-02 19:10:04,900 [INFO] detector: Window info set — origin=(0, 33)  size=1512x884  scale=1.0
2026-06-02 19:10:05,402 [INFO] detector: Window info set — origin=(0, 33)  size=1512x884  scale=1.0
2026-06-02 19:10:05,908 [INFO] detector: Window info set — origin=(0, 33)  size=1512x884  scale=1.0
2026-06-02 19:10:06,410 [INFO] detector: Window info set — origin=(0, 33)  size=1512x884  scale=1.0
2026-06-02 19:10:06,916 [INFO] detector: Window info set — origin=(0, 33)  size=1512x884  scale=1.0
2026-06-02 19:10:07,418 [INFO] detector: Window info set — origin=(0, 33)  size=1512x884  scale=1.0
2026-06-02 19:10:07,921 [INFO] detector: Window info set — origin=(0, 33)  size=1512x884  scale=1.0
2026-06-02 19:10:08,424 [INFO] detector: Window info set — origin=(0, 33)  size=1512x884  scale=1.0
2026-06-02 19:10:08,927 [INFO] detector: Window info set — origin=(0, 33)  size=1512x884  scale=1.0
2026-06-02 19:10:09,429 [INFO] detector: Window info set — origin=(0, 33)  size=1512x884  scale=1.0
2026-06-02 19:10:09,932 [INFO] detector: Window info set — origin=(0, 33)  size=1512x884  scale=1.0
2026-06-02 19:10:10,434 [INFO] detector: Window info set — origin=(0, 33)  size=1512x884  scale=1.0
2026-06-02 19:10:10,937 [INFO] detector: Window info set — origin=(0, 33)  size=1512x884  scale=1.0
2026-06-02 19:10:11,441 [INFO] detector: Window info set — origin=(0, 33)  size=1512x884  scale=1.0
2026-06-02 19:10:11,943 [INFO] detector: Window info set — origin=(0, 33)  size=1512x884  scale=1.0
2026-06-02 19:10:12,448 [INFO] detector: Window info set — origin=(0, 33)  size=1512x884  scale=1.0
2026-06-02 19:10:12,950 [INFO] detector: Window info set — origin=(0, 33)  size=1512x884  scale=1.0
2026-06-02 19:10:13,452 [INFO] detector: Window info set — origin=(0, 33)  size=1512x884  scale=1.0
2026-06-02 19:10:13,956 [INFO] detector: Window info set — origin=(0, 33)  size=1512x884  scale=1.0
2026-06-02 19:10:14,459 [INFO] detector: Window info set — origin=(0, 33)  size=1512x884  scale=1.0
2026-06-02 19:10:14,961 [INFO] detector: Window info set — origin=(0, 33)  size=1512x884  scale=1.0
2026-06-02 19:10:15,465 [INFO] detector: Window info set — origin=(0, 33)  size=1512x884  scale=1.0
2026-06-02 19:10:15,967 [INFO] detector: Window info set — origin=(0, 33)  size=1512x884  scale=1.0
2026-06-02 19:10:16,470 [INFO] detector: Window info set — origin=(0, 33)  size=1512x884  scale=1.0
2026-06-02 19:10:16,974 [INFO] detector: Window info set — origin=(0, 33)  size=1512x884  scale=1.0
2026-06-02 19:10:17,478 [INFO] detector: Window info set — origin=(0, 33)  size=1512x884  scale=1.0
2026-06-02 19:10:17,982 [INFO] detector: Window info set — origin=(0, 33)  size=1512x884  scale=1.0
2026-06-02 19:10:18,485 [INFO] detector: Window info set — origin=(0, 33)  size=1512x884  scale=1.0
2026-06-02 19:10:18,987 [INFO] detector: Window info set — origin=(0, 33)  size=1512x884  scale=1.0
2026-06-02 19:10:19,492 [INFO] detector: Window info set — origin=(0, 33)  size=1512x884  scale=1.0
2026-06-02 19:10:19,994 [INFO] detector: Window info set — origin=(0, 33)  size=1512x884  scale=1.0
2026-06-02 19:10:20,499 [INFO] detector: Window info set — origin=(0, 33)  size=1512x884  scale=1.0
2026-06-02 19:10:21,001 [INFO] detector: Window info set — origin=(0, 33)  size=1512x884  scale=1.0
2026-06-02 19:10:21,503 [INFO] detector: Window info set — origin=(0, 33)  size=1512x884  scale=1.0
2026-06-02 19:10:22,008 [INFO] detector: Window info set — origin=(0, 33)  size=1512x884  scale=1.0
2026-06-02 19:10:22,510 [INFO] detector: Window info set — origin=(0, 33)  size=1512x884  scale=1.0
2026-06-02 19:10:23,013 [INFO] detector: Window info set — origin=(0, 33)  size=1512x884  scale=1.0
2026-06-02 19:10:23,516 [INFO] detector: Window info set — origin=(0, 33)  size=1512x884  scale=1.0
2026-06-02 19:10:24,018 [INFO] detector: Window info set — origin=(0, 33)  size=1512x884  scale=1.0
2026-06-02 19:10:24,521 [INFO] detector: Window info set — origin=(0, 33)  size=1512x884  scale=1.0
2026-06-02 19:10:25,024 [INFO] detector: Window info set — origin=(0, 33)  size=1512x884  scale=1.0
2026-06-02 19:10:25,528 [INFO] detector: Window info set — origin=(0, 33)  size=1512x884  scale=1.0
2026-06-02 19:10:26,032 [INFO] detector: Window info set — origin=(0, 33)  size=1512x884  scale=1.0
2026-06-02 19:10:26,535 [INFO] detector: Window info set — origin=(0, 33)  size=1512x884  scale=1.0
2026-06-02 19:10:27,040 [INFO] detector: Window info set — origin=(0, 33)  size=1512x884  scale=1.0
2026-06-02 19:10:27,542 [INFO] detector: Window info set — origin=(0, 33)  size=1512x884  scale=1.0
2026-06-02 19:10:28,045 [INFO] detector: Window info set — origin=(0, 33)  size=1512x884  scale=1.0
2026-06-02 19:10:28,549 [INFO] detector: Window info set — origin=(0, 33)  size=1512x884  scale=1.0
2026-06-02 19:10:29,052 [INFO] detector: Window info set — origin=(0, 33)  size=1512x884  scale=1.0
2026-06-02 19:10:29,554 [INFO] detector: Window info set — origin=(0, 33)  size=1512x884  scale=1.0
2026-06-02 19:10:30,058 [INFO] detector: Window info set — origin=(0, 33)  size=1512x884  scale=1.0
2026-06-02 19:10:30,561 [INFO] detector: Window info set — origin=(0, 33)  size=1512x884  scale=1.0
2026-06-02 19:10:31,063 [INFO] detector: Window info set — origin=(0, 33)  size=1512x884  scale=1.0
2026-06-02 19:10:31,566 [INFO] detector: Window info set — origin=(0, 33)  size=1512x884  scale=1.0
2026-06-02 19:10:32,069 [INFO] detector: Window info set — origin=(0, 33)  size=1512x884  scale=1.0
2026-06-02 19:10:32,575 [INFO] detector: Window info set — origin=(0, 33)  size=1512x884  scale=1.0
2026-06-02 19:10:33,077 [INFO] detector: Window info set — origin=(0, 33)  size=1512x884  scale=1.0
2026-06-02 19:10:33,579 [INFO] detector: Window info set — origin=(0, 33)  size=1512x884  scale=1.0
2026-06-02 19:10:34,082 [INFO] detector: Window info set — origin=(0, 33)  size=1512x884  scale=1.0
2026-06-02 19:10:34,586 [INFO] detector: Window info set — origin=(0, 33)  size=1512x884  scale=1.0
2026-06-02 19:10:35,091 [INFO] detector: Window info set — origin=(0, 33)  size=1512x884  scale=1.0
2026-06-02 19:10:35,594 [INFO] detector: Window info set — origin=(0, 33)  size=1512x884  scale=1.0
2026-06-02 19:10:36,099 [INFO] detector: Window info set — origin=(0, 33)  size=1512x884  scale=1.0
2026-06-02 19:10:36,603 [INFO] detector: Window info set — origin=(0, 33)  size=1512x884  scale=1.0
2026-06-02 19:10:37,108 [INFO] detector: Window info set — origin=(0, 33)  size=1512x884  scale=1.0
2026-06-02 19:10:37,611 [INFO] detector: Window info set — origin=(0, 33)  size=1512x884  scale=1.0
2026-06-02 19:10:38,117 [INFO] detector: Window info set — origin=(0, 33)  size=1512x884  scale=1.0
2026-06-02 19:10:38,620 [INFO] detector: Window info set — origin=(0, 33)  size=1512x884  scale=1.0
2026-06-02 19:10:39,123 [INFO] detector: Window info set — origin=(0, 33)  size=1512x884  scale=1.0
2026-06-02 19:10:39,625 [INFO] detector: Window info set — origin=(0, 33)  size=1512x884  scale=1.0
2026-06-02 19:10:40,127 [INFO] detector: Window info set — origin=(0, 33)  size=1512x884  scale=1.0
2026-06-02 19:10:40,633 [INFO] detector: Window info set — origin=(0, 33)  size=1512x884  scale=1.0
2026-06-02 19:10:41,136 [INFO] detector: Window info set — origin=(0, 33)  size=1512x884  scale=1.0
2026-06-02 19:10:41,641 [INFO] detector: Window info set — origin=(0, 33)  size=1512x884  scale=1.0
2026-06-02 19:10:42,144 [INFO] detector: Window info set — origin=(0, 33)  size=1512x884  scale=1.0
2026-06-02 19:10:42,649 [INFO] detector: Window info set — origin=(0, 33)  size=1512x884  scale=1.0
2026-06-02 19:10:43,152 [INFO] detector: Window info set — origin=(0, 33)  size=1512x884  scale=1.0
2026-06-02 19:10:43,658 [INFO] detector: Window info set — origin=(0, 33)  size=1512x884  scale=1.0
2026-06-02 19:10:44,161 [INFO] detector: Window info set — origin=(0, 33)  size=1512x884  scale=1.0
2026-06-02 19:10:44,665 [INFO] detector: Window info set — origin=(0, 33)  size=1512x884  scale=1.0
2026-06-02 19:10:45,167 [INFO] detector: Window info set — origin=(0, 33)  size=1512x884  scale=1.0
2026-06-02 19:10:45,670 [INFO] detector: Window info set — origin=(0, 33)  size=1512x884  scale=1.0
2026-06-02 19:10:46,174 [INFO] detector: Window info set — origin=(0, 33)  size=1512x884  scale=1.0
2026-06-02 19:10:46,677 [INFO] detector: Window info set — origin=(0, 33)  size=1512x884  scale=1.0
2026-06-02 19:10:47,183 [INFO] detector: Window info set — origin=(0, 33)  size=1512x884  scale=1.0
2026-06-02 19:10:47,686 [INFO] detector: Window info set — origin=(0, 33)  size=1512x884  scale=1.0
2026-06-02 19:10:48,191 [INFO] detector: Window info set — origin=(0, 33)  size=1512x884  scale=1.0
2026-06-02 19:10:48,694 [INFO] detector: Window info set — origin=(0, 33)  size=1512x884  scale=1.0
2026-06-02 19:10:49,200 [INFO] detector: Window info set — origin=(0, 33)  size=1512x884  scale=1.0
2026-06-02 19:10:49,702 [INFO] detector: Window info set — origin=(0, 33)  size=1512x884  scale=1.0
2026-06-02 19:10:50,208 [INFO] detector: Window info set — origin=(0, 33)  size=1512x884  scale=1.0
2026-06-02 19:10:50,710 [INFO] detector: Window info set — origin=(0, 33)  size=1512x884  scale=1.0
2026-06-02 19:10:51,217 [INFO] detector: Window info set — origin=(0, 33)  size=1512x884  scale=1.0
2026-06-02 19:10:51,719 [INFO] detector: Window info set — origin=(0, 33)  size=1512x884  scale=1.0
2026-06-02 19:10:52,224 [INFO] detector: Window info set — origin=(0, 33)  size=1512x884  scale=1.0
2026-06-02 19:10:52,727 [INFO] detector: Window info set — origin=(0, 33)  size=1512x884  scale=1.0
2026-06-02 19:10:53,233 [INFO] detector: Window info set — origin=(0, 33)  size=1512x884  scale=1.0
2026-06-02 19:10:53,735 [INFO] detector: Window info set — origin=(0, 33)  size=1512x884  scale=1.0
2026-06-02 19:10:54,242 [INFO] detector: Window info set — origin=(0, 33)  size=1512x884  scale=1.0
2026-06-02 19:10:54,745 [INFO] detector: Window info set — origin=(0, 33)  size=1512x884  scale=1.0
2026-06-02 19:10:55,250 [INFO] detector: Window info set — origin=(0, 33)  size=1512x884  scale=1.0
2026-06-02 19:10:55,752 [INFO] detector: Window info set — origin=(0, 33)  size=1512x884  scale=1.0
2026-06-02 19:10:56,256 [INFO] detector: Window info set — origin=(0, 33)  size=1512x884  scale=1.0
2026-06-02 19:10:56,759 [INFO] detector: Window info set — origin=(0, 33)  size=1512x884  scale=1.0
2026-06-02 19:10:57,262 [INFO] detector: Window info set — origin=(0, 33)  size=1512x884  scale=1.0
2026-06-02 19:10:57,766 [INFO] detector: Window info set — origin=(0, 33)  size=1512x884  scale=1.0
2026-06-02 19:10:58,269 [INFO] detector: Window info set — origin=(0, 33)  size=1512x884  scale=1.0
2026-06-02 19:10:58,775 [INFO] detector: Window info set — origin=(0, 33)  size=1512x884  scale=1.0
2026-06-02 19:10:59,278 [INFO] detector: Window info set — origin=(0, 33)  size=1512x884  scale=1.0
2026-06-02 19:10:59,783 [INFO] detector: Window info set — origin=(0, 33)  size=1512x884  scale=1.0
2026-06-02 19:11:00,285 [INFO] detector: Window info set — origin=(0, 33)  size=1512x884  scale=1.0
2026-06-02 19:11:00,792 [INFO] detector: Window info set — origin=(0, 33)  size=1512x884  scale=1.0
2026-06-02 19:11:01,294 [INFO] detector: Window info set — origin=(0, 33)  size=1512x884  scale=1.0
2026-06-02 19:11:01,798 [INFO] detector: Window info set — origin=(0, 33)  size=1512x884  scale=1.0
2026-06-02 19:11:02,300 [INFO] detector: Window info set — origin=(0, 33)  size=1512x884  scale=1.0
2026-06-02 19:11:02,804 [INFO] detector: Window info set — origin=(0, 33)  size=1512x884  scale=1.0
2026-06-02 19:11:03,307 [INFO] detector: Window info set — origin=(0, 33)  size=1512x884  scale=1.0
2026-06-02 19:11:03,811 [INFO] detector: Window info set — origin=(0, 33)  size=1512x884  scale=1.0
2026-06-02 19:11:04,316 [INFO] detector: Window info set — origin=(0, 33)  size=1512x884  scale=1.0
2026-06-02 19:11:04,819 [INFO] detector: Window info set — origin=(0, 33)  size=1512x884  scale=1.0
2026-06-02 19:11:05,323 [INFO] detector: Window info set — origin=(0, 33)  size=1512x884  scale=1.0
2026-06-02 19:11:05,826 [INFO] detector: Window info set — origin=(0, 33)  size=1512x884  scale=1.0
2026-06-02 19:11:06,329 [INFO] detector: Window info set — origin=(0, 33)  size=1512x884  scale=1.0
2026-06-02 19:11:06,833 [INFO] detector: Window info set — origin=(0, 33)  size=1512x884  scale=1.0
2026-06-02 19:11:07,337 [INFO] detector: Window info set — origin=(0, 33)  size=1512x884  scale=1.0
2026-06-02 19:11:07,841 [INFO] detector: Window info set — origin=(0, 33)  size=1512x884  scale=1.0
2026-06-02 19:11:08,343 [INFO] detector: Window info set — origin=(0, 33)  size=1512x884  scale=1.0
2026-06-02 19:11:08,845 [INFO] detector: Window info set — origin=(0, 33)  size=1512x884  scale=1.0
2026-06-02 19:11:09,350 [INFO] detector: Window info set — origin=(0, 33)  size=1512x884  scale=1.0
2026-06-02 19:11:09,852 [INFO] detector: Window info set — origin=(0, 33)  size=1512x884  scale=1.0
2026-06-02 19:11:10,358 [INFO] detector: Window info set — origin=(0, 33)  size=1512x884  scale=1.0
2026-06-02 19:11:10,861 [INFO] detector: Window info set — origin=(0, 33)  size=1512x884  scale=1.0
2026-06-02 19:11:11,366 [INFO] detector: Window info set — origin=(0, 33)  size=1512x884  scale=1.0
2026-06-02 19:11:11,869 [INFO] detector: Window info set — origin=(0, 33)  size=1512x884  scale=1.0
2026-06-02 19:11:12,375 [INFO] detector: Window info set — origin=(0, 33)  size=1512x884  scale=1.0
2026-06-02 19:11:12,877 [INFO] detector: Window info set — origin=(0, 33)  size=1512x884  scale=1.0
2026-06-02 19:11:13,382 [INFO] detector: Window info set — origin=(0, 33)  size=1512x884  scale=1.0
2026-06-02 19:11:13,886 [INFO] detector: Window info set — origin=(0, 33)  size=1512x884  scale=1.0
2026-06-02 19:11:14,392 [INFO] detector: Window info set — origin=(0, 33)  size=1512x884  scale=1.0
2026-06-02 19:11:14,895 [INFO] detector: Window info set — origin=(0, 33)  size=1512x884  scale=1.0
2026-06-02 19:11:15,400 [INFO] detector: Window info set — origin=(0, 33)  size=1512x884  scale=1.0
2026-06-02 19:11:15,903 [INFO] detector: Window info set — origin=(0, 33)  size=1512x884  scale=1.0
2026-06-02 19:11:16,409 [INFO] detector: Window info set — origin=(0, 33)  size=1512x884  scale=1.0
2026-06-02 19:11:16,911 [INFO] detector: Window info set — origin=(0, 33)  size=1512x884  scale=1.0
2026-06-02 19:11:17,415 [INFO] detector: Window info set — origin=(0, 33)  size=1512x884  scale=1.0
2026-06-02 19:11:17,918 [INFO] detector: Window info set — origin=(0, 33)  size=1512x884  scale=1.0
2026-06-02 19:11:18,420 [INFO] detector: Window info set — origin=(0, 33)  size=1512x884  scale=1.0
2026-06-02 19:11:18,924 [INFO] detector: Window info set — origin=(0, 33)  size=1512x884  scale=1.0
2026-06-02 19:11:19,427 [INFO] detector: Window info set — origin=(0, 33)  size=1512x884  scale=1.0
2026-06-02 19:11:19,934 [INFO] detector: Window info set — origin=(0, 33)  size=1512x884  scale=1.0
2026-06-02 19:11:20,437 [INFO] detector: Window info set — origin=(0, 33)  size=1512x884  scale=1.0
2026-06-02 19:11:20,941 [INFO] detector: Window info set — origin=(0, 33)  size=1512x884  scale=1.0
2026-06-02 19:11:21,443 [INFO] detector: Window info set — origin=(0, 33)  size=1512x884  scale=1.0
2026-06-02 19:11:21,946 [INFO] detector: Window info set — origin=(0, 33)  size=1512x884  scale=1.0
2026-06-02 19:11:22,449 [INFO] detector: Window info set — origin=(0, 33)  size=1512x884  scale=1.0
2026-06-02 19:11:22,952 [INFO] detector: Window info set — origin=(0, 33)  size=1512x884  scale=1.0
2026-06-02 19:11:23,458 [INFO] detector: Window info set — origin=(0, 33)  size=1512x884  scale=1.0
2026-06-02 19:11:23,960 [INFO] detector: Window info set — origin=(0, 33)  size=1512x884  scale=1.0
2026-06-02 19:11:24,467 [INFO] detector: Window info set — origin=(0, 33)  size=1512x884  scale=1.0
2026-06-02 19:11:24,970 [INFO] detector: Window info set — origin=(0, 33)  size=1512x884  scale=1.0
2026-06-02 19:11:25,475 [INFO] detector: Window info set — origin=(0, 33)  size=1512x884  scale=1.0
2026-06-02 19:11:25,977 [INFO] detector: Window info set — origin=(0, 33)  size=1512x884  scale=1.0
2026-06-02 19:11:26,479 [INFO] detector: Window info set — origin=(0, 33)  size=1512x884  scale=1.0
2026-06-02 19:11:26,983 [INFO] detector: Window info set — origin=(0, 33)  size=1512x884  scale=1.0
2026-06-02 19:11:27,486 [INFO] detector: Window info set — origin=(0, 33)  size=1512x884  scale=1.0
2026-06-02 19:11:27,992 [INFO] detector: Window info set — origin=(0, 33)  size=1512x884  scale=1.0
2026-06-02 19:11:28,495 [INFO] detector: Window info set — origin=(0, 33)  size=1512x884  scale=1.0
2026-06-02 19:11:29,000 [INFO] detector: Window info set — origin=(0, 33)  size=1512x884  scale=1.0
2026-06-02 19:11:29,503 [INFO] detector: Window info set — origin=(0, 33)  size=1512x884  scale=1.0
2026-06-02 19:11:30,008 [INFO] detector: Window info set — origin=(0, 33)  size=1512x884  scale=1.0
2026-06-02 19:11:30,511 [INFO] detector: Window info set — origin=(0, 33)  size=1512x884  scale=1.0
2026-06-02 19:11:31,015 [INFO] detector: Window info set — origin=(0, 33)  size=1512x884  scale=1.0
2026-06-02 19:11:31,518 [INFO] detector: Window info set — origin=(0, 33)  size=1512x884  scale=1.0
2026-06-02 19:11:32,021 [INFO] detector: Window info set — origin=(0, 33)  size=1512x884  scale=1.0
2026-06-02 19:11:32,524 [INFO] detector: Window info set — origin=(0, 33)  size=1512x884  scale=1.0
2026-06-02 19:11:33,027 [INFO] detector: Window info set — origin=(0, 33)  size=1512x884  scale=1.0
2026-06-02 19:11:33,533 [INFO] detector: Window info set — origin=(0, 33)  size=1512x884  scale=1.0
2026-06-02 19:11:34,036 [INFO] detector: Window info set — origin=(0, 33)  size=1512x884  scale=1.0
2026-06-02 19:11:34,537 [INFO] detector: Window info set — origin=(0, 33)  size=1512x884  scale=1.0
2026-06-02 19:11:35,042 [INFO] detector: Window info set — origin=(0, 33)  size=1512x884  scale=1.0
2026-06-02 19:11:35,545 [INFO] detector: Window info set — origin=(0, 33)  size=1512x884  scale=1.0
2026-06-02 19:11:36,050 [INFO] detector: Window info set — origin=(0, 33)  size=1512x884  scale=1.0
2026-06-02 19:11:36,553 [INFO] detector: Window info set — origin=(0, 33)  size=1512x884  scale=1.0
2026-06-02 19:11:37,058 [INFO] detector: Window info set — origin=(0, 33)  size=1512x884  scale=1.0
2026-06-02 19:11:37,561 [INFO] detector: Window info set — origin=(0, 33)  size=1512x884  scale=1.0
2026-06-02 19:11:38,071 [INFO] detector: Window info set — origin=(0, 33)  size=1512x884  scale=1.0
2026-06-02 19:11:38,573 [INFO] detector: Window info set — origin=(0, 33)  size=1512x884  scale=1.0
2026-06-02 19:11:39,077 [INFO] detector: Window info set — origin=(0, 33)  size=1512x884  scale=1.0
2026-06-02 19:11:39,582 [INFO] detector: Window info set — origin=(0, 33)  size=1512x884  scale=1.0
2026-06-02 19:11:40,085 [INFO] detector: Window info set — origin=(0, 33)  size=1512x884  scale=1.0
2026-06-02 19:11:40,587 [INFO] detector: Window info set — origin=(0, 33)  size=1512x884  scale=1.0
2026-06-02 19:11:41,089 [INFO] detector: Window info set — origin=(0, 33)  size=1512x884  scale=1.0
2026-06-02 19:11:41,594 [INFO] detector: Window info set — origin=(0, 33)  size=1512x884  scale=1.0
2026-06-02 19:11:42,502 [INFO] main: Cleaning up...
2026-06-02 19:11:42,502 [INFO] controller: Controller cleaned up.
2026-06-02 19:11:42,502 [INFO] main: Exiting.
2026-06-02 19:11:46,603 [INFO] main: Starting Fisch Macro...
2026-06-02 19:11:46,631 [INFO] main: Initializing configuration...
2026-06-02 19:11:46,631 [INFO] main: Initializing window tracker...
2026-06-02 19:11:46,631 [INFO] main: Initializing detector...
2026-06-02 19:11:46,631 [INFO] main: Initializing controller...
2026-06-02 19:11:46,631 [INFO] main: Setting up start/stop hotkey on key: f6
2026-06-02 19:11:46,649 [INFO] controller: Global hotkey active: press 'f6' to start/stop the macro.
2026-06-02 19:11:46,650 [INFO] main: Initializing macro engine...
2026-06-02 19:11:46,650 [INFO] main: Starting GUI...
2026-06-02 19:11:46,832 [INFO] src.window_tracker: Display scale factor (Quartz): 1.00
2026-06-02 19:11:46,832 [INFO] detector: Window info set — origin=(0, 33)  size=1512x884  scale=1.0
2026-06-02 19:11:47,337 [INFO] detector: Window info set — origin=(0, 33)  size=1512x884  scale=1.0
2026-06-02 19:11:47,838 [INFO] detector: Window info set — origin=(0, 33)  size=1512x884  scale=1.0
2026-06-02 19:11:48,340 [INFO] detector: Window info set — origin=(0, 33)  size=1512x884  scale=1.0
2026-06-02 19:11:48,845 [INFO] detector: Window info set — origin=(0, 33)  size=1512x884  scale=1.0
2026-06-02 19:11:49,347 [INFO] detector: Window info set — origin=(0, 33)  size=1512x884  scale=1.0
2026-06-02 19:11:49,850 [INFO] detector: Window info set — origin=(0, 33)  size=1512x884  scale=1.0
2026-06-02 19:11:50,087 [INFO] controller: Global hotkey pressed: f6
2026-06-02 19:11:50,108 [INFO] detector: Window info set — origin=(0, 33)  size=1512x884  scale=1.0
2026-06-02 19:11:50,112 [INFO] controller: Controller started.
2026-06-02 19:11:50,112 [INFO] macro: State: Idle → Casting
2026-06-02 19:11:50,112 [INFO] macro: Macro engine started
2026-06-02 19:11:50,362 [INFO] detector: Window info set — origin=(0, 33)  size=1512x884  scale=1.0
2026-06-02 19:11:50,865 [INFO] detector: Window info set — origin=(0, 33)  size=1512x884  scale=1.0
2026-06-02 19:11:51,370 [INFO] detector: Window info set — origin=(0, 33)  size=1512x884  scale=1.0
2026-06-02 19:11:51,872 [INFO] detector: Window info set — origin=(0, 33)  size=1512x884  scale=1.0
2026-06-02 19:11:52,374 [INFO] detector: Window info set — origin=(0, 33)  size=1512x884  scale=1.0
2026-06-02 19:11:52,878 [INFO] detector: Window info set — origin=(0, 33)  size=1512x884  scale=1.0
2026-06-02 19:11:53,379 [INFO] detector: Window info set — origin=(0, 33)  size=1512x884  scale=1.0
2026-06-02 19:11:53,881 [INFO] detector: Window info set — origin=(0, 33)  size=1512x884  scale=1.0
2026-06-02 19:11:54,386 [INFO] detector: Window info set — origin=(0, 33)  size=1512x884  scale=1.0
2026-06-02 19:11:54,889 [INFO] detector: Window info set — origin=(0, 33)  size=1512x884  scale=1.0
2026-06-02 19:11:55,391 [INFO] detector: Window info set — origin=(0, 33)  size=1512x884  scale=1.0
2026-06-02 19:11:55,893 [INFO] detector: Window info set — origin=(0, 33)  size=1512x884  scale=1.0
2026-06-02 19:11:56,396 [INFO] detector: Window info set — origin=(0, 33)  size=1512x884  scale=1.0
2026-06-02 19:11:56,898 [INFO] detector: Window info set — origin=(0, 33)  size=1512x884  scale=1.0
2026-06-02 19:11:57,402 [INFO] detector: Window info set — origin=(0, 33)  size=1512x884  scale=1.0
2026-06-02 19:11:57,904 [INFO] detector: Window info set — origin=(0, 33)  size=1512x884  scale=1.0
2026-06-02 19:11:58,243 [INFO] macro: State: Casting → Waiting for Bite
2026-06-02 19:11:58,406 [INFO] detector: Window info set — origin=(0, 33)  size=1512x884  scale=1.0
2026-06-02 19:11:58,913 [INFO] detector: Window info set — origin=(0, 33)  size=1512x884  scale=1.0
2026-06-02 19:11:59,416 [INFO] detector: Window info set — origin=(0, 33)  size=1512x884  scale=1.0
2026-06-02 19:11:59,920 [INFO] detector: Window info set — origin=(0, 33)  size=1512x884  scale=1.0
2026-06-02 19:12:00,422 [INFO] detector: Window info set — origin=(0, 33)  size=1512x884  scale=1.0
2026-06-02 19:12:00,924 [INFO] detector: Window info set — origin=(0, 33)  size=1512x884  scale=1.0
2026-06-02 19:12:01,429 [INFO] detector: Window info set — origin=(0, 33)  size=1512x884  scale=1.0
2026-06-02 19:12:01,935 [INFO] detector: Window info set — origin=(0, 33)  size=1512x884  scale=1.0
2026-06-02 19:12:02,437 [INFO] detector: Window info set — origin=(0, 33)  size=1512x884  scale=1.0
2026-06-02 19:12:02,940 [INFO] detector: Window info set — origin=(0, 33)  size=1512x884  scale=1.0
2026-06-02 19:12:03,445 [INFO] detector: Window info set — origin=(0, 33)  size=1512x884  scale=1.0
2026-06-02 19:12:03,947 [INFO] detector: Window info set — origin=(0, 33)  size=1512x884  scale=1.0
2026-06-02 19:12:04,455 [INFO] detector: Window info set — origin=(0, 33)  size=1512x884  scale=1.0
2026-06-02 19:12:04,961 [INFO] detector: Window info set — origin=(0, 33)  size=1512x884  scale=1.0
2026-06-02 19:12:05,463 [INFO] detector: Window info set — origin=(0, 33)  size=1512x884  scale=1.0
2026-06-02 19:12:05,965 [INFO] detector: Window info set — origin=(0, 33)  size=1512x884  scale=1.0
2026-06-02 19:12:06,471 [INFO] detector: Window info set — origin=(0, 33)  size=1512x884  scale=1.0
2026-06-02 19:12:06,975 [INFO] detector: Window info set — origin=(0, 33)  size=1512x884  scale=1.0
2026-06-02 19:12:07,478 [INFO] detector: Window info set — origin=(0, 33)  size=1512x884  scale=1.0
2026-06-02 19:12:07,980 [INFO] detector: Window info set — origin=(0, 33)  size=1512x884  scale=1.0
2026-06-02 19:12:08,481 [INFO] detector: Window info set — origin=(0, 33)  size=1512x884  scale=1.0
2026-06-02 19:12:08,986 [INFO] detector: Window info set — origin=(0, 33)  size=1512x884  scale=1.0
2026-06-02 19:12:09,487 [INFO] detector: Window info set — origin=(0, 33)  size=1512x884  scale=1.0
2026-06-02 19:12:09,989 [INFO] detector: Window info set — origin=(0, 33)  size=1512x884  scale=1.0
2026-06-02 19:12:10,491 [INFO] detector: Window info set — origin=(0, 33)  size=1512x884  scale=1.0
2026-06-02 19:12:10,993 [INFO] detector: Window info set — origin=(0, 33)  size=1512x884  scale=1.0
2026-06-02 19:12:11,495 [INFO] detector: Window info set — origin=(0, 33)  size=1512x884  scale=1.0
2026-06-02 19:12:11,997 [INFO] detector: Window info set — origin=(0, 33)  size=1512x884  scale=1.0
2026-06-02 19:12:12,502 [INFO] detector: Window info set — origin=(0, 33)  size=1512x884  scale=1.0
2026-06-02 19:12:13,004 [INFO] detector: Window info set — origin=(0, 33)  size=1512x884  scale=1.0
2026-06-02 19:12:13,506 [INFO] detector: Window info set — origin=(0, 33)  size=1512x884  scale=1.0
2026-06-02 19:12:14,008 [INFO] detector: Window info set — origin=(0, 33)  size=1512x884  scale=1.0
2026-06-02 19:12:14,512 [INFO] detector: Window info set — origin=(0, 33)  size=1512x884  scale=1.0
2026-06-02 19:12:15,014 [INFO] detector: Window info set — origin=(0, 33)  size=1512x884  scale=1.0
2026-06-02 19:12:15,517 [INFO] detector: Window info set — origin=(0, 33)  size=1512x884  scale=1.0
2026-06-02 19:12:16,020 [INFO] detector: Window info set — origin=(0, 33)  size=1512x884  scale=1.0
2026-06-02 19:12:16,522 [INFO] detector: Window info set — origin=(0, 33)  size=1512x884  scale=1.0
2026-06-02 19:12:17,024 [INFO] detector: Window info set — origin=(0, 33)  size=1512x884  scale=1.0
2026-06-02 19:12:17,526 [INFO] detector: Window info set — origin=(0, 33)  size=1512x884  scale=1.0
2026-06-02 19:12:18,027 [INFO] detector: Window info set — origin=(0, 33)  size=1512x884  scale=1.0
2026-06-02 19:12:18,529 [INFO] detector: Window info set — origin=(0, 33)  size=1512x884  scale=1.0
2026-06-02 19:12:19,030 [INFO] detector: Window info set — origin=(0, 33)  size=1512x884  scale=1.0
2026-06-02 19:12:19,532 [INFO] detector: Window info set — origin=(0, 33)  size=1512x884  scale=1.0
2026-06-02 19:12:20,037 [INFO] detector: Window info set — origin=(0, 33)  size=1512x884  scale=1.0
2026-06-02 19:12:20,493 [INFO] controller: Global hotkey pressed: f6
2026-06-02 19:12:20,495 [INFO] controller: Controller stopped.
2026-06-02 19:12:20,495 [INFO] macro: State: Waiting for Bite → Stopped
2026-06-02 19:12:20,547 [INFO] macro: Macro loop ended (stop requested)
2026-06-02 19:12:23,496 [INFO] macro: Macro engine stopped
2026-06-02 19:12:23,503 [INFO] detector: Window info set — origin=(0, 33)  size=1512x884  scale=1.0
2026-06-02 19:12:24,006 [INFO] detector: Window info set — origin=(0, 33)  size=1512x884  scale=1.0
2026-06-02 19:12:24,508 [INFO] detector: Window info set — origin=(0, 33)  size=1512x884  scale=1.0
2026-06-02 19:12:25,011 [INFO] detector: Window info set — origin=(0, 33)  size=1512x884  scale=1.0
2026-06-02 19:12:25,513 [INFO] detector: Window info set — origin=(0, 33)  size=1512x884  scale=1.0
2026-06-02 19:12:26,016 [INFO] detector: Window info set — origin=(0, 33)  size=1512x884  scale=1.0
2026-06-02 19:12:26,520 [INFO] detector: Window info set — origin=(0, 33)  size=1512x884  scale=1.0
2026-06-02 19:12:27,024 [INFO] detector: Window info set — origin=(0, 33)  size=1512x884  scale=1.0
2026-06-02 19:12:27,528 [INFO] detector: Window info set — origin=(0, 33)  size=1512x884  scale=1.0
2026-06-02 19:12:28,031 [INFO] detector: Window info set — origin=(0, 33)  size=1512x884  scale=1.0
2026-06-02 19:12:28,533 [INFO] detector: Window info set — origin=(0, 33)  size=1512x884  scale=1.0
2026-06-02 19:12:29,038 [INFO] detector: Window info set — origin=(0, 33)  size=1512x884  scale=1.0
2026-06-02 19:12:29,541 [INFO] detector: Window info set — origin=(0, 33)  size=1512x884  scale=1.0
2026-06-02 19:12:30,045 [INFO] detector: Window info set — origin=(0, 33)  size=1512x884  scale=1.0
2026-06-02 19:12:30,547 [INFO] detector: Window info set — origin=(0, 33)  size=1512x884  scale=1.0
2026-06-02 19:12:31,049 [INFO] detector: Window info set — origin=(0, 33)  size=1512x884  scale=1.0
2026-06-02 19:12:31,554 [INFO] detector: Window info set — origin=(0, 33)  size=1512x884  scale=1.0
2026-06-02 19:12:32,057 [INFO] detector: Window info set — origin=(0, 33)  size=1512x884  scale=1.0
2026-06-02 19:12:32,561 [INFO] detector: Window info set — origin=(0, 33)  size=1512x884  scale=1.0
2026-06-02 19:12:33,064 [INFO] detector: Window info set — origin=(0, 33)  size=1512x884  scale=1.0
2026-06-02 19:12:33,566 [INFO] detector: Window info set — origin=(0, 33)  size=1512x884  scale=1.0
2026-06-02 19:12:34,071 [INFO] detector: Window info set — origin=(0, 33)  size=1512x884  scale=1.0
2026-06-02 19:12:34,573 [INFO] detector: Window info set — origin=(0, 33)  size=1512x884  scale=1.0
2026-06-02 19:12:35,079 [INFO] detector: Window info set — origin=(0, 33)  size=1512x884  scale=1.0
2026-06-02 19:12:35,582 [INFO] detector: Window info set — origin=(0, 33)  size=1512x884  scale=1.0
2026-06-02 19:12:36,086 [INFO] detector: Window info set — origin=(0, 33)  size=1512x884  scale=1.0
2026-06-02 19:12:36,589 [INFO] detector: Window info set — origin=(0, 33)  size=1512x884  scale=1.0
2026-06-02 19:12:37,092 [INFO] detector: Window info set — origin=(0, 33)  size=1512x884  scale=1.0
2026-06-02 19:12:37,596 [INFO] detector: Window info set — origin=(0, 33)  size=1512x884  scale=1.0
2026-06-02 19:12:38,098 [INFO] detector: Window info set — origin=(0, 33)  size=1512x884  scale=1.0
2026-06-02 19:12:38,600 [INFO] detector: Window info set — origin=(0, 33)  size=1512x884  scale=1.0
2026-06-02 19:12:39,103 [INFO] detector: Window info set — origin=(0, 33)  size=1512x884  scale=1.0
2026-06-02 19:12:39,606 [INFO] detector: Window info set — origin=(0, 33)  size=1512x884  scale=1.0
2026-06-02 19:12:40,111 [INFO] detector: Window info set — origin=(0, 33)  size=1512x884  scale=1.0
2026-06-02 19:12:40,612 [INFO] detector: Window info set — origin=(0, 33)  size=1512x884  scale=1.0
2026-06-02 19:12:41,115 [INFO] detector: Window info set — origin=(0, 33)  size=1512x884  scale=1.0
2026-06-02 19:12:41,619 [INFO] detector: Window info set — origin=(1, 33)  size=1512x884  scale=1.0
2026-06-02 19:12:42,120 [INFO] detector: Window info set — origin=(1, 33)  size=1512x884  scale=1.0
2026-06-02 19:12:42,622 [INFO] detector: Window info set — origin=(1, 33)  size=1512x884  scale=1.0
2026-06-02 19:12:43,124 [INFO] detector: Window info set — origin=(11, 39)  size=1492x872  scale=1.0
2026-06-02 19:12:43,628 [INFO] detector: Window info set — origin=(1, 33)  size=1512x884  scale=1.0
2026-06-02 19:12:44,130 [INFO] detector: Window info set — origin=(1, 33)  size=1512x884  scale=1.0
2026-06-02 19:12:48,530 [INFO] main: Cleaning up...
2026-06-02 19:12:48,530 [INFO] controller: Controller cleaned up.
2026-06-02 19:12:48,530 [INFO] main: Exiting.
2026-06-02 20:49:58,832 [INFO] main: Starting Fisch Macro...
2026-06-02 20:49:58,857 [INFO] main: Initializing configuration...
2026-06-02 20:49:58,858 [INFO] main: Initializing window tracker...
2026-06-02 20:49:58,858 [INFO] main: Initializing detector...
2026-06-02 20:49:58,858 [INFO] main: Initializing controller...
2026-06-02 20:49:58,858 [INFO] main: Setting up start/stop hotkey on key: f6
2026-06-02 20:49:58,877 [INFO] controller: Global hotkey active: press 'f6' to start/stop the macro.
2026-06-02 20:49:58,877 [INFO] main: Initializing macro engine...
2026-06-02 20:49:58,877 [INFO] main: Starting GUI...
2026-06-02 20:49:59,060 [INFO] src.window_tracker: Display scale factor (Quartz): 1.00
2026-06-02 20:49:59,061 [INFO] detector: Window info set — origin=(0, 33)  size=1512x884  scale=1.0
2026-06-02 20:49:59,564 [INFO] detector: Window info set — origin=(0, 33)  size=1512x884  scale=1.0
2026-06-02 20:50:00,066 [INFO] detector: Window info set — origin=(0, 33)  size=1512x884  scale=1.0
2026-06-02 20:50:00,569 [INFO] detector: Window info set — origin=(0, 33)  size=1512x884  scale=1.0
2026-06-02 20:50:01,074 [INFO] detector: Window info set — origin=(0, 33)  size=1512x884  scale=1.0
2026-06-02 20:50:01,576 [INFO] detector: Window info set — origin=(0, 33)  size=1512x884  scale=1.0
2026-06-02 20:50:02,080 [INFO] detector: Window info set — origin=(0, 33)  size=1512x884  scale=1.0
2026-06-02 20:50:02,583 [INFO] detector: Window info set — origin=(0, 33)  size=1512x884  scale=1.0
2026-06-02 20:50:03,086 [INFO] detector: Window info set — origin=(0, 33)  size=1512x884  scale=1.0
2026-06-02 20:50:03,591 [INFO] detector: Window info set — origin=(0, 33)  size=1512x884  scale=1.0
2026-06-02 20:50:04,094 [INFO] detector: Window info set — origin=(0, 33)  size=1512x884  scale=1.0
2026-06-02 20:50:04,599 [INFO] detector: Window info set — origin=(0, 33)  size=1512x884  scale=1.0
2026-06-02 20:50:05,101 [INFO] detector: Window info set — origin=(0, 33)  size=1512x884  scale=1.0
2026-06-02 20:50:05,604 [INFO] detector: Window info set — origin=(0, 33)  size=1512x884  scale=1.0
2026-06-02 20:50:06,106 [INFO] detector: Window info set — origin=(0, 33)  size=1512x884  scale=1.0
2026-06-02 20:50:06,608 [INFO] detector: Window info set — origin=(0, 33)  size=1512x884  scale=1.0
2026-06-02 20:50:07,111 [INFO] detector: Window info set — origin=(0, 33)  size=1512x884  scale=1.0
2026-06-02 20:50:07,619 [INFO] detector: Window info set — origin=(0, 33)  size=1512x884  scale=1.0
2026-06-02 20:50:08,124 [INFO] detector: Window info set — origin=(0, 33)  size=1512x884  scale=1.0
2026-06-02 20:50:08,626 [INFO] detector: Window info set — origin=(0, 33)  size=1512x884  scale=1.0
2026-06-02 20:50:09,128 [INFO] detector: Window info set — origin=(0, 33)  size=1512x884  scale=1.0
2026-06-02 20:50:09,631 [INFO] detector: Window info set — origin=(0, 33)  size=1512x884  scale=1.0
2026-06-02 20:50:10,133 [INFO] detector: Window info set — origin=(0, 33)  size=1512x884  scale=1.0
2026-06-02 20:50:10,636 [INFO] detector: Window info set — origin=(0, 33)  size=1512x884  scale=1.0
2026-06-02 20:50:11,140 [INFO] detector: Window info set — origin=(0, 33)  size=1512x884  scale=1.0
2026-06-02 20:50:11,642 [INFO] detector: Window info set — origin=(0, 33)  size=1512x884  scale=1.0
2026-06-02 20:50:12,145 [INFO] detector: Window info set — origin=(0, 33)  size=1512x884  scale=1.0
2026-06-02 20:50:12,649 [INFO] detector: Window info set — origin=(0, 33)  size=1512x884  scale=1.0
2026-06-02 20:50:13,151 [INFO] detector: Window info set — origin=(0, 33)  size=1512x884  scale=1.0
2026-06-02 20:50:13,654 [INFO] detector: Window info set — origin=(0, 33)  size=1512x884  scale=1.0
2026-06-02 20:50:14,157 [INFO] detector: Window info set — origin=(0, 33)  size=1512x884  scale=1.0
2026-06-02 20:50:14,660 [INFO] detector: Window info set — origin=(0, 33)  size=1512x884  scale=1.0
2026-06-02 20:50:15,162 [INFO] detector: Window info set — origin=(0, 33)  size=1512x884  scale=1.0
2026-06-02 20:50:15,665 [INFO] detector: Window info set — origin=(0, 33)  size=1512x884  scale=1.0
2026-06-02 20:50:15,723 [INFO] controller: Global hotkey pressed: f6
2026-06-02 20:50:15,726 [INFO] detector: Window info set — origin=(0, 33)  size=1512x884  scale=1.0
2026-06-02 20:50:15,729 [INFO] controller: Controller started.
2026-06-02 20:50:15,730 [INFO] macro: State: Idle → Casting
2026-06-02 20:50:15,730 [INFO] macro: Macro engine started
2026-06-02 20:50:16,168 [INFO] detector: Window info set — origin=(0, 33)  size=1512x884  scale=1.0
2026-06-02 20:50:16,670 [INFO] detector: Window info set — origin=(0, 33)  size=1512x884  scale=1.0
2026-06-02 20:50:17,172 [INFO] detector: Window info set — origin=(0, 33)  size=1512x884  scale=1.0
2026-06-02 20:50:17,674 [INFO] detector: Window info set — origin=(0, 33)  size=1512x884  scale=1.0
2026-06-02 20:50:18,177 [INFO] detector: Window info set — origin=(0, 33)  size=1512x884  scale=1.0
2026-06-02 20:50:18,680 [INFO] detector: Window info set — origin=(0, 33)  size=1512x884  scale=1.0
2026-06-02 20:50:19,183 [INFO] detector: Window info set — origin=(0, 33)  size=1512x884  scale=1.0
2026-06-02 20:50:19,686 [INFO] detector: Window info set — origin=(0, 33)  size=1512x884  scale=1.0
2026-06-02 20:50:20,190 [INFO] detector: Window info set — origin=(0, 33)  size=1512x884  scale=1.0
2026-06-02 20:50:20,691 [INFO] detector: Window info set — origin=(0, 33)  size=1512x884  scale=1.0
2026-06-02 20:50:21,193 [INFO] detector: Window info set — origin=(0, 33)  size=1512x884  scale=1.0
2026-06-02 20:50:21,695 [INFO] detector: Window info set — origin=(0, 33)  size=1512x884  scale=1.0
2026-06-02 20:50:22,197 [INFO] detector: Window info set — origin=(0, 33)  size=1512x884  scale=1.0
2026-06-02 20:50:22,698 [INFO] detector: Window info set — origin=(0, 33)  size=1512x884  scale=1.0
2026-06-02 20:50:23,201 [INFO] detector: Window info set — origin=(0, 33)  size=1512x884  scale=1.0
2026-06-02 20:50:23,703 [INFO] detector: Window info set — origin=(0, 33)  size=1512x884  scale=1.0
2026-06-02 20:50:23,878 [INFO] macro: State: Casting → Waiting for Bite
2026-06-02 20:50:24,205 [INFO] detector: Window info set — origin=(0, 33)  size=1512x884  scale=1.0
2026-06-02 20:50:24,707 [INFO] detector: Window info set — origin=(0, 33)  size=1512x884  scale=1.0
2026-06-02 20:50:25,209 [INFO] detector: Window info set — origin=(0, 33)  size=1512x884  scale=1.0
2026-06-02 20:50:25,712 [INFO] detector: Window info set — origin=(0, 33)  size=1512x884  scale=1.0
2026-06-02 20:50:26,216 [INFO] detector: Window info set — origin=(0, 33)  size=1512x884  scale=1.0
2026-06-02 20:50:26,718 [INFO] detector: Window info set — origin=(0, 33)  size=1512x884  scale=1.0
2026-06-02 20:50:27,219 [INFO] detector: Window info set — origin=(0, 33)  size=1512x884  scale=1.0
2026-06-02 20:50:27,722 [INFO] detector: Window info set — origin=(0, 33)  size=1512x884  scale=1.0
2026-06-02 20:50:28,224 [INFO] detector: Window info set — origin=(0, 33)  size=1512x884  scale=1.0
2026-06-02 20:50:28,726 [INFO] detector: Window info set — origin=(0, 33)  size=1512x884  scale=1.0
2026-06-02 20:50:28,989 [INFO] macro: Minigame ready — fish on the line!
2026-06-02 20:50:29,008 [INFO] macro: State: Waiting for Bite → Reeling
2026-06-02 20:50:29,228 [INFO] detector: Window info set — origin=(0, 33)  size=1512x884  scale=1.0
2026-06-02 20:50:29,733 [INFO] detector: Window info set — origin=(0, 33)  size=1512x884  scale=1.0
2026-06-02 20:50:30,239 [INFO] detector: Window info set — origin=(0, 33)  size=1512x884  scale=1.0
2026-06-02 20:50:30,741 [INFO] detector: Window info set — origin=(0, 33)  size=1512x884  scale=1.0
2026-06-02 20:50:30,842 [INFO] macro: State: Reeling → Catch Complete
2026-06-02 20:50:31,243 [INFO] detector: Window info set — origin=(0, 33)  size=1512x884  scale=1.0
2026-06-02 20:50:31,749 [INFO] detector: Window info set — origin=(0, 33)  size=1512x884  scale=1.0
2026-06-02 20:50:32,252 [INFO] detector: Window info set — origin=(0, 33)  size=1512x884  scale=1.0
2026-06-02 20:50:32,765 [INFO] detector: Window info set — origin=(0, 33)  size=1512x884  scale=1.0
2026-06-02 20:50:33,269 [INFO] detector: Window info set — origin=(0, 33)  size=1512x884  scale=1.0
2026-06-02 20:50:33,773 [INFO] detector: Window info set — origin=(0, 33)  size=1512x884  scale=1.0
2026-06-02 20:50:34,277 [INFO] detector: Window info set — origin=(0, 33)  size=1512x884  scale=1.0
2026-06-02 20:50:34,782 [INFO] detector: Window info set — origin=(0, 33)  size=1512x884  scale=1.0
2026-06-02 20:50:35,284 [INFO] detector: Window info set — origin=(0, 33)  size=1512x884  scale=1.0
2026-06-02 20:50:35,523 [INFO] macro: State: Catch Complete → Casting
2026-06-02 20:50:35,787 [INFO] detector: Window info set — origin=(0, 33)  size=1512x884  scale=1.0
2026-06-02 20:50:36,291 [INFO] detector: Window info set — origin=(0, 33)  size=1512x884  scale=1.0
2026-06-02 20:50:36,794 [INFO] detector: Window info set — origin=(0, 33)  size=1512x884  scale=1.0
2026-06-02 20:50:37,299 [INFO] detector: Window info set — origin=(0, 33)  size=1512x884  scale=1.0
2026-06-02 20:50:37,801 [INFO] detector: Window info set — origin=(0, 33)  size=1512x884  scale=1.0
2026-06-02 20:50:38,305 [INFO] detector: Window info set — origin=(0, 33)  size=1512x884  scale=1.0
2026-06-02 20:50:38,806 [INFO] detector: Window info set — origin=(0, 33)  size=1512x884  scale=1.0
2026-06-02 20:50:39,308 [INFO] detector: Window info set — origin=(0, 33)  size=1512x884  scale=1.0
2026-06-02 20:50:39,811 [INFO] detector: Window info set — origin=(0, 33)  size=1512x884  scale=1.0
2026-06-02 20:50:40,316 [INFO] detector: Window info set — origin=(0, 33)  size=1512x884  scale=1.0
2026-06-02 20:50:40,818 [INFO] detector: Window info set — origin=(0, 33)  size=1512x884  scale=1.0
2026-06-02 20:50:41,320 [INFO] detector: Window info set — origin=(0, 33)  size=1512x884  scale=1.0
2026-06-02 20:50:41,822 [INFO] detector: Window info set — origin=(0, 33)  size=1512x884  scale=1.0
2026-06-02 20:50:42,324 [INFO] detector: Window info set — origin=(0, 33)  size=1512x884  scale=1.0
2026-06-02 20:50:42,826 [INFO] detector: Window info set — origin=(0, 33)  size=1512x884  scale=1.0
2026-06-02 20:50:43,328 [INFO] detector: Window info set — origin=(0, 33)  size=1512x884  scale=1.0
2026-06-02 20:50:43,702 [INFO] macro: State: Casting → Waiting for Bite
2026-06-02 20:50:43,831 [INFO] detector: Window info set — origin=(0, 33)  size=1512x884  scale=1.0
2026-06-02 20:50:44,333 [INFO] detector: Window info set — origin=(0, 33)  size=1512x884  scale=1.0
2026-06-02 20:50:44,834 [INFO] detector: Window info set — origin=(0, 33)  size=1512x884  scale=1.0
2026-06-02 20:50:45,340 [INFO] detector: Window info set — origin=(0, 33)  size=1512x884  scale=1.0
2026-06-02 20:50:45,843 [INFO] detector: Window info set — origin=(0, 33)  size=1512x884  scale=1.0
2026-06-02 20:50:46,344 [INFO] detector: Window info set — origin=(0, 33)  size=1512x884  scale=1.0
2026-06-02 20:50:46,849 [INFO] detector: Window info set — origin=(0, 33)  size=1512x884  scale=1.0
2026-06-02 20:50:47,350 [INFO] detector: Window info set — origin=(0, 33)  size=1512x884  scale=1.0
2026-06-02 20:50:47,853 [INFO] detector: Window info set — origin=(0, 33)  size=1512x884  scale=1.0
2026-06-02 20:50:48,357 [INFO] detector: Window info set — origin=(0, 33)  size=1512x884  scale=1.0
2026-06-02 20:50:48,859 [INFO] detector: Window info set — origin=(0, 33)  size=1512x884  scale=1.0
2026-06-02 20:50:49,361 [INFO] detector: Window info set — origin=(0, 33)  size=1512x884  scale=1.0
2026-06-02 20:50:49,865 [INFO] detector: Window info set — origin=(0, 33)  size=1512x884  scale=1.0
2026-06-02 20:50:50,367 [INFO] detector: Window info set — origin=(0, 33)  size=1512x884  scale=1.0
2026-06-02 20:50:50,869 [INFO] detector: Window info set — origin=(0, 33)  size=1512x884  scale=1.0
2026-06-02 20:50:51,373 [INFO] detector: Window info set — origin=(0, 33)  size=1512x884  scale=1.0
2026-06-02 20:50:51,874 [INFO] detector: Window info set — origin=(0, 33)  size=1512x884  scale=1.0
2026-06-02 20:50:52,377 [INFO] detector: Window info set — origin=(0, 33)  size=1512x884  scale=1.0
2026-06-02 20:50:52,881 [INFO] detector: Window info set — origin=(0, 33)  size=1512x884  scale=1.0
2026-06-02 20:50:53,383 [INFO] detector: Window info set — origin=(0, 33)  size=1512x884  scale=1.0
2026-06-02 20:50:53,885 [INFO] detector: Window info set — origin=(0, 33)  size=1512x884  scale=1.0
2026-06-02 20:50:54,387 [INFO] detector: Window info set — origin=(0, 33)  size=1512x884  scale=1.0
2026-06-02 20:50:54,890 [INFO] detector: Window info set — origin=(0, 33)  size=1512x884  scale=1.0
2026-06-02 20:50:55,394 [INFO] detector: Window info set — origin=(0, 33)  size=1512x884  scale=1.0
2026-06-02 20:50:55,897 [INFO] detector: Window info set — origin=(0, 33)  size=1512x884  scale=1.0
2026-06-02 20:50:56,400 [INFO] detector: Window info set — origin=(0, 33)  size=1512x884  scale=1.0
2026-06-02 20:50:56,902 [INFO] detector: Window info set — origin=(0, 33)  size=1512x884  scale=1.0
2026-06-02 20:50:57,407 [INFO] detector: Window info set — origin=(0, 33)  size=1512x884  scale=1.0
2026-06-02 20:50:57,909 [INFO] detector: Window info set — origin=(0, 33)  size=1512x884  scale=1.0
2026-06-02 20:50:58,410 [INFO] detector: Window info set — origin=(0, 33)  size=1512x884  scale=1.0
2026-06-02 20:50:58,913 [INFO] detector: Window info set — origin=(0, 33)  size=1512x884  scale=1.0
2026-06-02 20:50:59,416 [INFO] detector: Window info set — origin=(0, 33)  size=1512x884  scale=1.0
2026-06-02 20:50:59,917 [INFO] detector: Window info set — origin=(0, 33)  size=1512x884  scale=1.0
2026-06-02 20:51:00,419 [INFO] detector: Window info set — origin=(0, 33)  size=1512x884  scale=1.0
2026-06-02 20:51:00,922 [INFO] detector: Window info set — origin=(0, 33)  size=1512x884  scale=1.0
2026-06-02 20:51:01,425 [INFO] detector: Window info set — origin=(0, 33)  size=1512x884  scale=1.0
2026-06-02 20:51:01,927 [INFO] detector: Window info set — origin=(0, 33)  size=1512x884  scale=1.0
2026-06-02 20:51:02,431 [INFO] detector: Window info set — origin=(0, 33)  size=1512x884  scale=1.0
2026-06-02 20:51:02,934 [INFO] detector: Window info set — origin=(0, 33)  size=1512x884  scale=1.0
2026-06-02 20:51:03,436 [INFO] detector: Window info set — origin=(0, 33)  size=1512x884  scale=1.0
2026-06-02 20:51:03,939 [INFO] detector: Window info set — origin=(0, 33)  size=1512x884  scale=1.0
2026-06-02 20:51:04,441 [INFO] detector: Window info set — origin=(0, 33)  size=1512x884  scale=1.0
2026-06-02 20:51:04,943 [INFO] detector: Window info set — origin=(0, 33)  size=1512x884  scale=1.0
2026-06-02 20:51:05,445 [INFO] detector: Window info set — origin=(0, 33)  size=1512x884  scale=1.0
2026-06-02 20:51:05,948 [INFO] detector: Window info set — origin=(0, 33)  size=1512x884  scale=1.0
2026-06-02 20:51:06,451 [INFO] detector: Window info set — origin=(0, 33)  size=1512x884  scale=1.0
2026-06-02 20:51:06,952 [INFO] detector: Window info set — origin=(0, 33)  size=1512x884  scale=1.0
2026-06-02 20:51:07,456 [INFO] detector: Window info set — origin=(0, 33)  size=1512x884  scale=1.0
2026-06-02 20:51:07,957 [INFO] detector: Window info set — origin=(0, 33)  size=1512x884  scale=1.0
2026-06-02 20:51:08,460 [INFO] detector: Window info set — origin=(0, 33)  size=1512x884  scale=1.0
2026-06-02 20:51:08,962 [INFO] detector: Window info set — origin=(0, 33)  size=1512x884  scale=1.0
2026-06-02 20:51:09,464 [INFO] detector: Window info set — origin=(0, 33)  size=1512x884  scale=1.0
2026-06-02 20:51:09,965 [INFO] detector: Window info set — origin=(0, 33)  size=1512x884  scale=1.0
2026-06-02 20:51:10,468 [INFO] detector: Window info set — origin=(0, 33)  size=1512x884  scale=1.0
2026-06-02 20:51:10,972 [INFO] detector: Window info set — origin=(0, 33)  size=1512x884  scale=1.0
2026-06-02 20:51:11,473 [INFO] detector: Window info set — origin=(0, 33)  size=1512x884  scale=1.0
2026-06-02 20:51:11,975 [INFO] detector: Window info set — origin=(0, 33)  size=1512x884  scale=1.0
2026-06-02 20:51:12,477 [INFO] detector: Window info set — origin=(0, 33)  size=1512x884  scale=1.0
2026-06-02 20:51:12,978 [INFO] detector: Window info set — origin=(0, 33)  size=1512x884  scale=1.0
2026-06-02 20:51:13,482 [INFO] detector: Window info set — origin=(0, 33)  size=1512x884  scale=1.0
2026-06-02 20:51:13,983 [INFO] detector: Window info set — origin=(0, 33)  size=1512x884  scale=1.0
2026-06-02 20:51:14,485 [INFO] detector: Window info set — origin=(0, 33)  size=1512x884  scale=1.0
2026-06-02 20:51:14,987 [INFO] detector: Window info set — origin=(0, 33)  size=1512x884  scale=1.0
2026-06-02 20:51:15,488 [INFO] detector: Window info set — origin=(0, 33)  size=1512x884  scale=1.0
2026-06-02 20:51:15,990 [INFO] detector: Window info set — origin=(0, 33)  size=1512x884  scale=1.0
2026-06-02 20:51:16,491 [INFO] detector: Window info set — origin=(0, 33)  size=1512x884  scale=1.0
2026-06-02 20:51:16,993 [INFO] detector: Window info set — origin=(0, 33)  size=1512x884  scale=1.0
2026-06-02 20:51:17,494 [INFO] detector: Window info set — origin=(0, 33)  size=1512x884  scale=1.0
2026-06-02 20:51:17,995 [INFO] detector: Window info set — origin=(0, 33)  size=1512x884  scale=1.0
2026-06-02 20:51:18,498 [INFO] detector: Window info set — origin=(0, 33)  size=1512x884  scale=1.0
2026-06-02 20:51:18,999 [INFO] detector: Window info set — origin=(0, 33)  size=1512x884  scale=1.0
2026-06-02 20:51:19,501 [INFO] detector: Window info set — origin=(0, 33)  size=1512x884  scale=1.0
2026-06-02 20:51:20,003 [INFO] detector: Window info set — origin=(0, 33)  size=1512x884  scale=1.0
2026-06-02 20:51:20,507 [INFO] detector: Window info set — origin=(0, 33)  size=1512x884  scale=1.0
2026-06-02 20:51:21,008 [INFO] detector: Window info set — origin=(0, 33)  size=1512x884  scale=1.0
2026-06-02 20:51:21,509 [INFO] detector: Window info set — origin=(0, 33)  size=1512x884  scale=1.0
2026-06-02 20:51:22,011 [INFO] detector: Window info set — origin=(0, 33)  size=1512x884  scale=1.0
2026-06-02 20:51:22,514 [INFO] detector: Window info set — origin=(0, 33)  size=1512x884  scale=1.0
2026-06-02 20:51:23,016 [INFO] detector: Window info set — origin=(0, 33)  size=1512x884  scale=1.0
2026-06-02 20:51:23,517 [INFO] detector: Window info set — origin=(0, 33)  size=1512x884  scale=1.0
2026-06-02 20:51:24,018 [INFO] detector: Window info set — origin=(0, 33)  size=1512x884  scale=1.0
2026-06-02 20:51:24,522 [INFO] detector: Window info set — origin=(0, 33)  size=1512x884  scale=1.0
2026-06-02 20:51:25,024 [INFO] detector: Window info set — origin=(0, 33)  size=1512x884  scale=1.0
2026-06-02 20:51:25,527 [INFO] detector: Window info set — origin=(0, 33)  size=1512x884  scale=1.0
2026-06-02 20:51:26,031 [INFO] detector: Window info set — origin=(0, 33)  size=1512x884  scale=1.0
2026-06-02 20:51:26,533 [INFO] detector: Window info set — origin=(0, 33)  size=1512x884  scale=1.0
2026-06-02 20:51:27,034 [INFO] detector: Window info set — origin=(0, 33)  size=1512x884  scale=1.0
2026-06-02 20:51:27,535 [INFO] detector: Window info set — origin=(0, 33)  size=1512x884  scale=1.0
2026-06-02 20:51:28,039 [INFO] detector: Window info set — origin=(0, 33)  size=1512x884  scale=1.0
2026-06-02 20:51:28,541 [INFO] detector: Window info set — origin=(0, 33)  size=1512x884  scale=1.0
2026-06-02 20:51:29,042 [INFO] detector: Window info set — origin=(0, 33)  size=1512x884  scale=1.0
2026-06-02 20:51:29,543 [INFO] detector: Window info set — origin=(0, 33)  size=1512x884  scale=1.0
2026-06-02 20:51:32,403 [INFO] detector: Window info set — origin=(0, 33)  size=1512x884  scale=1.0
2026-06-02 20:51:32,905 [INFO] detector: Window info set — origin=(0, 33)  size=1512x884  scale=1.0
2026-06-02 20:51:33,407 [INFO] detector: Window info set — origin=(0, 33)  size=1512x884  scale=1.0
2026-06-02 20:51:33,908 [INFO] detector: Window info set — origin=(0, 33)  size=1512x884  scale=1.0
2026-06-02 20:51:34,409 [INFO] detector: Window info set — origin=(0, 33)  size=1512x884  scale=1.0
2026-06-02 20:51:34,625 [INFO] detector: Window info set — origin=(0, 33)  size=1512x884  scale=1.0
2026-06-02 20:51:34,783 [INFO] calibrator: Stable screenshot captured — 1512x982 (artifact=0.001)
2026-06-02 20:51:35,045 [INFO] detector: Window info set — origin=(0, 33)  size=1512x884  scale=1.0
2026-06-02 20:51:38,065 [INFO] detector: Window info set — origin=(-210, 33)  size=1512x884  scale=1.0
2026-06-02 20:51:38,568 [INFO] detector: Window info set — origin=(0, 33)  size=1512x884  scale=1.0
2026-06-02 20:51:39,069 [INFO] detector: Window info set — origin=(0, 33)  size=1512x884  scale=1.0
2026-06-02 20:51:39,571 [INFO] detector: Window info set — origin=(0, 33)  size=1512x884  scale=1.0
2026-06-02 20:51:40,074 [INFO] detector: Window info set — origin=(0, 33)  size=1512x884  scale=1.0
2026-06-02 20:51:40,576 [INFO] detector: Window info set — origin=(0, 33)  size=1512x884  scale=1.0
2026-06-02 20:51:41,078 [INFO] detector: Window info set — origin=(0, 33)  size=1512x884  scale=1.0
2026-06-02 20:51:41,579 [INFO] detector: Window info set — origin=(0, 33)  size=1512x884  scale=1.0
2026-06-02 20:51:41,730 [INFO] macro: Minigame ready — fish on the line!
2026-06-02 20:51:41,731 [INFO] macro: State: Waiting for Bite → Reeling
2026-06-02 20:51:41,844 [INFO] detector: Window info set — origin=(0, 33)  size=1512x884  scale=1.0
2026-06-02 20:51:41,987 [INFO] calibrator: Stable screenshot captured — 1512x982 (artifact=0.000)
2026-06-02 20:51:42,227 [INFO] detector: Window info set — origin=(0, 33)  size=1512x884  scale=1.0
2026-06-02 20:52:02,336 [INFO] main: Starting Fisch Macro...
2026-06-02 20:52:02,362 [INFO] main: Initializing configuration...
2026-06-02 20:52:02,362 [INFO] main: Initializing window tracker...
2026-06-02 20:52:02,362 [INFO] main: Initializing detector...
2026-06-02 20:52:02,362 [INFO] main: Initializing controller...
2026-06-02 20:52:02,362 [INFO] main: Setting up start/stop hotkey on key: f6
2026-06-02 20:52:02,385 [INFO] controller: Global hotkey active: press 'f6' to start/stop the macro.
2026-06-02 20:52:02,385 [INFO] main: Initializing macro engine...
2026-06-02 20:52:02,386 [INFO] main: Starting GUI...
2026-06-02 20:52:02,534 [INFO] src.window_tracker: Display scale factor (Quartz): 1.00
2026-06-02 20:52:02,534 [INFO] detector: Window info set — origin=(0, 33)  size=1512x884  scale=1.0
2026-06-02 20:52:03,036 [INFO] detector: Window info set — origin=(706, 479)  size=787x460  scale=1.0
2026-06-02 20:52:03,539 [INFO] detector: Window info set — origin=(682, 464)  size=812x475  scale=1.0
2026-06-02 20:52:04,043 [INFO] detector: Window info set — origin=(0, 33)  size=1512x884  scale=1.0
2026-06-02 20:52:04,584 [INFO] detector: Window info set — origin=(0, 33)  size=1512x884  scale=1.0
2026-06-02 20:52:05,085 [INFO] detector: Window info set — origin=(0, 33)  size=1512x884  scale=1.0
2026-06-02 20:52:05,589 [INFO] detector: Window info set — origin=(0, 33)  size=1512x884  scale=1.0
2026-06-02 20:52:05,723 [INFO] detector: Window info set — origin=(0, 33)  size=1512x884  scale=1.0
2026-06-02 20:52:05,901 [INFO] calibrator: Stable screenshot captured — 1512x982 (artifact=0.001)
2026-06-02 20:52:06,162 [INFO] detector: Window info set — origin=(0, 33)  size=1512x884  scale=1.0
2026-06-02 20:52:07,669 [INFO] detector: Window info set — origin=(885, 548)  size=609x356  scale=1.0
2026-06-02 20:52:08,172 [INFO] detector: Window info set — origin=(885, 548)  size=609x356  scale=1.0
2026-06-02 20:52:09,678 [INFO] detector: Window info set — origin=(-156, 33)  size=1512x884  scale=1.0
2026-06-02 20:52:10,182 [INFO] detector: Window info set — origin=(0, 33)  size=1512x884  scale=1.0
2026-06-02 20:52:10,686 [INFO] detector: Window info set — origin=(0, 33)  size=1512x884  scale=1.0
2026-06-02 20:52:11,189 [INFO] detector: Window info set — origin=(0, 33)  size=1512x884  scale=1.0
2026-06-02 20:52:11,694 [INFO] detector: Window info set — origin=(0, 33)  size=1512x884  scale=1.0
2026-06-02 20:52:12,196 [INFO] detector: Window info set — origin=(0, 33)  size=1512x884  scale=1.0
2026-06-02 20:52:12,698 [INFO] detector: Window info set — origin=(0, 33)  size=1512x884  scale=1.0
2026-06-02 20:52:13,201 [INFO] detector: Window info set — origin=(0, 33)  size=1512x884  scale=1.0
2026-06-02 20:52:13,703 [INFO] detector: Window info set — origin=(0, 33)  size=1512x884  scale=1.0
2026-06-02 20:52:14,206 [INFO] detector: Window info set — origin=(0, 33)  size=1512x884  scale=1.0
2026-06-02 20:52:14,712 [INFO] detector: Window info set — origin=(0, 33)  size=1512x884  scale=1.0
2026-06-02 20:52:15,214 [INFO] detector: Window info set — origin=(0, 33)  size=1512x884  scale=1.0
2026-06-02 20:52:15,480 [INFO] detector: Window info set — origin=(0, 33)  size=1512x884  scale=1.0
2026-06-02 20:52:15,640 [INFO] calibrator: Stable screenshot captured — 1512x982 (artifact=0.001)
2026-06-02 20:52:15,865 [INFO] detector: Window info set — origin=(0, 33)  size=1512x884  scale=1.0
2026-06-02 20:52:43,132 [INFO] calibrator: ROI from rect (451,779,611,24) → x=[0.298, 0.702]  y=[0.844, 0.871]
2026-06-02 20:52:48,719 [INFO] calibrator: ROI from rect (589,829,331,13) → x=[0.390, 0.608]  y=[0.900, 0.915]
2026-06-02 20:52:53,595 [INFO] detector: Window info set — origin=(-126, 33)  size=1512x884  scale=1.0
2026-06-02 20:52:54,098 [INFO] detector: Window info set — origin=(0, 33)  size=1512x884  scale=1.0
2026-06-02 20:52:54,602 [INFO] detector: Window info set — origin=(0, 33)  size=1512x884  scale=1.0
2026-06-02 20:52:55,106 [INFO] detector: Window info set — origin=(0, 33)  size=1512x884  scale=1.0
2026-06-02 20:52:55,611 [INFO] detector: Window info set — origin=(0, 33)  size=1512x884  scale=1.0
2026-06-02 20:52:56,114 [INFO] detector: Window info set — origin=(0, 33)  size=1512x884  scale=1.0
2026-06-02 20:52:56,619 [INFO] detector: Window info set — origin=(0, 33)  size=1512x884  scale=1.0
2026-06-02 20:52:57,121 [INFO] detector: Window info set — origin=(0, 33)  size=1512x884  scale=1.0
2026-06-02 20:52:57,623 [INFO] detector: Window info set — origin=(0, 33)  size=1512x884  scale=1.0
2026-06-02 20:52:58,126 [INFO] detector: Window info set — origin=(0, 33)  size=1512x884  scale=1.0
2026-06-02 20:52:58,627 [INFO] detector: Window info set — origin=(0, 33)  size=1512x884  scale=1.0
2026-06-02 20:52:59,129 [INFO] detector: Window info set — origin=(0, 33)  size=1512x884  scale=1.0
2026-06-02 20:52:59,631 [INFO] detector: Window info set — origin=(0, 33)  size=1512x884  scale=1.0
2026-06-02 20:53:00,136 [INFO] detector: Window info set — origin=(0, 33)  size=1512x884  scale=1.0
2026-06-02 20:53:00,639 [INFO] detector: Window info set — origin=(0, 33)  size=1512x884  scale=1.0
2026-06-02 20:53:01,140 [INFO] detector: Window info set — origin=(0, 33)  size=1512x884  scale=1.0
2026-06-02 20:53:01,247 [INFO] detector: Window info set — origin=(0, 33)  size=1512x884  scale=1.0
2026-06-02 20:53:01,409 [INFO] calibrator: Stable screenshot captured — 1512x982 (artifact=0.001)
2026-06-02 20:53:01,642 [INFO] detector: Window info set — origin=(0, 33)  size=1512x884  scale=1.0
2026-06-02 20:53:07,185 [INFO] detector: Window info set — origin=(-287, 33)  size=1512x884  scale=1.0
2026-06-02 20:53:07,688 [INFO] detector: Window info set — origin=(0, 33)  size=1512x884  scale=1.0
2026-06-02 20:53:08,191 [INFO] detector: Window info set — origin=(0, 33)  size=1512x884  scale=1.0
2026-06-02 20:53:08,693 [INFO] detector: Window info set — origin=(0, 33)  size=1512x884  scale=1.0
2026-06-02 20:53:09,194 [INFO] detector: Window info set — origin=(0, 33)  size=1512x884  scale=1.0
2026-06-02 20:53:09,699 [INFO] detector: Window info set — origin=(0, 33)  size=1512x884  scale=1.0
2026-06-02 20:53:10,202 [INFO] detector: Window info set — origin=(0, 33)  size=1512x884  scale=1.0
2026-06-02 20:53:10,390 [INFO] controller: Global hotkey pressed: f6
2026-06-02 20:53:10,402 [INFO] detector: Window info set — origin=(0, 33)  size=1512x884  scale=1.0
2026-06-02 20:53:10,404 [INFO] controller: Controller started.
2026-06-02 20:53:10,405 [INFO] macro: State: Idle → Casting
2026-06-02 20:53:10,405 [INFO] macro: Macro engine started
2026-06-02 20:53:10,488 [INFO] macro: Minigame ready (during cast) — fish on the line!
2026-06-02 20:53:10,488 [INFO] macro: State: Casting → Reeling
2026-06-02 20:53:10,705 [INFO] detector: Window info set — origin=(0, 33)  size=1512x884  scale=1.0
2026-06-02 20:53:11,207 [INFO] detector: Window info set — origin=(0, 33)  size=1512x884  scale=1.0
2026-06-02 20:53:11,709 [INFO] detector: Window info set — origin=(0, 33)  size=1512x884  scale=1.0
2026-06-02 20:53:12,213 [INFO] detector: Window info set — origin=(0, 33)  size=1512x884  scale=1.0
2026-06-02 20:53:12,285 [INFO] macro: State: Reeling → Catch Complete
2026-06-02 20:53:12,716 [INFO] detector: Window info set — origin=(0, 33)  size=1512x884  scale=1.0
2026-06-02 20:53:13,218 [INFO] detector: Window info set — origin=(0, 33)  size=1512x884  scale=1.0
2026-06-02 20:53:13,722 [INFO] detector: Window info set — origin=(0, 33)  size=1512x884  scale=1.0
2026-06-02 20:53:14,223 [INFO] detector: Window info set — origin=(0, 33)  size=1512x884  scale=1.0
2026-06-02 20:53:14,726 [INFO] detector: Window info set — origin=(0, 33)  size=1512x884  scale=1.0
2026-06-02 20:53:15,232 [INFO] detector: Window info set — origin=(0, 33)  size=1512x884  scale=1.0
2026-06-02 20:53:15,735 [INFO] detector: Window info set — origin=(0, 33)  size=1512x884  scale=1.0
2026-06-02 20:53:16,239 [INFO] detector: Window info set — origin=(0, 33)  size=1512x884  scale=1.0
2026-06-02 20:53:16,741 [INFO] detector: Window info set — origin=(0, 33)  size=1512x884  scale=1.0
2026-06-02 20:53:16,880 [INFO] macro: State: Catch Complete → Casting
2026-06-02 20:53:17,244 [INFO] detector: Window info set — origin=(0, 33)  size=1512x884  scale=1.0
2026-06-02 20:53:17,747 [INFO] detector: Window info set — origin=(0, 33)  size=1512x884  scale=1.0
2026-06-02 20:53:18,252 [INFO] detector: Window info set — origin=(0, 33)  size=1512x884  scale=1.0
2026-06-02 20:53:18,450 [INFO] macro: Minigame ready (after cast) — fish on the line!
2026-06-02 20:53:18,450 [INFO] macro: State: Casting → Reeling
2026-06-02 20:53:18,756 [INFO] detector: Window info set — origin=(0, 33)  size=1512x884  scale=1.0
2026-06-02 20:53:19,258 [INFO] detector: Window info set — origin=(0, 33)  size=1512x884  scale=1.0
2026-06-02 20:53:19,759 [INFO] detector: Window info set — origin=(0, 33)  size=1512x884  scale=1.0
2026-06-02 20:53:20,265 [INFO] detector: Window info set — origin=(0, 33)  size=1512x884  scale=1.0
2026-06-02 20:53:20,336 [INFO] macro: State: Reeling → Catch Complete
2026-06-02 20:53:20,774 [INFO] detector: Window info set — origin=(0, 33)  size=1512x884  scale=1.0
2026-06-02 20:53:21,277 [INFO] detector: Window info set — origin=(0, 33)  size=1512x884  scale=1.0
2026-06-02 20:53:21,782 [INFO] detector: Window info set — origin=(0, 33)  size=1512x884  scale=1.0
2026-06-02 20:53:22,283 [INFO] detector: Window info set — origin=(0, 33)  size=1512x884  scale=1.0
2026-06-02 20:53:22,786 [INFO] detector: Window info set — origin=(0, 33)  size=1512x884  scale=1.0
2026-06-02 20:53:23,290 [INFO] detector: Window info set — origin=(0, 33)  size=1512x884  scale=1.0
2026-06-02 20:53:23,792 [INFO] detector: Window info set — origin=(0, 33)  size=1512x884  scale=1.0
2026-06-02 20:53:24,299 [INFO] detector: Window info set — origin=(0, 33)  size=1512x884  scale=1.0
2026-06-02 20:53:24,802 [INFO] detector: Window info set — origin=(0, 33)  size=1512x884  scale=1.0
2026-06-02 20:53:25,010 [INFO] macro: State: Catch Complete → Casting
2026-06-02 20:53:25,308 [INFO] detector: Window info set — origin=(0, 33)  size=1512x884  scale=1.0
2026-06-02 20:53:25,810 [INFO] detector: Window info set — origin=(0, 33)  size=1512x884  scale=1.0
2026-06-02 20:53:26,314 [INFO] detector: Window info set — origin=(0, 33)  size=1512x884  scale=1.0
2026-06-02 20:53:26,489 [INFO] macro: Minigame ready (after cast) — fish on the line!
2026-06-02 20:53:26,489 [INFO] macro: State: Casting → Reeling
2026-06-02 20:53:26,816 [INFO] detector: Window info set — origin=(0, 33)  size=1512x884  scale=1.0
2026-06-02 20:53:27,318 [INFO] detector: Window info set — origin=(0, 33)  size=1512x884  scale=1.0
2026-06-02 20:53:27,819 [INFO] detector: Window info set — origin=(0, 33)  size=1512x884  scale=1.0
2026-06-02 20:53:28,292 [INFO] macro: State: Reeling → Catch Complete
2026-06-02 20:53:28,322 [INFO] detector: Window info set — origin=(0, 33)  size=1512x884  scale=1.0
2026-06-02 20:53:28,825 [INFO] detector: Window info set — origin=(0, 33)  size=1512x884  scale=1.0
2026-06-02 20:53:29,327 [INFO] detector: Window info set — origin=(0, 33)  size=1512x884  scale=1.0
2026-06-02 20:53:29,831 [INFO] detector: Window info set — origin=(0, 33)  size=1512x884  scale=1.0
2026-06-02 20:53:30,141 [INFO] controller: Global hotkey pressed: f6
2026-06-02 20:53:30,142 [INFO] controller: Controller stopped.
2026-06-02 20:53:30,142 [INFO] macro: State: Catch Complete → Stopped
2026-06-02 20:53:30,236 [INFO] macro: Macro loop ended (stop requested)
2026-06-02 20:53:33,143 [INFO] macro: Macro engine stopped
2026-06-02 20:53:33,148 [INFO] detector: Window info set — origin=(0, 33)  size=1512x884  scale=1.0
2026-06-02 20:53:33,651 [INFO] detector: Window info set — origin=(0, 33)  size=1512x884  scale=1.0
2026-06-02 20:53:34,153 [INFO] detector: Window info set — origin=(0, 33)  size=1512x884  scale=1.0
2026-06-02 20:53:34,657 [INFO] detector: Window info set — origin=(0, 33)  size=1512x884  scale=1.0
2026-06-02 20:53:35,158 [INFO] detector: Window info set — origin=(0, 33)  size=1512x884  scale=1.0
2026-06-02 20:53:35,661 [INFO] detector: Window info set — origin=(0, 33)  size=1512x884  scale=1.0
2026-06-02 20:53:36,165 [INFO] detector: Window info set — origin=(0, 33)  size=1512x884  scale=1.0
2026-06-02 20:53:36,667 [INFO] detector: Window info set — origin=(0, 33)  size=1512x884  scale=1.0
2026-06-02 20:53:37,170 [INFO] detector: Window info set — origin=(0, 33)  size=1512x884  scale=1.0
2026-06-02 20:53:37,522 [INFO] controller: Global hotkey pressed: f6
2026-06-02 20:53:37,523 [INFO] detector: Window info set — origin=(0, 33)  size=1512x884  scale=1.0
2026-06-02 20:53:37,526 [INFO] controller: Controller started.
2026-06-02 20:53:37,526 [INFO] macro: State: Stopped → Casting
2026-06-02 20:53:37,526 [INFO] macro: Macro engine started
2026-06-02 20:53:37,672 [INFO] detector: Window info set — origin=(0, 33)  size=1512x884  scale=1.0
2026-06-02 20:53:38,174 [INFO] detector: Window info set — origin=(0, 33)  size=1512x884  scale=1.0
2026-06-02 20:53:38,676 [INFO] detector: Window info set — origin=(0, 33)  size=1512x884  scale=1.0
2026-06-02 20:53:38,944 [INFO] macro: Minigame ready (after cast) — fish on the line!
2026-06-02 20:53:38,957 [INFO] macro: State: Casting → Reeling
2026-06-02 20:53:39,180 [INFO] detector: Window info set — origin=(0, 33)  size=1512x884  scale=1.0
2026-06-02 20:53:39,682 [INFO] detector: Window info set — origin=(0, 33)  size=1512x884  scale=1.0
2026-06-02 20:53:40,184 [INFO] detector: Window info set — origin=(0, 33)  size=1512x884  scale=1.0
2026-06-02 20:53:40,686 [INFO] detector: Window info set — origin=(0, 33)  size=1512x884  scale=1.0
2026-06-02 20:53:40,869 [INFO] macro: State: Reeling → Catch Complete
2026-06-02 20:53:41,189 [INFO] detector: Window info set — origin=(0, 33)  size=1512x884  scale=1.0
2026-06-02 20:53:41,692 [INFO] detector: Window info set — origin=(0, 33)  size=1512x884  scale=1.0
2026-06-02 20:53:42,194 [INFO] detector: Window info set — origin=(0, 33)  size=1512x884  scale=1.0
2026-06-02 20:53:42,696 [INFO] detector: Window info set — origin=(0, 33)  size=1512x884  scale=1.0
2026-06-02 20:53:43,199 [INFO] detector: Window info set — origin=(0, 33)  size=1512x884  scale=1.0
2026-06-02 20:53:43,702 [INFO] detector: Window info set — origin=(0, 33)  size=1512x884  scale=1.0
2026-06-02 20:53:44,205 [INFO] detector: Window info set — origin=(0, 33)  size=1512x884  scale=1.0
2026-06-02 20:53:44,708 [INFO] detector: Window info set — origin=(0, 33)  size=1512x884  scale=1.0
2026-06-02 20:53:45,211 [INFO] detector: Window info set — origin=(0, 33)  size=1512x884  scale=1.0
2026-06-02 20:53:45,576 [INFO] macro: State: Catch Complete → Casting
2026-06-02 20:53:45,721 [INFO] detector: Window info set — origin=(0, 33)  size=1512x884  scale=1.0
2026-06-02 20:53:46,224 [INFO] detector: Window info set — origin=(0, 33)  size=1512x884  scale=1.0
2026-06-02 20:53:46,727 [INFO] detector: Window info set — origin=(0, 33)  size=1512x884  scale=1.0
2026-06-02 20:53:46,983 [INFO] macro: Minigame ready (after cast) — fish on the line!
2026-06-02 20:53:46,999 [INFO] macro: State: Casting → Reeling
2026-06-02 20:53:47,232 [INFO] detector: Window info set — origin=(0, 33)  size=1512x884  scale=1.0
2026-06-02 20:53:47,733 [INFO] detector: Window info set — origin=(0, 33)  size=1512x884  scale=1.0
2026-06-02 20:53:48,234 [INFO] detector: Window info set — origin=(0, 33)  size=1512x884  scale=1.0
2026-06-02 20:53:48,736 [INFO] detector: Window info set — origin=(0, 33)  size=1512x884  scale=1.0
2026-06-02 20:53:48,852 [INFO] macro: State: Reeling → Catch Complete
2026-06-02 20:53:49,240 [INFO] detector: Window info set — origin=(0, 33)  size=1512x884  scale=1.0
2026-06-02 20:53:49,742 [INFO] detector: Window info set — origin=(0, 33)  size=1512x884  scale=1.0
2026-06-02 20:53:50,245 [INFO] detector: Window info set — origin=(0, 33)  size=1512x884  scale=1.0
2026-06-02 20:53:50,747 [INFO] detector: Window info set — origin=(0, 33)  size=1512x884  scale=1.0
2026-06-02 20:53:51,249 [INFO] detector: Window info set — origin=(0, 33)  size=1512x884  scale=1.0
2026-06-02 20:53:51,751 [INFO] detector: Window info set — origin=(0, 33)  size=1512x884  scale=1.0
2026-06-02 20:53:52,256 [INFO] detector: Window info set — origin=(0, 33)  size=1512x884  scale=1.0
2026-06-02 20:53:52,758 [INFO] detector: Window info set — origin=(0, 33)  size=1512x884  scale=1.0
2026-06-02 20:53:53,260 [INFO] detector: Window info set — origin=(0, 33)  size=1512x884  scale=1.0
2026-06-02 20:53:53,490 [INFO] macro: State: Catch Complete → Casting
2026-06-02 20:53:53,765 [INFO] detector: Window info set — origin=(0, 33)  size=1512x884  scale=1.0
2026-06-02 20:53:54,268 [INFO] detector: Window info set — origin=(0, 33)  size=1512x884  scale=1.0
2026-06-02 20:53:54,773 [INFO] detector: Window info set — origin=(0, 33)  size=1512x884  scale=1.0
2026-06-02 20:53:55,276 [INFO] detector: Window info set — origin=(0, 33)  size=1512x884  scale=1.0
2026-06-02 20:53:55,781 [INFO] detector: Window info set — origin=(0, 33)  size=1512x884  scale=1.0
2026-06-02 20:53:56,282 [INFO] detector: Window info set — origin=(0, 33)  size=1512x884  scale=1.0
2026-06-02 20:53:56,785 [INFO] detector: Window info set — origin=(0, 33)  size=1512x884  scale=1.0
2026-06-02 20:53:57,290 [INFO] detector: Window info set — origin=(0, 33)  size=1512x884  scale=1.0
2026-06-02 20:53:57,792 [INFO] detector: Window info set — origin=(0, 33)  size=1512x884  scale=1.0
2026-06-02 20:53:58,297 [INFO] detector: Window info set — origin=(0, 33)  size=1512x884  scale=1.0
2026-06-02 20:53:58,359 [INFO] macro: Minigame ready (after cast) — fish on the line!
2026-06-02 20:53:58,430 [INFO] macro: State: Casting → Reeling
2026-06-02 20:53:58,799 [INFO] detector: Window info set — origin=(0, 33)  size=1512x884  scale=1.0
2026-06-02 20:53:59,300 [INFO] detector: Window info set — origin=(0, 33)  size=1512x884  scale=1.0
2026-06-02 20:53:59,802 [INFO] detector: Window info set — origin=(0, 33)  size=1512x884  scale=1.0
2026-06-02 20:54:00,307 [INFO] detector: Window info set — origin=(0, 33)  size=1512x884  scale=1.0
2026-06-02 20:54:00,465 [INFO] macro: State: Reeling → Catch Complete
2026-06-02 20:54:00,810 [INFO] detector: Window info set — origin=(0, 33)  size=1512x884  scale=1.0
2026-06-02 20:54:01,313 [INFO] detector: Window info set — origin=(0, 33)  size=1512x884  scale=1.0
2026-06-02 20:54:01,816 [INFO] detector: Window info set — origin=(0, 33)  size=1512x884  scale=1.0
2026-06-02 20:54:02,319 [INFO] detector: Window info set — origin=(0, 33)  size=1512x884  scale=1.0
2026-06-02 20:54:02,822 [INFO] detector: Window info set — origin=(0, 33)  size=1512x884  scale=1.0
2026-06-02 20:54:03,325 [INFO] detector: Window info set — origin=(0, 33)  size=1512x884  scale=1.0
2026-06-02 20:54:03,831 [INFO] detector: Window info set — origin=(0, 33)  size=1512x884  scale=1.0
2026-06-02 20:54:04,334 [INFO] detector: Window info set — origin=(0, 33)  size=1512x884  scale=1.0
2026-06-02 20:54:04,839 [INFO] detector: Window info set — origin=(0, 33)  size=1512x884  scale=1.0
2026-06-02 20:54:05,196 [INFO] macro: State: Catch Complete → Casting
2026-06-02 20:54:05,348 [INFO] detector: Window info set — origin=(0, 33)  size=1512x884  scale=1.0
2026-06-02 20:54:05,851 [INFO] detector: Window info set — origin=(0, 33)  size=1512x884  scale=1.0
2026-06-02 20:54:06,355 [INFO] detector: Window info set — origin=(0, 33)  size=1512x884  scale=1.0
2026-06-02 20:54:06,857 [INFO] detector: Window info set — origin=(0, 33)  size=1512x884  scale=1.0
2026-06-02 20:54:07,361 [INFO] detector: Window info set — origin=(0, 33)  size=1512x884  scale=1.0
2026-06-02 20:54:07,865 [INFO] detector: Window info set — origin=(0, 33)  size=1512x884  scale=1.0
2026-06-02 20:54:08,368 [INFO] detector: Window info set — origin=(0, 33)  size=1512x884  scale=1.0
2026-06-02 20:54:08,873 [INFO] detector: Window info set — origin=(0, 33)  size=1512x884  scale=1.0
2026-06-02 20:54:09,375 [INFO] detector: Window info set — origin=(0, 33)  size=1512x884  scale=1.0
2026-06-02 20:54:09,876 [INFO] detector: Window info set — origin=(0, 33)  size=1512x884  scale=1.0
2026-06-02 20:54:10,121 [INFO] macro: Minigame ready (after cast) — fish on the line!
2026-06-02 20:54:10,121 [INFO] macro: State: Casting → Reeling
2026-06-02 20:54:10,381 [INFO] detector: Window info set — origin=(0, 33)  size=1512x884  scale=1.0
2026-06-02 20:54:10,883 [INFO] detector: Window info set — origin=(0, 33)  size=1512x884  scale=1.0
2026-06-02 20:54:11,386 [INFO] detector: Window info set — origin=(0, 33)  size=1512x884  scale=1.0
2026-06-02 20:54:11,889 [INFO] detector: Window info set — origin=(0, 33)  size=1512x884  scale=1.0
2026-06-02 20:54:12,314 [INFO] macro: State: Reeling → Catch Complete
2026-06-02 20:54:12,390 [INFO] detector: Window info set — origin=(0, 33)  size=1512x884  scale=1.0
2026-06-02 20:54:12,892 [INFO] detector: Window info set — origin=(0, 33)  size=1512x884  scale=1.0
2026-06-02 20:54:13,394 [INFO] detector: Window info set — origin=(0, 33)  size=1512x884  scale=1.0
2026-06-02 20:54:13,898 [INFO] detector: Window info set — origin=(0, 33)  size=1512x884  scale=1.0
2026-06-02 20:54:14,400 [INFO] detector: Window info set — origin=(0, 33)  size=1512x884  scale=1.0
2026-06-02 20:54:14,906 [INFO] detector: Window info set — origin=(0, 33)  size=1512x884  scale=1.0
2026-06-02 20:54:15,409 [INFO] detector: Window info set — origin=(0, 33)  size=1512x884  scale=1.0
2026-06-02 20:54:15,911 [INFO] detector: Window info set — origin=(0, 33)  size=1512x884  scale=1.0
2026-06-02 20:54:16,414 [INFO] detector: Window info set — origin=(0, 33)  size=1512x884  scale=1.0
2026-06-02 20:54:16,917 [INFO] detector: Window info set — origin=(0, 33)  size=1512x884  scale=1.0
2026-06-02 20:54:17,086 [INFO] macro: State: Catch Complete → Casting
2026-06-02 20:54:17,423 [INFO] detector: Window info set — origin=(0, 33)  size=1512x884  scale=1.0
2026-06-02 20:54:17,925 [INFO] detector: Window info set — origin=(0, 33)  size=1512x884  scale=1.0
2026-06-02 20:54:18,432 [INFO] detector: Window info set — origin=(0, 33)  size=1512x884  scale=1.0
2026-06-02 20:54:18,584 [INFO] macro: Minigame ready (after cast) — fish on the line!
2026-06-02 20:54:18,585 [INFO] macro: State: Casting → Reeling
2026-06-02 20:54:18,934 [INFO] detector: Window info set — origin=(0, 33)  size=1512x884  scale=1.0
2026-06-02 20:54:19,436 [INFO] detector: Window info set — origin=(0, 33)  size=1512x884  scale=1.0
2026-06-02 20:54:19,938 [INFO] detector: Window info set — origin=(0, 33)  size=1512x884  scale=1.0
2026-06-02 20:54:20,439 [INFO] detector: Window info set — origin=(0, 33)  size=1512x884  scale=1.0
2026-06-02 20:54:20,585 [INFO] macro: State: Reeling → Catch Complete
2026-06-02 20:54:20,940 [INFO] detector: Window info set — origin=(0, 33)  size=1512x884  scale=1.0
2026-06-02 20:54:21,443 [INFO] detector: Window info set — origin=(0, 33)  size=1512x884  scale=1.0
2026-06-02 20:54:21,948 [INFO] detector: Window info set — origin=(0, 33)  size=1512x884  scale=1.0
2026-06-02 20:54:22,451 [INFO] detector: Window info set — origin=(0, 33)  size=1512x884  scale=1.0
2026-06-02 20:54:22,965 [INFO] detector: Window info set — origin=(0, 33)  size=1512x884  scale=1.0
2026-06-02 20:54:23,467 [INFO] detector: Window info set — origin=(0, 33)  size=1512x884  scale=1.0
2026-06-02 20:54:23,973 [INFO] detector: Window info set — origin=(0, 33)  size=1512x884  scale=1.0
2026-06-02 20:54:24,476 [INFO] detector: Window info set — origin=(0, 33)  size=1512x884  scale=1.0
2026-06-02 20:54:24,982 [INFO] detector: Window info set — origin=(0, 33)  size=1512x884  scale=1.0
2026-06-02 20:54:25,340 [INFO] macro: State: Catch Complete → Casting
2026-06-02 20:54:25,490 [INFO] detector: Window info set — origin=(0, 33)  size=1512x884  scale=1.0
2026-06-02 20:54:25,994 [INFO] detector: Window info set — origin=(0, 33)  size=1512x884  scale=1.0
2026-06-02 20:54:26,498 [INFO] detector: Window info set — origin=(0, 33)  size=1512x884  scale=1.0
2026-06-02 20:54:26,918 [INFO] macro: Minigame ready (after cast) — fish on the line!
2026-06-02 20:54:26,936 [INFO] macro: State: Casting → Reeling
2026-06-02 20:54:27,001 [INFO] detector: Window info set — origin=(0, 33)  size=1512x884  scale=1.0
2026-06-02 20:54:27,506 [INFO] detector: Window info set — origin=(0, 33)  size=1512x884  scale=1.0
2026-06-02 20:54:28,007 [INFO] detector: Window info set — origin=(0, 33)  size=1512x884  scale=1.0
2026-06-02 20:54:28,509 [INFO] detector: Window info set — origin=(0, 33)  size=1512x884  scale=1.0
2026-06-02 20:54:28,737 [INFO] macro: State: Reeling → Catch Complete
2026-06-02 20:54:29,011 [INFO] detector: Window info set — origin=(0, 33)  size=1512x884  scale=1.0
2026-06-02 20:54:29,515 [INFO] detector: Window info set — origin=(0, 33)  size=1512x884  scale=1.0
2026-06-02 20:54:30,017 [INFO] detector: Window info set — origin=(0, 33)  size=1512x884  scale=1.0
2026-06-02 20:54:30,521 [INFO] detector: Window info set — origin=(0, 33)  size=1512x884  scale=1.0
2026-06-02 20:54:31,023 [INFO] detector: Window info set — origin=(0, 33)  size=1512x884  scale=1.0
2026-06-02 20:54:31,526 [INFO] detector: Window info set — origin=(0, 33)  size=1512x884  scale=1.0
2026-06-02 20:54:32,030 [INFO] detector: Window info set — origin=(0, 33)  size=1512x884  scale=1.0
2026-06-02 20:54:32,532 [INFO] detector: Window info set — origin=(0, 33)  size=1512x884  scale=1.0
2026-06-02 20:54:33,034 [INFO] detector: Window info set — origin=(0, 33)  size=1512x884  scale=1.0
2026-06-02 20:54:33,443 [INFO] macro: State: Catch Complete → Casting
2026-06-02 20:54:33,539 [INFO] detector: Window info set — origin=(0, 33)  size=1512x884  scale=1.0
2026-06-02 20:54:34,042 [INFO] detector: Window info set — origin=(0, 33)  size=1512x884  scale=1.0
2026-06-02 20:54:34,214 [INFO] controller: Global hotkey pressed: f6
2026-06-02 20:54:34,237 [INFO] controller: Controller stopped.
2026-06-02 20:54:34,237 [INFO] macro: State: Casting → Stopped
2026-06-02 20:54:34,311 [INFO] macro: Macro loop ended (stop requested)
2026-06-02 20:54:37,238 [INFO] macro: Macro engine stopped
2026-06-02 20:54:37,242 [INFO] detector: Window info set — origin=(0, 33)  size=1512x884  scale=1.0
2026-06-02 20:54:37,744 [INFO] detector: Window info set — origin=(0, 33)  size=1512x884  scale=1.0
2026-06-02 20:54:38,247 [INFO] detector: Window info set — origin=(0, 33)  size=1512x884  scale=1.0
2026-06-02 20:54:38,751 [INFO] detector: Window info set — origin=(0, 33)  size=1512x884  scale=1.0
2026-06-02 20:54:39,256 [INFO] detector: Window info set — origin=(0, 33)  size=1512x884  scale=1.0
2026-06-02 20:54:39,759 [INFO] detector: Window info set — origin=(0, 33)  size=1512x884  scale=1.0
2026-06-02 20:54:40,265 [INFO] detector: Window info set — origin=(0, 33)  size=1512x884  scale=1.0
2026-06-02 20:54:40,768 [INFO] detector: Window info set — origin=(0, 33)  size=1512x884  scale=1.0
2026-06-02 20:54:41,273 [INFO] detector: Window info set — origin=(0, 33)  size=1512x884  scale=1.0
2026-06-02 20:54:41,776 [INFO] detector: Window info set — origin=(0, 33)  size=1512x884  scale=1.0
2026-06-02 20:54:42,280 [INFO] detector: Window info set — origin=(0, 33)  size=1512x884  scale=1.0
2026-06-02 20:54:42,782 [INFO] detector: Window info set — origin=(0, 33)  size=1512x884  scale=1.0
2026-06-02 20:54:43,285 [INFO] detector: Window info set — origin=(0, 33)  size=1512x884  scale=1.0
2026-06-02 20:54:43,789 [INFO] detector: Window info set — origin=(0, 33)  size=1512x884  scale=1.0
2026-06-02 20:54:44,292 [INFO] detector: Window info set — origin=(0, 33)  size=1512x884  scale=1.0
2026-06-02 20:54:44,795 [INFO] detector: Window info set — origin=(0, 33)  size=1512x884  scale=1.0
2026-06-02 20:54:45,297 [INFO] detector: Window info set — origin=(0, 33)  size=1512x884  scale=1.0
2026-06-02 20:54:45,799 [INFO] detector: Window info set — origin=(0, 33)  size=1512x884  scale=1.0
2026-06-02 20:54:46,301 [INFO] detector: Window info set — origin=(0, 33)  size=1512x884  scale=1.0
2026-06-02 20:54:46,806 [INFO] detector: Window info set — origin=(0, 33)  size=1512x884  scale=1.0
2026-06-02 20:54:47,309 [INFO] detector: Window info set — origin=(0, 33)  size=1512x884  scale=1.0
2026-06-02 20:54:47,814 [INFO] detector: Window info set — origin=(0, 33)  size=1512x884  scale=1.0
2026-06-02 20:54:48,316 [INFO] detector: Window info set — origin=(0, 33)  size=1512x884  scale=1.0
2026-06-02 20:54:48,818 [INFO] detector: Window info set — origin=(0, 33)  size=1512x884  scale=1.0
2026-06-02 20:54:49,322 [INFO] detector: Window info set — origin=(0, 33)  size=1512x884  scale=1.0
2026-06-02 20:54:49,824 [INFO] detector: Window info set — origin=(0, 33)  size=1512x884  scale=1.0
2026-06-02 20:54:50,327 [INFO] detector: Window info set — origin=(0, 33)  size=1512x884  scale=1.0
2026-06-02 20:54:50,833 [INFO] detector: Window info set — origin=(0, 33)  size=1512x884  scale=1.0
2026-06-02 20:54:51,335 [INFO] detector: Window info set — origin=(0, 33)  size=1512x884  scale=1.0
2026-06-02 20:54:51,841 [INFO] detector: Window info set — origin=(0, 33)  size=1512x884  scale=1.0
2026-06-02 20:54:52,344 [INFO] detector: Window info set — origin=(0, 33)  size=1512x884  scale=1.0
2026-06-02 20:54:52,847 [INFO] detector: Window info set — origin=(0, 33)  size=1512x884  scale=1.0
2026-06-02 20:54:53,350 [INFO] detector: Window info set — origin=(0, 33)  size=1512x884  scale=1.0
2026-06-02 20:54:53,852 [INFO] detector: Window info set — origin=(0, 33)  size=1512x884  scale=1.0
2026-06-02 20:54:54,357 [INFO] detector: Window info set — origin=(0, 33)  size=1512x884  scale=1.0
2026-06-02 20:54:54,859 [INFO] detector: Window info set — origin=(0, 33)  size=1512x884  scale=1.0
2026-06-02 20:54:55,364 [INFO] detector: Window info set — origin=(0, 33)  size=1512x884  scale=1.0
2026-06-02 20:54:55,866 [INFO] detector: Window info set — origin=(0, 33)  size=1512x884  scale=1.0
2026-06-02 20:54:56,369 [INFO] detector: Window info set — origin=(0, 33)  size=1512x884  scale=1.0
2026-06-02 20:54:56,873 [INFO] detector: Window info set — origin=(0, 33)  size=1512x884  scale=1.0
2026-06-02 20:54:57,376 [INFO] detector: Window info set — origin=(0, 33)  size=1512x884  scale=1.0
2026-06-02 20:54:57,882 [INFO] detector: Window info set — origin=(0, 33)  size=1512x884  scale=1.0
2026-06-02 20:54:58,386 [INFO] detector: Window info set — origin=(0, 33)  size=1512x884  scale=1.0
2026-06-02 20:54:58,891 [INFO] detector: Window info set — origin=(0, 33)  size=1512x884  scale=1.0
2026-06-02 20:54:59,393 [INFO] detector: Window info set — origin=(0, 33)  size=1512x884  scale=1.0
2026-06-02 20:54:59,898 [INFO] detector: Window info set — origin=(0, 33)  size=1512x884  scale=1.0
2026-06-02 20:55:00,401 [INFO] detector: Window info set — origin=(0, 33)  size=1512x884  scale=1.0
2026-06-02 20:55:00,903 [INFO] detector: Window info set — origin=(0, 33)  size=1512x884  scale=1.0
2026-06-02 20:55:01,406 [INFO] detector: Window info set — origin=(0, 33)  size=1512x884  scale=1.0
2026-06-02 20:55:01,910 [INFO] detector: Window info set — origin=(0, 33)  size=1512x884  scale=1.0
2026-06-02 20:55:02,415 [INFO] detector: Window info set — origin=(0, 33)  size=1512x884  scale=1.0
2026-06-02 20:55:02,918 [INFO] detector: Window info set — origin=(0, 33)  size=1512x884  scale=1.0
2026-06-02 20:55:03,422 [INFO] detector: Window info set — origin=(0, 33)  size=1512x884  scale=1.0
2026-06-02 20:55:03,925 [INFO] detector: Window info set — origin=(0, 33)  size=1512x884  scale=1.0
2026-06-02 20:55:04,431 [INFO] detector: Window info set — origin=(0, 33)  size=1512x884  scale=1.0
2026-06-02 20:55:04,934 [INFO] detector: Window info set — origin=(0, 33)  size=1512x884  scale=1.0
2026-06-02 20:55:05,439 [INFO] detector: Window info set — origin=(0, 33)  size=1512x884  scale=1.0
2026-06-02 20:55:05,941 [INFO] detector: Window info set — origin=(0, 33)  size=1512x884  scale=1.0
2026-06-02 20:55:06,444 [INFO] detector: Window info set — origin=(0, 33)  size=1512x884  scale=1.0
2026-06-02 20:55:06,950 [INFO] detector: Window info set — origin=(0, 33)  size=1512x884  scale=1.0
2026-06-02 20:55:07,457 [INFO] detector: Window info set — origin=(0, 33)  size=1512x884  scale=1.0
2026-06-02 20:55:07,960 [INFO] detector: Window info set — origin=(0, 33)  size=1512x884  scale=1.0
2026-06-02 20:55:08,466 [INFO] detector: Window info set — origin=(0, 33)  size=1512x884  scale=1.0
2026-06-02 20:55:08,969 [INFO] detector: Window info set — origin=(0, 33)  size=1512x884  scale=1.0
2026-06-02 20:55:09,473 [INFO] detector: Window info set — origin=(0, 33)  size=1512x884  scale=1.0
2026-06-02 20:55:09,976 [INFO] detector: Window info set — origin=(0, 33)  size=1512x884  scale=1.0
2026-06-02 20:55:10,478 [INFO] detector: Window info set — origin=(0, 33)  size=1512x884  scale=1.0
2026-06-02 20:55:10,981 [INFO] detector: Window info set — origin=(0, 33)  size=1512x884  scale=1.0
2026-06-02 20:55:11,484 [INFO] detector: Window info set — origin=(0, 33)  size=1512x884  scale=1.0
2026-06-02 20:55:11,986 [INFO] detector: Window info set — origin=(0, 33)  size=1512x884  scale=1.0
2026-06-02 20:55:12,489 [INFO] detector: Window info set — origin=(0, 33)  size=1512x884  scale=1.0
2026-06-02 20:55:12,990 [INFO] detector: Window info set — origin=(0, 33)  size=1512x884  scale=1.0
2026-06-02 20:55:13,492 [INFO] detector: Window info set — origin=(0, 33)  size=1512x884  scale=1.0
2026-06-02 20:55:13,998 [INFO] detector: Window info set — origin=(0, 33)  size=1512x884  scale=1.0
2026-06-02 20:55:14,500 [INFO] detector: Window info set — origin=(0, 33)  size=1512x884  scale=1.0
2026-06-02 20:55:15,003 [INFO] detector: Window info set — origin=(0, 33)  size=1512x884  scale=1.0
2026-06-02 20:55:15,507 [INFO] detector: Window info set — origin=(0, 33)  size=1512x884  scale=1.0
2026-06-02 20:55:16,010 [INFO] detector: Window info set — origin=(0, 33)  size=1512x884  scale=1.0
2026-06-02 20:55:16,514 [INFO] detector: Window info set — origin=(0, 33)  size=1512x884  scale=1.0
2026-06-02 20:55:17,016 [INFO] detector: Window info set — origin=(0, 33)  size=1512x884  scale=1.0
2026-06-02 20:55:17,519 [INFO] detector: Window info set — origin=(0, 33)  size=1512x884  scale=1.0
2026-06-02 20:55:18,023 [INFO] detector: Window info set — origin=(0, 33)  size=1512x884  scale=1.0
2026-06-02 20:55:18,526 [INFO] detector: Window info set — origin=(0, 33)  size=1512x884  scale=1.0
2026-06-02 20:55:19,031 [INFO] detector: Window info set — origin=(0, 33)  size=1512x884  scale=1.0
2026-06-02 20:55:19,535 [INFO] detector: Window info set — origin=(0, 33)  size=1512x884  scale=1.0
2026-06-02 20:55:20,041 [INFO] detector: Window info set — origin=(0, 33)  size=1512x884  scale=1.0
2026-06-02 20:55:20,544 [INFO] detector: Window info set — origin=(0, 33)  size=1512x884  scale=1.0
2026-06-02 20:55:21,047 [INFO] detector: Window info set — origin=(0, 33)  size=1512x884  scale=1.0
2026-06-02 20:55:21,550 [INFO] detector: Window info set — origin=(0, 33)  size=1512x884  scale=1.0
2026-06-02 20:55:22,053 [INFO] detector: Window info set — origin=(0, 33)  size=1512x884  scale=1.0
2026-06-02 20:55:22,557 [INFO] detector: Window info set — origin=(0, 33)  size=1512x884  scale=1.0
2026-06-02 20:55:23,060 [INFO] detector: Window info set — origin=(0, 33)  size=1512x884  scale=1.0
2026-06-02 20:55:23,566 [INFO] detector: Window info set — origin=(0, 33)  size=1512x884  scale=1.0
2026-06-02 20:55:24,068 [INFO] detector: Window info set — origin=(0, 33)  size=1512x884  scale=1.0
2026-06-02 20:55:24,572 [INFO] detector: Window info set — origin=(0, 33)  size=1512x884  scale=1.0
2026-06-02 20:55:25,073 [INFO] detector: Window info set — origin=(0, 33)  size=1512x884  scale=1.0
2026-06-02 20:55:25,576 [INFO] detector: Window info set — origin=(0, 33)  size=1512x884  scale=1.0
2026-06-02 20:55:26,082 [INFO] detector: Window info set — origin=(0, 33)  size=1512x884  scale=1.0
2026-06-02 20:55:26,584 [INFO] detector: Window info set — origin=(0, 33)  size=1512x884  scale=1.0
2026-06-02 20:55:27,089 [INFO] detector: Window info set — origin=(0, 33)  size=1512x884  scale=1.0
2026-06-02 20:55:27,591 [INFO] detector: Window info set — origin=(0, 33)  size=1512x884  scale=1.0
2026-06-02 20:55:28,094 [INFO] detector: Window info set — origin=(0, 33)  size=1512x884  scale=1.0
2026-06-02 20:55:28,598 [INFO] detector: Window info set — origin=(0, 33)  size=1512x884  scale=1.0
2026-06-02 20:55:29,101 [INFO] detector: Window info set — origin=(0, 33)  size=1512x884  scale=1.0
2026-06-02 20:55:29,608 [INFO] detector: Window info set — origin=(0, 33)  size=1512x884  scale=1.0
2026-06-02 20:55:30,110 [INFO] detector: Window info set — origin=(0, 33)  size=1512x884  scale=1.0
2026-06-02 20:55:30,615 [INFO] detector: Window info set — origin=(0, 33)  size=1512x884  scale=1.0
2026-06-02 20:55:31,118 [INFO] detector: Window info set — origin=(0, 33)  size=1512x884  scale=1.0
2026-06-02 20:55:31,625 [INFO] detector: Window info set — origin=(0, 33)  size=1512x884  scale=1.0
2026-06-02 20:55:32,127 [INFO] detector: Window info set — origin=(0, 33)  size=1512x884  scale=1.0
2026-06-02 20:55:32,632 [INFO] detector: Window info set — origin=(0, 33)  size=1512x884  scale=1.0
2026-06-02 20:55:33,135 [INFO] detector: Window info set — origin=(0, 33)  size=1512x884  scale=1.0
2026-06-02 20:55:33,640 [INFO] detector: Window info set — origin=(0, 33)  size=1512x884  scale=1.0
2026-06-02 20:55:34,143 [INFO] detector: Window info set — origin=(0, 33)  size=1512x884  scale=1.0
2026-06-02 20:55:34,648 [INFO] detector: Window info set — origin=(0, 33)  size=1512x884  scale=1.0
2026-06-02 20:55:35,151 [INFO] detector: Window info set — origin=(0, 33)  size=1512x884  scale=1.0
2026-06-02 20:55:35,655 [INFO] detector: Window info set — origin=(0, 33)  size=1512x884  scale=1.0
2026-06-02 20:55:36,159 [INFO] detector: Window info set — origin=(0, 33)  size=1512x884  scale=1.0
2026-06-02 20:55:36,666 [INFO] detector: Window info set — origin=(0, 33)  size=1512x884  scale=1.0
2026-06-02 20:55:37,169 [INFO] detector: Window info set — origin=(0, 33)  size=1512x884  scale=1.0
2026-06-02 20:55:37,672 [INFO] detector: Window info set — origin=(0, 33)  size=1512x884  scale=1.0
2026-06-02 20:55:38,175 [INFO] detector: Window info set — origin=(0, 33)  size=1512x884  scale=1.0
2026-06-02 20:55:38,678 [INFO] detector: Window info set — origin=(0, 33)  size=1512x884  scale=1.0
2026-06-02 20:55:39,180 [INFO] detector: Window info set — origin=(0, 33)  size=1512x884  scale=1.0
2026-06-02 20:55:39,683 [INFO] detector: Window info set — origin=(0, 33)  size=1512x884  scale=1.0
2026-06-02 20:55:40,185 [INFO] detector: Window info set — origin=(0, 33)  size=1512x884  scale=1.0
2026-06-02 20:55:40,689 [INFO] detector: Window info set — origin=(0, 33)  size=1512x884  scale=1.0
2026-06-02 20:55:41,193 [INFO] detector: Window info set — origin=(0, 33)  size=1512x884  scale=1.0
2026-06-02 20:55:41,699 [INFO] detector: Window info set — origin=(0, 33)  size=1512x884  scale=1.0
2026-06-02 20:55:42,203 [INFO] detector: Window info set — origin=(0, 33)  size=1512x884  scale=1.0
2026-06-02 20:55:42,705 [INFO] detector: Window info set — origin=(0, 33)  size=1512x884  scale=1.0
2026-06-02 20:55:43,207 [INFO] detector: Window info set — origin=(0, 33)  size=1512x884  scale=1.0
2026-06-02 20:55:43,710 [INFO] detector: Window info set — origin=(0, 33)  size=1512x884  scale=1.0
2026-06-02 20:55:44,215 [INFO] detector: Window info set — origin=(0, 33)  size=1512x884  scale=1.0
2026-06-02 20:55:44,717 [INFO] detector: Window info set — origin=(0, 33)  size=1512x884  scale=1.0
2026-06-02 20:55:45,224 [INFO] detector: Window info set — origin=(0, 33)  size=1512x884  scale=1.0
2026-06-02 20:55:45,726 [INFO] detector: Window info set — origin=(0, 33)  size=1512x884  scale=1.0
2026-06-02 20:55:46,232 [INFO] detector: Window info set — origin=(0, 33)  size=1512x884  scale=1.0
2026-06-02 20:55:46,735 [INFO] detector: Window info set — origin=(0, 33)  size=1512x884  scale=1.0
2026-06-02 20:55:47,238 [INFO] detector: Window info set — origin=(0, 33)  size=1512x884  scale=1.0
2026-06-02 20:55:47,741 [INFO] detector: Window info set — origin=(0, 33)  size=1512x884  scale=1.0
2026-06-02 20:55:48,243 [INFO] detector: Window info set — origin=(0, 33)  size=1512x884  scale=1.0
2026-06-02 20:55:48,748 [INFO] detector: Window info set — origin=(0, 33)  size=1512x884  scale=1.0
2026-06-02 20:55:49,250 [INFO] detector: Window info set — origin=(0, 33)  size=1512x884  scale=1.0
2026-06-02 20:55:49,755 [INFO] detector: Window info set — origin=(0, 33)  size=1512x884  scale=1.0
2026-06-02 20:55:50,257 [INFO] detector: Window info set — origin=(0, 33)  size=1512x884  scale=1.0
2026-06-02 20:55:50,759 [INFO] detector: Window info set — origin=(0, 33)  size=1512x884  scale=1.0
2026-06-02 20:55:51,261 [INFO] detector: Window info set — origin=(0, 33)  size=1512x884  scale=1.0
2026-06-02 20:55:51,764 [INFO] detector: Window info set — origin=(0, 33)  size=1512x884  scale=1.0
2026-06-02 20:55:52,266 [INFO] detector: Window info set — origin=(0, 33)  size=1512x884  scale=1.0
2026-06-02 20:55:52,769 [INFO] detector: Window info set — origin=(0, 33)  size=1512x884  scale=1.0
2026-06-02 20:55:53,272 [INFO] detector: Window info set — origin=(0, 33)  size=1512x884  scale=1.0
2026-06-02 20:55:53,774 [INFO] detector: Window info set — origin=(0, 33)  size=1512x884  scale=1.0
2026-06-02 20:55:54,277 [INFO] detector: Window info set — origin=(0, 33)  size=1512x884  scale=1.0
2026-06-02 20:55:54,781 [INFO] detector: Window info set — origin=(0, 33)  size=1512x884  scale=1.0
2026-06-02 20:55:55,285 [INFO] detector: Window info set — origin=(0, 33)  size=1512x884  scale=1.0
2026-06-02 20:55:55,789 [INFO] detector: Window info set — origin=(0, 33)  size=1512x884  scale=1.0
2026-06-02 20:55:56,292 [INFO] detector: Window info set — origin=(0, 33)  size=1512x884  scale=1.0
2026-06-02 20:55:56,798 [INFO] detector: Window info set — origin=(0, 33)  size=1512x884  scale=1.0
2026-06-02 20:55:57,300 [INFO] detector: Window info set — origin=(0, 33)  size=1512x884  scale=1.0
2026-06-02 20:55:57,803 [INFO] detector: Window info set — origin=(0, 33)  size=1512x884  scale=1.0
